,feature,coefficient
1,adjusted_average_bert_pred_prob_pos,11.912290335626743
4,console_GameCube,1.2201601883754691
20092,story,0.9144524215718436
7433,expansion,0.8992421348180443
15762,players,0.7545242213870622
18985,sims,0.7440350389045527
3497,car,0.7222302204454049
16,console_Xbox,0.7191251765579572
7991,final,0.7171877685718168
6896,empire,0.7096508476316749
15225,past,0.709418502390557
14029,need,0.7060441929646055
13,console_PlayStation Portable,0.7027598103285689
15033,pack,0.6989494500763532
2340,battles,0.686558220640739
8759,gamers,0.6847951490217304
15289,pc,0.6715152019670548
17566,returns,0.6649214538091377
13519,monsters,0.6585175016358914
8747,gameplay,0.6511821656585618
5835,destroy,0.6431344974677838
18208,save,0.6409192343501934
7686,family,0.6338826123179582
23488,worlds,0.6332434972263852
9936,hero,0.626938844544665
20147,strategy,0.6254797641624139
9256,graphics,0.6072635487234082
18464,secrets,0.6058283377843211
958,advanced,0.580369140927744
1118,air,0.5762380321323719
898,additional,0.5579572183128267
22606,vehicles,0.5524526390622145
3825,characters,0.5507391183740213
12665,make,0.5475379039263905
13126,metal,0.5464562352108364
6841,elite,0.5287499550151246
9573,halo,0.5028419481616303
5407,dangerous,0.49530951447080585
7484,explore,0.494405503261046
21610,tracks,0.49416216440881366
16601,puzzles,0.4922455098882279
690,able,0.4919373264870778
10666,included,0.4816275664198247
16789,rainbow,0.47736011533468814
18625,seven,0.4728924002677646
22929,want,0.47191424272938126
7296,everquest,0.46647770888908313
21573,tournament,0.4628206008321673
9468,guitar,0.45720532840244826
4228,clues,0.45666745301815326
3419,campaigns,0.45306932784895204
16784,railroad,0.451971077717439
8294,force,0.45162175984646147
5855,details,0.45069892639012166
23469,world,0.4504429917399767
10490,iii,0.44949508559784973
414,360,0.44916883234608423
7963,fighting,0.4487520641619748
824,action,0.4485404017543412
22950,warfare,0.4472918797416257
12696,man,0.44614936188701926
13865,mystery,0.4456501840766249
6478,drive,0.4455171244903726
5631,defense,0.44121051575334647
2177,ball,0.4401207282365495
15416,person,0.43924099964061425
3575,cars,0.43719346845327495
18126,sam,0.43606699722206743
10670,includes,0.4326150577225033
13880,mythology,0.4305750043728341
15165,paris,0.4299805623550932
6637,ea,0.4286420889299882
9230,grand,0.4263690393600943
17498,restaurant,0.42457184757107413
7149,epic,0.42417232666321286
2059,awardwinning,0.422995039585556
1841,assume,0.42219406756152517
22988,wars,0.4218764575708731
13668,moves,0.4217980704370826
1051,age,0.41757266170300633
2857,bond,0.4169801869693451
2923,boss,0.41631801762523873
14200,nintendosforsalecom,0.4161885250108636
20620,sword,0.4101325941854228
22243,unleash,0.40952030100711667
11870,landing,0.40877356629698763
19743,sports,0.4067734369331931
18964,simcity,0.40558544645331596
13372,missions,0.40494138796520707
4764,continues,0.403735369268677
15618,pirates,0.4028571878710698
1228,allows,0.40260082342959397
9953,hes,0.40160417206253185
6978,enemies,0.4003265573887263
22871,vs,0.39948102827100085
17076,red,0.39840736352843886
8981,ghosts,0.39823316765801475
21648,training,0.3975875895977029
7722,far,0.3970354065395037
23291,wild,0.39677940369692366
2870,bonus,0.3967415701841706
10024,highly,0.39585911225917925
3974,choice,0.3950527414048138
4984,courses,0.3947112261071566
17584,revenge,0.3898363922784307
1999,auto,0.3894545448800314
10951,installment,0.38905367451491607
6487,drivers,0.38878700502778496
21586,town,0.38801655172981775
20798,task,0.38082162644255946
10375,hundreds,0.3797954682722188
21988,types,0.37828419420691456
15825,plenty,0.3769066765415381
6396,dragons,0.3766941020922492
12345,locations,0.3752461257059888
6493,driving,0.37517278606636506
8862,gear,0.37477765708886834
17846,role,0.371882529180902
1120,airborne,0.37093135112202397
20950,tennis,0.37091751111282456
12669,makes,0.37062755580702594
22569,various,0.3675550079933825
8834,gate,0.36718352789005887
12300,live,0.36473016285212195
14197,nintendo,0.36406030247521454
13819,music,0.3636709387243188
13863,mysterious,0.3636010146702005
17302,remote,0.35848833047396894
3280,business,0.3566987981039983
14113,neverwinter,0.3561218017864157
9560,halflife,0.3555990583060152
22285,unravel,0.3554978617828568
18648,shadow,0.35392942149459006
18487,seek,0.3533958506177111
1251,alpha,0.3520165547862322
12241,line,0.3515068018026731
13909,nancy,0.35055242418847277
6901,empires,0.3493959108574163
20698,tactics,0.3471209212253026
825,actionadventure,0.3469052869270203
5517,death,0.3454766205433454
10910,innovative,0.34526993846461507
21179,things,0.3430158954195036
4842,cooperative,0.34233945120099035
17611,revolution,0.3423310023820036
2174,baldurs,0.34081172560237794
22794,visual,0.3406439448413723
22702,victory,0.3398938563500627
2968,box,0.33626321185960534
272,2003,0.3361652472134498
18447,second,0.335019495656691
13986,nba,0.33488625002272643
10358,humanity,0.3345803024296887
11765,kombat,0.3343191560435719
11228,island,0.3335825170611575
21233,threatens,0.3334042213465326
22981,warrior,0.33225131056741175
23502,worms,0.3316728718631168
1213,allied,0.3305674519475686
3890,check,0.330149952791462
9436,guaranteed,0.329016201297138
22942,warcraft,0.3290005817923623
1700,armed,0.32785380321973595
13500,monkey,0.3274200963660161
10254,horse,0.326734514840187
7208,escape,0.32622315522708567
21175,thieves,0.32523151279168955
16817,rampage,0.3252054777890622
7714,fantasy,0.32412153258835263
22715,vietnam,0.32384691014206873
2,console_Game Boy Advance,0.3238306833859563
21005,tested,0.3235539360374057
13430,models,0.3232967553640838
9717,harsh,0.32317670021899136
18270,scenes,0.3221129129489173
22740,village,0.32156499431964164
22481,utilize,0.321368632599107
21859,truth,0.32112471975050283
15375,performance,0.3204041523301951
8337,forgotten,0.3197044203211733
15044,packs,0.3190734872113169
6136,disposal,0.31889433124705013
13590,mortal,0.31879112770265045
5900,devil,0.3178346369447313
5275,cup,0.3172709131725597
21951,twisted,0.31697995314512756
16015,possible,0.31642335817460815
21723,treasures,0.31582822730267035
18161,sands,0.3153684471887858
12253,lines,0.31469304771099377
13244,military,0.31464368262709735
5183,cross,0.3144672949237452
8655,future,0.314123270813301
2875,book,0.3133235359670335
10538,imagine,0.3132170192905569
12042,legendary,0.3127652358737101
1459,animations,0.3124642270540441
6021,direct,0.31180343294266405
22909,wall,0.3116908716643384
12835,marvel,0.31151493220638216
261,2000,0.3105638394151981
4785,control,0.3102779233939331
9983,high,0.30949331333607183
20737,tale,0.3083258107841871
8054,firstperson,0.30763232507886035
9065,global,0.3064181643279928
16965,realtime,0.30629827755038447
9453,guests,0.30530006752434075
21631,traffic,0.3045756214260439
12264,link,0.30443813974592643
1807,assassins,0.30362203721556036
14141,nextgeneration,0.3028464788497283
3160,brutal,0.3024854392435009
9715,harry,0.30125314800361186
2291,bass,0.3006589154341695
15838,plot,0.30041270973419126
12023,leaving,0.30038604024031973
16596,puzzle,0.29961085094607415
4762,continue,0.29952597821106697
14785,option,0.29952078198074855
20734,taking,0.29891482714778855
2393,beautiful,0.2968159133355167
8340,form,0.296457555318745
1183,alien,0.2960502019643707
0,price_normalised,0.2959704478786335
11014,intensity,0.2956699210262729
5122,creed,0.2951023112177516
6735,edition,0.29492630412599097
12789,mario,0.2948573590596438
16231,prey,0.2945766567435405
23183,west,0.2945615653057648
21758,tribes,0.2940603722173969
7827,features,0.2935055263399674
2748,blood,0.29275809189742696
2327,battlefront,0.29275384315369146
20476,supported,0.29159755052174263
11022,interact,0.2915101079003599
23514,worst,0.29138795428867265
9463,guild,0.29134686532750426
4553,computer,0.2910097830919169
7547,extraordinary,0.29051753220487464
21541,total,0.2901050854050866
17476,resources,0.28937706204055524
20849,teambased,0.2868863752988208
7563,eye,0.2867393860452967
21589,towns,0.2863050867900768
18413,seals,0.286221960680598
1224,allout,0.2861064379793815
314,2142,0.2856832949347005
5808,designer,0.2856252407043026
4629,confront,0.2852590523490484
18500,sega,0.28508765362639193
7980,film,0.28464688360231827
1314,america,0.2832572223112773
7532,extermination,0.2819130762416087
8789,gaming,0.28183740356061987
21488,tony,0.28149977629002687
13854,mvp,0.2810712897474384
15957,popular,0.2802819567639196
5694,delivers,0.27968014315282885
10241,horrific,0.2790998165377833
13952,nations,0.2790128403230273
1507,anticipated,0.2788232377877828
8019,finish,0.27879672298995073
16254,prince,0.27852298262085784
16188,presents,0.27794851841326795
7778,fate,0.2778345267952408
11917,largest,0.27733959095344257
7668,fallout,0.2771794253564905
8373,forward,0.2771079959272423
14179,nights,0.2765622454920666
3710,cell,0.27563430501671154
17463,resistance,0.27539279945049905
7225,espn,0.27425854813568595
3608,casino,0.2741629994985269
19264,small,0.2737467837901607
5115,creatures,0.2734818939264896
17856,roll,0.2721634634290551
18509,select,0.2713055393078506
18609,setting,0.2709228041382002
7665,fall,0.27082048185780083
20403,sun,0.2708123875802805
1033,africa,0.2706318973812202
5860,detective,0.27023060029729334
19948,station,0.2692885580271283
21082,theft,0.2689588598982658
18733,sherlock,0.26863937793999054
5772,depth,0.2682305412984854
20486,sure,0.26820224456700836
14330,north,0.26797665463842724
5802,design,0.26762829505143615
21850,truly,0.2675378947762905
3212,buildings,0.2659383163150938
3594,cartridge,0.265438700696788
14791,orange,0.2647938443553033
5138,crime,0.2646571587647368
17038,recommended,0.2644085223870241
447,3rd,0.2640385524508701
5807,designed,0.26392782061591785
789,accurately,0.26373578823843563
5460,davis,0.26291730587757345
19945,states,0.2628224249102065
22448,used,0.2625714004599099
1927,attention,0.2622701534572613
6765,efforts,0.26169426935303053
10554,immerse,0.2611882826116446
20570,swat,0.26081062656483767
3267,burnout,0.26079231315764734
21422,titan,0.26003744885250313
16053,power,0.2599750910278666
3633,catacombs,0.25965952085365
22451,user,0.2594295573218918
11897,larger,0.2589752505617854
19530,soviet,0.25878710436558383
4039,cinematic,0.2585835062345409
18749,shifts,0.25848821951616757
19257,sly,0.2582812190136092
13610,motion,0.25815614840899975
17840,roger,0.25676634689706485
17335,renowned,0.25651264244510014
1659,area,0.25647907593125563
4203,closer,0.2564463951525195
1669,arent,0.25564111787231947
9759,hawk,0.2547717928365902
14195,ninja,0.25433959531913386
13040,meleestyle,0.2539382652555018
8556,frozen,0.253471065233301
1432,angels,0.25330256834675197
7425,exotic,0.25323585534979093
893,addictive,0.2529045227761187
19344,snowboarding,0.2527516569853365
6665,earths,0.2527316970078803
10695,incredible,0.2526175665848547
12850,mask,0.2522842675088266
8423,frame,0.2518195719250204
10384,hunter,0.2516369334331875
21584,towers,0.2514129005408344
15208,pass,0.2514113940931403
8799,gang,0.2504195338971145
18292,school,0.2502662653000539
12919,max,0.2501533304216887
9969,hidden,0.2496815444347427
5753,depending,0.2486208447287865
21915,turok,0.24844311520667342
722,abyss,0.2480063528935582
17575,revealed,0.24706875041915172
13979,navy,0.24682554224639042
16927,read,0.24664195090132363
890,added,0.24593047788239172
13235,miles,0.24573633488811258
14704,online,0.24568602394469038
275,2004,0.24466253783255382
12003,leads,0.24447977073342148
20475,support,0.24382077518206002
18064,sacred,0.2436585094340124
7249,eternity,0.24363075959585045
16711,racer,0.24338889242879005
19894,stands,0.2431949825610289
19380,socom,0.2428745874470872
15698,planning,0.24218535125661864
3144,brought,0.24202408686542365
19231,slow,0.24201420784510383
14812,ordinary,0.24132149493694569
17864,rolling,0.2411680050390164
17694,rifle,0.24086329163853576
17813,rock,0.24052628909611803
8723,gamecube,0.2399628120646538
14732,open,0.23984452803171172
10272,hostile,0.23946557727424256
6578,dungeons,0.2394068080122991
22401,upgrades,0.23877156557212464
21559,tough,0.23870783461150138
17020,recipes,0.2386056464171304
55,07,0.2384036485580779
14165,night,0.23830794585227755
14013,necessary,0.2382580513076486
17805,robopon,0.238178713565689
17750,rising,0.2380339506708142
19371,social,0.23787488567480947
12102,lets,0.23767844495640966
13018,meet,0.2372218123642413
14130,news,0.2371725918859016
4137,cleaned,0.23687589346723578
20420,super,0.23658237974201374
3523,care,0.23652790489016012
19809,square,0.23642362963902014
15202,parts,0.23579161577028854
4303,cold,0.23545568485402124
7752,fast,0.2353340808662206
17577,reveals,0.23510034431729523
11893,laras,0.2350646679566164
17237,released,0.23399198059647086
8826,garrett,0.23395121252981368
17062,recreates,0.2330501501180639
7666,fallen,0.23239494587355988
23497,worldwide,0.23212645427420436
10054,highway,0.23198301918243383
4171,climax,0.2316652286897291
18502,segas,0.2315358303356389
751,accessories,0.2314544391168655
1704,armor,0.23078937036029473
22594,vegas,0.2303963838153582
22394,updated,0.23035994029746035
9229,gran,0.23015434101828774
10161,hollywood,0.2298493811977643
8002,finding,0.22960497530438248
7429,expanded,0.22946347711683343
21228,threat,0.2293882524513943
16182,presentation,0.22925726216316425
8398,fourplayer,0.22868953908400416
11733,knight,0.22845851789813118
2701,blend,0.22799743830876754
5812,designs,0.2279922554730089
16869,ratchet,0.22770284340806216
13999,nearly,0.227557205269
7376,exclusively,0.22755033007839232
14701,onimusha,0.22742032906198514
12749,manual,0.22726341745544187
17471,resort,0.22693501822807347
4955,counterstrike,0.22689726639286323
9199,government,0.22670460950520135
8917,genre,0.22653672173914685
4104,clancys,0.22653379941180607
2691,blazing,0.22629207566205223
8098,flags,0.2256405437073377
5602,deep,0.22494360643217465
17986,ruler,0.2248438681303997
23721,youll,0.22448756417682333
13427,modeled,0.22434663102704905
7132,environmental,0.2241872795945402
21898,turismo,0.22381525588634635
20142,strategies,0.22373859164987125
22777,visceral,0.22336183360651576
23822,zone,0.22318725961073543
13273,mind,0.2231614117516328
17678,ride,0.2231261956217185
8561,frustrating,0.22309380033564058
4986,court,0.22289803591330576
23464,workout,0.2228474451411434
6985,enemy,0.2228196168695327
5292,curse,0.22249469422633458
12595,macpherson,0.2215315594311526
9510,gus,0.2215315594311526
3814,chapters,0.22132840351933558
10258,horses,0.22112723058999997
15623,pit,0.22092706747122648
12038,legacy,0.22079315147803139
21581,tower,0.22078650049385704
6014,diplomacy,0.22076022659649921
9025,giving,0.22074358047193515
7810,feared,0.22062246894559
6357,download,0.22037502855407806
13860,myst,0.2200531305031606
15588,pinball,0.21993618605908793
21188,thirdperson,0.21941460671077845
16962,realms,0.21890265364530437
22050,umbrella,0.2179863005565778
16002,positions,0.21793352152069442
1462,anime,0.21779707150381433
3804,channel,0.21773500127427628
16437,provide,0.217698386977782
4396,combos,0.21741068700724925
7124,entry,0.21675265764903875
3776,challenges,0.21657617449685498
14295,nonlinear,0.2164012521603956
6460,drew,0.2161922886466082
23264,wide,0.21579260060301797
20515,surrounding,0.21560565906441076
18372,screens,0.21556791823971508
14062,nemo,0.2154226991306063
17404,reputation,0.2151612818662716
8464,freedom,0.21473932449020397
22257,unlockable,0.2145925593907184
23071,weapon,0.21412190646547266
16455,ps3,0.21401512628249852
22298,unrelenting,0.2133842776084692
18600,service,0.2133814930216231
5888,develop,0.213228700506136
10245,horror,0.2127234493632273
7574,eyetoy,0.21266966832533574
23566,wrong,0.21263468165185032
22771,virtua,0.21257285286577765
259,20,0.21257200971915746
16932,reading,0.21247986256751691
1953,atv,0.21171495294589912
13415,mob,0.21168701753721922
2440,behavior,0.21146159484262594
12616,mafia,0.21145864242577578
17887,rookie,0.21129844053282962
17752,risk,0.2112146526583257
793,ace,0.21116054510878196
22458,users,0.2107420901370243
11695,kind,0.2104355356225608
18297,schools,0.21042499119282326
4531,components,0.21027519960770974
10857,ingame,0.2101966191560508
18228,scale,0.21018675194158895
5377,dale,0.21017914423034026
17485,respond,0.20997883582742766
13645,mountain,0.2092883637675456
11150,inventory,0.20922371621985084
12083,leon,0.20914809153432126
3492,captured,0.20851864433889428
21256,thrilling,0.2080354307119522
12734,mankind,0.20778219329750425
16042,potter,0.2075368727773104
2585,bigtime,0.2070929252166198
7588,fable,0.20676785980641077
14309,nonstop,0.2067108568676324
19022,singleplayer,0.20631870475803704
10281,hotel,0.2060644108286819
8364,fortress,0.20521713158334287
7694,famous,0.20471425342785413
11543,kain,0.20463152672430354
22273,unparalleled,0.2044088871529749
1839,assortment,0.20431059678725422
9939,heroes,0.2041828168882754
21475,tommy,0.20391226617660768
16114,precision,0.20388035156765355
23009,watch,0.20387059725203577
9638,handtohand,0.20381784362384572
20680,tabletop,0.20368830577775462
3549,carnage,0.2034837089763182
16897,raw,0.2034067663984087
17812,robust,0.2033316338403154
17574,reveal,0.20331900194805377
16842,ranking,0.20324569629446243
19496,souls,0.20298332764527405
17359,replay,0.20265859106841452
4624,conflicts,0.20238004716052413
12139,liberty,0.20236743137482557
6501,drop,0.20216881017525934
3607,cash,0.20215976158681168
4846,coordinate,0.20179542325299474
22953,warfighter,0.20178560851046554
23818,zombie,0.20099447072149318
8004,finds,0.2009847643646222
19931,starting,0.20098132614147105
21941,twice,0.20071590279360682
3210,building,0.2006963980775337
11869,landers,0.2005245766071939
11676,killed,0.200171144333925
21903,turn,0.20010660043443534
2286,basketball,0.20001954228609853
17259,relive,0.19986221201794466
9756,havoc,0.1997941268493735
15519,physics,0.19978383307715364
10959,instant,0.19970841356744584
9895,hells,0.19932567625551684
12137,liberation,0.19932185581673798
5259,culinary,0.19928434343638982
8268,food,0.19909438125826293
11702,kingdom,0.19864169162053447
10364,humans,0.19845177694256658
3491,capture,0.19828123113329513
2066,awesome,0.1980527086329862
5625,defend,0.19798775977955432
10183,homes,0.19754518711496058
198,1930s,0.1974611695790075
1805,assassination,0.19724582293712736
5048,crash,0.19715239667044732
5698,delta,0.19714088479170788
21424,titans,0.1970487141970458
5707,demands,0.19677175151655488
14752,operation,0.1966797457382777
1498,anthology,0.1966029566357206
4390,combines,0.19645097831936667
22761,violent,0.1962993357479964
6310,door,0.19622905200297508
17920,round,0.19585038955062695
11318,james,0.19576139593010233
19691,spinetingling,0.1957500184449033
7086,entertainment,0.19563195808345527
15387,period,0.19547827799365797
19953,stats,0.19526412078421487
9601,hand,0.19484224740646017
6648,earlier,0.19477576663811602
12902,matters,0.19476169113763944
23627,xplane,0.19472480949785684
8077,fitness,0.19470722445848976
18382,scroll,0.19467740402532058
17904,rosters,0.19450132006013868
22893,waiting,0.19447643524437064
20205,strogg,0.19446045141020946
9819,heart,0.19425568407864516
11561,karaoke,0.1942512243801698
3666,cause,0.19378620257001045
6536,dual,0.1935757934999413
5109,creativity,0.1935604611746043
22032,ultima,0.19320944144285962
19358,snuff,0.1927436481107496
7110,entirely,0.19259942083182746
5111,creator,0.1925339772960527
22529,value,0.19224143095924298
1227,allowing,0.19217670782111843
19429,solving,0.19215808236048115
18802,shooters,0.1918473352371217
19195,slide,0.1916572788361583
20129,strange,0.19164050341489958
3662,catz,0.19140661745660242
7695,fan,0.1911071138476074
3685,cd,0.19094191506304678
13993,near,0.1907367962789607
2511,berlin,0.1906791128628412
21594,toy,0.19066714326806278
7072,ensure,0.19044530014711378
6067,disc,0.18999424454980052
5461,dawn,0.18977735198572185
19829,ssx,0.18969385935056976
12876,match,0.18950026024417774
19328,sniper,0.18949558475848255
7002,engage,0.1890946018786083
23290,wilco,0.18905776158428472
21787,trip,0.18902071067465068
1694,armada,0.18899536122447066
6733,edit,0.18897932894654296
4416,coming,0.1887644593348395
9016,girl,0.18866952364212874
19425,solve,0.18860211353613665
13901,namco,0.18844007740923996
4700,consoles,0.18841844782262143
21182,think,0.1884133605144221
4054,circus,0.18838248206315733
12341,locate,0.1880988455737116
18333,scores,0.1879666434498877
18962,sim,0.18782636693727173
12717,maneuvers,0.187742324804963
9135,going,0.18747353948089943
22652,veronica,0.1871826961761694
3340,cable,0.18706828251996768
5314,customized,0.18682550275249812
5163,critically,0.18663203174954035
6273,dolphin,0.18654081463503544
843,actionpacked,0.18645470050182383
18017,rush,0.18635041485333098
6262,doing,0.18627926836381986
3786,champions,0.18592813040186026
1705,armored,0.18581835639125596
3430,canadian,0.18552508943191273
11690,killzone,0.18531280396979707
12890,material,0.18530852472965167
7024,enhance,0.18521925370019898
10705,indepth,0.185092803245527
15279,payne,0.1850074831886329
7457,experienced,0.184879578437142
15040,packed,0.18485746793024727
976,adventurers,0.18483440382813052
11750,known,0.1848333260033216
14816,organic,0.1848246634609574
10763,infestations,0.18465458190441733
20975,terrain,0.1846384770886952
5403,dancing,0.18452908252657377
20166,street,0.18452813155643424
16181,present,0.18442510705873452
11937,late,0.1844002914396853
21027,texture,0.18435744989420474
22791,vista,0.18409731914863398
20665,systems,0.18403005077069579
23755,youyou,0.18386393379881663
17011,receivers,0.1837480669812379
1754,artists,0.18357591915661592
823,acting,0.18346103195157043
3260,buried,0.18336188162992406
11923,laser,0.1831665782903694
10500,il2,0.18270761324356818
20881,techniques,0.18249742080519674
21287,thrust,0.18239956851220077
4428,commando,0.18228481907517155
17806,robot,0.18217226161321795
5676,dekes,0.18213838633161167
16657,quest,0.18210408231481692
20693,tactical,0.18203823270067299
18023,russia,0.18203062133945339
7994,finally,0.18180119501018305
3550,carnby,0.18172546386428604
10444,icewind,0.18165198884405984
8867,gears,0.1815687377230248
20085,storm,0.18115944066726927
15615,pirate,0.18105216730696394
957,advance,0.1810333689431937
7960,fighters,0.1809547657427446
4766,continuing,0.18092124280615685
14772,opposition,0.18065684130075607
1749,artificial,0.18044807479559866
5723,demon,0.1803990663651525
18683,shape,0.18022839791014084
395,31,0.1801698461518456
11301,jade,0.1800182784949079
6745,edward,0.1799707739095923
21828,trouble,0.1799695659035343
1748,artifacts,0.17988546138627434
4000,chosen,0.17973769127526967
7460,experiences,0.17972566900664233
14095,network,0.17963260917623566
15247,pathways,0.17954422711790544
7813,fears,0.1795116961580402
17685,ridge,0.17940113150471823
21642,train,0.17926817620710062
6059,disaster,0.17921494572625504
11955,launched,0.17913383722065965
3480,captain,0.17913127629058775
6746,eerie,0.17902473374408692
13209,midway,0.17887717003091347
6881,emily,0.17882302197266176
21307,tiberian,0.17829492971657113
9406,grown,0.1782672630181162
1772,ashley,0.17817775394402793
3620,castle,0.17815660501338315
9018,girls,0.1781448161804125
11585,kate,0.17790009591982955
8040,firepower,0.17774940183357785
14262,nod,0.17773594447795685
16887,ravaged,0.1774445055639272
19360,soaked,0.17744447666332322
4977,courage,0.17737516624170366
23437,wont,0.17733372125800848
17491,responsibility,0.17719039502420855
4504,competitive,0.17709051049839625
6253,dog,0.17700459303903585
15047,pacman,0.17695506464176153
5824,despite,0.17691627852951516
11894,large,0.17683227317425274
8673,gabriel,0.17649614441393774
1733,arrows,0.1764664804450985
23040,wave,0.1763788144017829
10303,house,0.17636445584861515
16454,ps2s,0.1763026369524362
14829,original,0.17625325548342852
20994,terror,0.17616738505981822
10165,holmes,0.1760137959431957
12590,machines,0.17585305164365878
4463,communication,0.1755079018168706
4789,controlled,0.1752074987449147
6451,dreary,0.17483985570288016
17240,relentless,0.17465888278966638
22906,walking,0.17457939550571006
8909,genie,0.17428173855622942
18343,scott,0.17423987568562543
10233,horizons,0.17406964376696135
15461,petz,0.17400601237927432
9310,greater,0.1739175559100903
14563,offering,0.17391728269512782
21368,timeless,0.17374164856511473
14497,obtain,0.17369190089460618
5700,deluxe,0.17367996972994185
20987,terrifying,0.1731397897606372
6227,dni,0.17289716614246578
6314,doors,0.1728823826882814
19511,sounds,0.17279416008713713
12098,lethal,0.17261027489095981
4717,construction,0.17259748348983672
5693,delivering,0.17251600560929453
19440,son,0.1725113569148477
19717,splinter,0.17223072878640705
20800,tasks,0.1719753636734327
22186,unfolds,0.17170290674297228
4063,city,0.17145451509941528
3626,casts,0.17135834421172155
12744,mans,0.17121356588239564
22775,virus,0.17115318607755445
1746,artifact,0.1711382372778573
8861,gdi,0.17112463247155785
6378,dracula,0.17106679347020642
6373,dozen,0.1708275663914478
10702,independence,0.17037392328551157
3869,chase,0.17033620828089438
14320,normal,0.17029621561265332
17562,returned,0.17027431684548583
5889,developed,0.17017677093462272
6705,ecco,0.1700742708130625
18993,simulation,0.17006110114433534
19270,smart,0.17004533207445746
15216,passes,0.17002642877284338
21968,twoplayer,0.1699711988143274
14900,outfits,0.1697438273385219
22964,warlords,0.1697371471467405
3530,carefully,0.1697265906725812
5333,cuttingedge,0.16949720400656978
12391,long,0.16947977215844529
10148,holds,0.16927854563046885
14699,oni,0.16918329151389533
8940,geo,0.16913761495640373
22686,vice,0.16899481373908612
1701,armies,0.1689615161753356
16270,prison,0.16890536022395236
19291,smoke,0.16883980564211154
3225,bullet,0.16872736437137467
4981,course,0.1686874198278064
9384,ground,0.16842768264059
17762,rivalry,0.16802117307571052
23201,wheel,0.16787093499369005
20586,sweet,0.16758256419533057
10463,identity,0.16750695558956835
4996,covenant,0.16739194279130007
16760,rage,0.1672277708077141
14377,novel,0.16694558693919925
10187,homeworld,0.16683845979823483
134,14,0.16674728483805357
4321,collect,0.16668455059401652
6798,elder,0.16659796606138108
8159,flick,0.16656005858333825
12472,lower,0.16644473540129842
23343,winner,0.16631404333442815
7076,enter,0.16602869712247798
8650,fury,0.16586669712518748
16845,ranks,0.16579096691789752
5453,daughter,0.16570357694991575
4913,cortex,0.16560403359855627
3787,championship,0.1655877560789648
2729,blizzard,0.16550883955932932
10899,inner,0.16520455798002873
4009,chronicles,0.1650415304670723
19462,sophisticated,0.16472994054134427
3140,brother,0.1646870295055343
17655,rich,0.16449977855054385
22034,ultimately,0.16428082610965497
11117,introduces,0.16415180653185452
11713,kit,0.16410365892465723
11333,japanese,0.16398215654974888
20753,talset,0.16384442973771512
4332,collectors,0.16376145345058557
2817,body,0.1636495877957843
2991,brain,0.1636436969893074
11182,involves,0.16325565319289398
13028,megami,0.16309190021379738
20958,tensei,0.16309190021379738
14261,nocturne,0.16309190021379738
18755,shin,0.16309190021379738
11712,kiss,0.16302509171645313
10915,input,0.1628214381405777
12988,mechanic,0.16277140643841992
11986,layouts,0.16266702902122612
23368,wisely,0.1625274753695842
13288,minette,0.16244761513176925
9422,gt,0.16231803183628432
6684,easy,0.1621482782139249
6964,endless,0.16207387238070176
3468,capital,0.16191089930616617
8311,foreign,0.16183101794047827
3792,chance,0.1617888982883082
19798,squad,0.16177751364074514
7496,explosions,0.1617494824579009
21493,tools,0.16171546483965127
22058,unable,0.161554838252552
4537,composure,0.16147416232105818
22148,undisputed,0.1614609214681484
14046,negotiate,0.16145339085149346
2880,boom,0.16132995576764317
16629,quake,0.16124195985093223
23340,wings,0.16101973916763276
18411,seal,0.1607613309418741
18640,sgt,0.1606367898241382
3799,changes,0.16050650368393457
18363,scratch,0.16032973214381505
4206,closest,0.16031472040572806
5570,decisions,0.16018426798791774
19663,spheres,0.16013439215606726
4887,corporation,0.15989890703498477
8967,getting,0.15967150228578122
19950,stations,0.1596160322646107
10121,hits,0.1595238126914844
8060,fish,0.15944475925594695
10146,holding,0.15933740947030509
3129,broken,0.15918978938064152
12688,mall,0.158911643247488
688,ability,0.1588652077925954
5459,david,0.1587885425630208
4057,cities,0.15875505545606092
11145,inventions,0.15874974468850678
472,45,0.15867259582356383
2261,barrow,0.15830208144944843
8849,gauntlet,0.15804384796655147
8118,flash,0.15798617696390857
4656,conquer,0.15797877635611535
19803,squadron,0.15746131012815465
4862,cops,0.15727687348958969
5104,creation,0.1572282809565999
10628,improvements,0.15681852912159772
3781,chamber,0.15679145572821027
12002,leading,0.15665244658472455
10556,immerses,0.15649884442328685
14465,objects,0.15643986199259313
9816,hear,0.15628625471446414
10615,impressive,0.15627835192798878
7885,female,0.15624349526422826
21954,twisting,0.1562014556392646
8970,gex,0.1561408927154081
6676,easily,0.15609059098750316
15154,paranormal,0.1560725538364965
11277,ivalice,0.15603429698951318
16394,prophecies,0.15591591614377337
5946,died,0.15583932611098722
10585,imperial,0.15577200779207304
8273,foot,0.15549724139896745
1961,audibles,0.15544956885304742
4905,corrupt,0.1554362362117048
16167,prepared,0.15535182218356602
3758,chain,0.15516320927531596
15071,painkiller,0.15516144118333278
11417,job,0.15503587590659956
22395,updates,0.15489876909753947
20674,table,0.15457683753622528
2348,battling,0.15454764912686353
22573,varying,0.15453315352445438
13820,musical,0.15448723155340852
16871,rate,0.1544432457022358
6259,dogs,0.1544297446945359
9473,gun,0.15441356232109732
17492,responsible,0.15429402199756315
9339,grenades,0.15421285022490824
7214,escort,0.15421092446210147
17268,rely,0.15409169649086005
19806,squads,0.15402109759870847
8699,galaxy,0.15379702126514794
155,16,0.15361318341471533
13096,merciless,0.15347139454308645
4790,controller,0.15346384634844634
7222,especially,0.15343326400711688
15261,patterns,0.1531583924327339
19261,smackdown,0.15301458221703304
16230,previously,0.15296710957588858
1770,asherons,0.15293624671997585
22544,vanadiel,0.1528889668242792
12000,leaders,0.15282014713524783
15437,perspectives,0.15274104663736682
18309,scientists,0.1526864078070836
18593,serve,0.1526747479193881
21168,theyll,0.15255094077575723
10756,infected,0.15249921246502388
5945,die,0.1519304132868222
22190,unforgiving,0.15191136468427938
22240,unknown,0.15181537847117746
4096,claire,0.15176554167247616
9885,helicopters,0.15162231326493522
5310,customizable,0.15158801292590493
22484,utilizing,0.15158554650874065
9744,haunting,0.1515468867562944
6376,dr,0.15154063769416093
19603,special,0.15138417246133845
2736,blockbuster,0.151349460550119
16224,prevent,0.15130980630113705
10535,imagination,0.151243590406234
10102,historic,0.15121379048964864
22916,walls,0.15120563479583418
20915,tekken,0.15100147670507472
5961,different,0.15098248869006312
6906,employ,0.15091430398312805
6031,directly,0.15070115062876907
16431,prove,0.15068946858679336
1216,allinone,0.1506289171421625
14939,outstanding,0.15054133997318464
22726,views,0.1504968505824891
5458,daventry,0.1504449885193246
17841,rogue,0.1504228592685433
16987,rebalancing,0.15037268067183926
4851,cop,0.1503200151345048
12178,lifetime,0.15028116940410677
22655,version,0.15025514354780742
2091,b17,0.1502221103745182
23537,wreak,0.15019566541526874
3917,cherokee,0.14976283718370828
1225,allow,0.14963588967030353
4520,completing,0.14961184410481432
13948,nation,0.14956344317169926
22895,wake,0.14955311807520222
383,300,0.14947777079196928
19050,situations,0.1494634495605341
8545,frontier,0.1492419368047927
9837,heaven,0.1491995053828778
21040,thanks,0.14902167454314788
10751,infamous,0.1486137272413452
13963,natural,0.14857722574459048
20528,survive,0.14848864013400687
18211,saving,0.1484801929271626
9034,gladiatorial,0.14837691557903435
20770,tanner,0.14831296846149758
18491,seemingly,0.1480684617421641
7330,evolved,0.14796228180479656
9296,grave,0.1478089452184048
16246,primary,0.14775559788666165
12598,mad,0.14769625364453198
20710,tail,0.14764021577426156
16227,preview,0.1476079095630148
5416,dante,0.14757511605683785
10322,howls,0.14749489645397745
9948,heros,0.14748152862676822
21503,topnotch,0.1473636164048866
8275,football,0.14725684296264088
21174,thief,0.14714372628617314
4602,conditions,0.14710314077068634
19452,sony,0.1470813678140231
10370,humor,0.14708064460219875
16185,presented,0.14702117681604304
13503,monks,0.1469245639204142
18682,shaolin,0.1469245639204142
19037,sir,0.14682077628670648
17087,redesigned,0.14674570034024412
6282,dominate,0.1467141045027759
7001,eng,0.1466489177753951
11866,land,0.1466441630994784
5691,delivered,0.1465928269858776
8797,gandalf,0.1465564501753712
5313,customize,0.14643189159236947
13426,model,0.14638973928199814
14052,neighborhood,0.1463894953843113
8476,freelancer,0.14633418189553438
14738,opening,0.14632076820415266
11694,kim,0.14627975423505635
6032,director,0.14600792543763452
622,90c,0.14598863766487102
5977,digital,0.14598743756332574
12480,lowly,0.14579302525223697
14253,noble,0.14576768970246862
16267,prior,0.14576635347866237
22115,underground,0.1457319031115242
16666,quests,0.14569476182634075
600,81,0.14559256032636841
19,007,0.14557373660041484
9716,harrys,0.14555857673075023
15716,platform,0.14555337708742402
10268,hostages,0.1454122545687329
204,1942,0.14538652499903654
14719,onscreen,0.14522615689290563
16908,raziel,0.14520158181947307
14325,normandy,0.14497570140842111
12842,marykate,0.14492788414518057
10049,highspeed,0.144761336654833
2034,aviation,0.14467844315344922
9324,greed,0.14461852615161663
16176,prequel,0.14456232893511942
12324,load,0.144448780613487
20905,teeming,0.1444475477241614
15781,playground,0.14433054370316317
16801,rally,0.1442251331918861
12444,lots,0.14415523579975545
20244,stuff,0.1440660570247987
10484,ii,0.14404372181784708
23509,worse,0.14400626523270077
19970,stealing,0.14390418642814146
12806,marks,0.14388245078231435
15475,phantom,0.1438327675011727
13770,multiple,0.14380288288897344
2500,beneath,0.1437730015471555
20992,territory,0.14376129747375838
4387,combinations,0.14372494985835077
22264,unmatched,0.14370225481138982
8436,franchises,0.1436396113423381
4676,consequences,0.14361540373573306
9989,highdefinition,0.14351709132330462
15949,pop,0.14350347765775737
11849,lake,0.14329066687868827
22680,vibrant,0.14323743719843582
12283,list,0.14314481269331558
15217,passing,0.14309908438076346
7772,fatal,0.1430177802388215
12204,lights,0.14285672625790188
6,console_Nintendo DS,0.1428454197026363
12903,matterssurvival,0.14284164746735026
5760,depletes,0.14284164746735026
4249,coalitions,0.14284164746735026
12299,livable,0.14284164746735026
18286,schizm,0.14280016677267346
367,2k3,0.1427001684311792
4359,colorful,0.14256649744243843
9656,happened,0.1424546585931476
7313,evil,0.1423848507808268
12460,loved,0.14238049599824756
5561,decided,0.14231291125801065
8327,forge,0.14217551658636662
384,3000,0.14201998558208603
3527,careers,0.14199792170062958
12150,licensed,0.1419795180229218
5891,developers,0.14193177726313216
4670,cons,0.1419052211046377
21602,trace,0.14188933451484553
5627,defender,0.14188337886188562
23370,wish,0.14188160999560212
2164,bakery,0.14174832312619315
6853,email,0.1416700909390749
10592,implementation,0.1416525836188161
18808,shop,0.1415977579611388
13756,multinational,0.1414085242083285
6210,division,0.1411418559835045
8319,forest,0.1410606259006646
4469,community,0.14103048023078604
10117,hitman,0.14098702591171025
4352,colony,0.14078751982410267
9225,graham,0.14059967505998336
4002,chris,0.14057204778519078
4481,compare,0.14048197289926684
15271,pay,0.1402071658522571
9301,gravity,0.14004236859678137
22328,untamed,0.1399841749793836
19785,spy,0.1397935223710565
16041,potions,0.13978189047229653
14879,outbreak,0.13977558418699476
12436,los,0.13976980304989536
6681,eastern,0.1396622246225761
19246,slug,0.1396546828089266
10997,intelligence,0.13965393178672372
343,26,0.13949330844762942
22400,upgraded,0.13938443116455407
18322,scope,0.13930162772222443
17010,receiver,0.13928815898919295
8954,germany,0.13916045341300742
19649,spellbinding,0.13913671899680766
17238,releases,0.13909160608027735
2194,balrog,0.13904027483516043
15187,participate,0.1390203357746682
21955,twists,0.13900042193114534
16401,proprietary,0.13895230313774662
13785,multitude,0.13882597054376974
16919,reaches,0.13851846610725965
5506,deal,0.13825365622394795
19689,spine,0.13820947544053613
13185,microsoft,0.13771570127248464
4694,consists,0.1375899953481255
8808,garage,0.13744539881107753
11332,japan,0.1374363303468172
11265,itll,0.13741102562450072
11134,invaders,0.13734630279717525
6659,earth,0.13725899051964985
1774,asia,0.1372201814591829
10385,hunters,0.13721996137714976
2362,beach,0.13721587129058732
23400,witness,0.1372010437103603
12927,maximum,0.13715964477054643
11235,isnt,0.1371163332933349
17014,recent,0.1370383502584042
11993,le,0.13677520465180296
12193,lighting,0.1366715756706761
20287,stylized,0.136664363501623
17571,revamped,0.13661415651622402
11862,lance,0.13660650939188057
21751,trial,0.13644375195339029
18209,saved,0.13631078445628259
545,64mb,0.13629850976987495
6048,disappeared,0.13625262422022932
14258,nobunaga,0.13619495030772671
15516,physical,0.13588173899561004
8635,furious,0.13583290611867563
21038,thankfully,0.13576274023044743
4045,circle,0.1356796944906429
2042,await,0.1356650627782944
3108,brink,0.1354068196514633
16513,pull,0.1353877485565886
16958,reallife,0.1353407855444404
9142,goldeneye,0.1352857578233268
1492,antal,0.135256706256103
4344,colonel,0.135256706256103
12133,liberate,0.13510448471344264
23615,xii,0.13503501090574976
12185,light,0.13478490065242604
6190,dive,0.13478259519571678
18833,shotgun,0.13475917995241013
20860,teams,0.13473751982640447
4995,cove,0.1346817430821398
9415,grueling,0.13460882331249938
7431,expands,0.13453573497807572
9444,guards,0.13448745210530766
16785,railroads,0.13448295293660775
4210,clothes,0.13442189192015735
9764,hayden,0.13439674436998184
3406,camera,0.1343585304888773
9591,hamster,0.1343512917763998
8303,forcing,0.13433317758805116
18545,sense,0.13423727315523912
23187,wet,0.13418371714432933
7414,existence,0.13416437605949608
18606,seth,0.13396472374063512
13814,museum,0.13388036148960658
18811,shopping,0.13383053191931898
12967,meals,0.13379339251002362
17193,reigns,0.1337913792184293
7783,father,0.13374666185811795
16349,progression,0.1335357322803736
21491,took,0.13315199881849699
14090,netherworlda,0.13304738551856204
2082,azeroth,0.1327770944950827
5920,diablo,0.1327525616033446
12103,letter,0.13274630745273874
12730,manipulate,0.1327045896651543
8460,free,0.13268343046734626
20738,talent,0.13268289696517924
8947,george,0.13253884000189267
5427,darker,0.13237051882135817
17459,residents,0.13234085215054245
14911,outlaws,0.1322475339915675
895,adding,0.132158777034965
21689,transport,0.1321012507755053
15457,pets,0.1319542623387203
23177,went,0.13195412294829198
2890,boost,0.1318755248712719
19841,stadium,0.13174404648444396
19232,slowdown,0.13173388236732642
15997,position,0.13171290871245053
2294,bat,0.13155025748241161
11157,investigation,0.1314706277519376
18009,runner,0.1313606172187892
7469,expertise,0.13133228207144193
10880,initial,0.1313079115329315
13459,modify,0.13112714707744275
19426,solved,0.13110285049655163
15675,planes,0.13108833551898968
20154,strawberry,0.13102880824263677
407,35,0.13102833211485296
11104,intrepid,0.1310252535430962
23347,winning,0.1308585698053395
7497,explosive,0.13082626762226435
7590,fabled,0.13071275398977472
6624,dynamically,0.1305846380248564
1067,ages,0.13052116523229473
2032,average,0.13046848635592512
14173,nightmare,0.13042952086615897
7594,fabulous,0.1302920197668565
16948,reality,0.13027810046491972
3118,broad,0.13026631321952692
6778,eidos,0.13024644652529144
4489,compatibility,0.13022363349432547
18597,servers,0.13020788654884513
7646,fair,0.1302016443054894
22810,vivid,0.1298593931039361
20677,tables,0.12970948708373534
13653,mournful,0.1296919900211602
22957,warhammer,0.12941056796367184
12756,manufacturers,0.12937008270151593
6960,ending,0.12931135280878558
5497,deadliest,0.12929868474726988
5441,dash,0.12926388762916244
23415,wolf,0.12925153317675325
18584,series,0.12922735988008854
11488,juju,0.12918397066555595
8964,getaway,0.12915803854227167
8835,gates,0.12901911145642816
4538,compound,0.1290135850940573
21574,tournaments,0.12896325469436865
6586,duo,0.12895163503656665
4516,complement,0.1287939606895492
1619,aragorn,0.1285911376343972
11132,invaded,0.1283220254343931
8949,geralt,0.12826064977620316
10561,imminent,0.12823398738067412
15925,polygonal,0.12819106611651393
9871,heir,0.12814310588983277
21379,times,0.12803787154304375
127,13,0.12800152618116128
6344,doubt,0.12797469430505173
7948,fierce,0.1279088168145237
13074,mental,0.12776680208446403
599,80s,0.12768630201289868
9976,hideous,0.1275797431011742
8473,freeform,0.12749930565609427
7822,feats,0.12749595138877412
15542,picture,0.1274008530613467
11985,layout,0.12740036069086977
10382,hunt,0.12724858200481737
14763,opportunities,0.12722339245897246
17791,rob,0.1270372491671957
18990,simulated,0.12697388831071701
18938,sign,0.12694917074014284
8518,friendly,0.12677546658984953
5903,devious,0.12670566117237322
10989,integrated,0.12664487884226217
16759,ragdoll,0.1266250010192596
12905,matthew,0.12633602371918962
17170,regions,0.12632460024970377
18455,seconds,0.12630026884620105
11773,konoko,0.12622032194685331
18412,sealed,0.12621619510311335
4423,commander,0.12619913526272247
21466,told,0.12615442058983858
4923,cosmos,0.12603543336864295
1962,audience,0.1259059570075942
7352,excellent,0.12586426133140796
2981,br,0.12567537823221514
11244,issuing,0.12567407998397814
14756,operatives,0.12564873863235446
7402,exhibition,0.12561024541212956
9215,grace,0.1255012779103425
3734,central,0.1254730710004062
12660,majesty,0.12541967146395527
15420,personalities,0.12541810448836407
22429,urbz,0.12535889205485748
22251,unlike,0.1253437492116945
22100,uncover,0.12520012286383145
19303,smugglers,0.12508431589894622
1985,authentically,0.12500120531414763
5848,destructive,0.12498716399267064
7131,environment,0.12496454413078992
12096,let,0.12486950099133676
11118,introducing,0.12471002544582277
18058,sabotage,0.12467328475966558
3046,breaking,0.12459366263133652
15705,plants,0.12452933516485751
10562,immortal,0.12445324039668158
11245,istaria,0.12444868209964884
10725,individually,0.1244096401714756
1079,agility,0.12440874578759939
7324,evoltion,0.12439202653878094
23352,winston,0.12433085652518573
5929,dialogue,0.12420649685281997
11435,joint,0.12420601848002091
16826,ranch,0.12410354075961942
12281,lisa,0.12407398755732688
10266,host,0.12384649891437749
7374,exclusion,0.12379913797475253
21300,thunderous,0.1237765113158314
15901,pokemon,0.12370644954602335
13156,mexico,0.12363192281855881
561,70compatible,0.1234888100212312
17960,rts,0.12348464438330388
8343,formation,0.1234303976666563
2625,bird,0.12340275473259282
4101,clan,0.12331371557180823
11250,italy,0.12326100669591367
8692,galactic,0.12323386552372143
19443,song,0.12320562731143464
15532,pick,0.12318135679681533
16258,princess,0.12305015614567213
5641,defined,0.12303870027238162
8814,garden,0.12301316660439707
5285,current,0.12287152386043995
13335,minute,0.12278282493626128
10209,hook,0.12270220314613818
7577,f1,0.12269903174492428
4710,constantly,0.12260413828294676
5728,demons,0.12251508350342648
10352,human,0.12251110386623557
5844,destructible,0.12244827247638579
20001,stellar,0.12244494116344808
4825,cook,0.12241386045603714
1600,approaching,0.12234263267970757
16403,pros,0.12229681683289784
19621,specifically,0.12227987076510138
17282,remedy,0.12226467818417573
4522,complex,0.12225893489135611
10051,hightech,0.12210884716070801
20151,strategyto,0.1220929525683422
23134,weight,0.12201437773130663
12992,mechanisms,0.12198689647205076
21051,theater,0.12191175860563025
21513,topsecret,0.12169932160649441
22216,union,0.12162560735773464
17689,riding,0.1215682882016097
21721,treasure,0.12152765232821866
21934,tweaked,0.12151691978550747
21646,trainer,0.12148181026648862
2590,bilbo,0.12139101994437451
10135,hobbit,0.12139101994437451
16400,proportions,0.12137919814276484
2643,bitter,0.12114077054190805
20505,surprises,0.12106183174736919
5103,creating,0.12097878010130476
14620,old,0.12091093986229051
19272,smarter,0.1209082189616172
6888,emotional,0.12082884623390136
17457,resident,0.12064410502865097
10450,icon,0.1206043404398893
22963,warlord,0.12051520278741024
15687,planets,0.12049294900457219
20082,stories,0.12048640535577383
8010,finest,0.12048625783094573
13281,minds,0.12043339756195962
8121,flashlight,0.12031269776874334
13589,morrowind,0.12017455202559989
2587,bike,0.12010339884273824
11578,katamari,0.12008314990368366
5720,demolition,0.12004561870138149
8264,fontsize,0.12004207736357798
22646,verdana,0.12004207736357798
8263,fontfamily,0.12004207736357798
6350,dowerton,0.11998046707082838
21881,tuned,0.11976572214654158
5413,daniel,0.1196730209923936
6477,drivable,0.11959485731336508
18324,scorch,0.11957386245905947
22327,unsuspecting,0.11947568148490532
19493,soul,0.11938912988062211
4924,cost,0.1193474640953085
18568,sequels,0.11932321454929996
1431,angeles,0.11918046303410254
17981,ruin,0.11901350550478733
8020,finished,0.11901178431244282
1477,announcement,0.11898210973434944
19702,spirit,0.11896482376715757
18317,scooby,0.11896168755906097
7597,faced,0.11892774698596008
6651,earn,0.1188224961170705
13081,menus,0.11861127999485221
18461,secret,0.11850923480401161
5114,creature,0.11842185457506607
22452,useractivated,0.1183804000342792
10633,improvise,0.11837669680293414
15620,pistol,0.11835558851453362
20120,straightforward,0.11833172760938615
10152,holiday,0.11830731342411123
18060,saboteur,0.11823108672401793
11410,jinxed,0.11823108672401793
12366,lodge,0.11823108672401793
10446,icicle,0.11823108672401793
5123,creek,0.11823108672401793
18319,scoop,0.11820399881351686
20778,tape,0.11818151914235257
9888,hell,0.11816021003149303
12861,massive,0.11815432583487066
6701,eberron,0.11814957957655003
14160,nico,0.11803592728570794
4042,cinematics,0.11795594215770298
6654,earning,0.11789943285708038
1435,angle,0.11759006121782133
195,1920s,0.1173531608551125
22616,vehicular,0.11734354324062912
12723,mania,0.11728095188199548
10172,home,0.11709803838256937
7989,filter,0.11709451981911646
2730,blizzards,0.11703897172972262
4314,collapse,0.1170190001871697
1023,affects,0.11701790071942662
4529,component,0.11697097086408165
5423,daring,0.11694956351591018
3201,bug,0.11687051959008524
13225,mike,0.11681421229583791
14906,outland,0.11678389509947447
19451,sons,0.11658654461470735
22135,undertake,0.11657713663794494
5573,deck,0.11657224580176975
1714,arnold,0.11654970911062446
8522,friendship,0.11650471674754653
1728,arrives,0.11648598763991665
19227,slot,0.11640011719097973
12868,mastermind,0.11634071007929439
2605,bio,0.11611839312512612
13864,mysteriously,0.11607576829724789
10674,inclusion,0.11600195803799086
17419,requirementswindows,0.11599153011836226
10468,idol,0.11596397358142356
17677,riddles,0.11593625436660605
4363,colors,0.1158663121783981
15163,parents,0.11567458289724532
23294,wildest,0.11564084549163241
18555,sent,0.1155771741916633
9876,held,0.1154684409348026
6943,encourages,0.11538523261954825
12788,marines,0.11538477347662614
16831,randomly,0.11535523886490315
22442,usb,0.1153358855132685
12326,loading,0.1152039846379233
11297,jackson,0.11517563464789339
7869,feet,0.11508075054222489
15500,phone,0.11507120672174811
1808,assault,0.11484463768346037
16706,raccoon,0.114841261760335
3443,cannon,0.11477689336144901
9843,heavily,0.11470706022913926
18741,shield,0.1147049878595955
10816,informationin,0.1146611839733392
14310,nontraditional,0.11460686190505164
2797,bmx,0.11458202964850192
18527,selling,0.11455777926958971
11027,interactives,0.11453581682156465
17466,resolution,0.11449857470475194
14159,nick,0.11448153811862283
8498,frenetic,0.11447498421759661
4341,collisions,0.11439986062229231
12229,limit,0.1143452817521148
5369,dahaka,0.11428699271224069
21259,thrillville,0.11420620334422003
9761,hawks,0.11416399817545694
15248,patible,0.11412594473078251
12224,lilly,0.11411834983779302
22754,vincent,0.11408461734408899
5610,deepground,0.11408461734408899
14617,okami,0.11395939468531238
16110,precious,0.11394063429514201
11311,jak,0.11385649002802711
18256,scattered,0.11382840395995061
2809,boat,0.1137915785737349
6763,effort,0.11368351548459223
14795,orbit,0.11364003798996446
1650,architect,0.11361642576954646
18318,scoobydoo,0.1135857013373147
13524,montana,0.11358338369851545
21682,translation,0.11354597488664131
4582,concepts,0.11350651182933608
22152,undying,0.11349742062384785
3048,breakout,0.11344688594579591
4040,cinematically,0.11344688594579591
10897,inn,0.11342155727116382
18772,ships,0.1132836309277849
12874,mastery,0.11326714793280614
8429,france,0.11325043051442309
13464,module,0.11325001420660254
7494,exploring,0.11324678656815093
6411,drakan,0.11324591249755078
8104,flame,0.11311764328724433
845,actionpuzzle,0.11303364280449789
9396,group,0.11290074910663794
17409,require,0.11279245721334398
3161,brutality,0.11272966491210096
5004,covers,0.11270082167640595
16194,presidential,0.11265997138617105
8031,fireatwill,0.11265997138617105
9452,guest,0.11263256928125809
18489,seeking,0.11254717576923763
10383,hunted,0.112495567029886
17615,revolutionized,0.11240082469405466
20267,sturmovik,0.11220882725710452
10244,horrifying,0.11219075080933436
9117,godfather,0.11217244359073988
8892,generated,0.11214216918645659
4749,context,0.11213377881231837
16594,putting,0.11189335058823359
7958,fighter,0.11185523203400495
9021,given,0.111803158621057
17325,renegade,0.11179345796001348
7814,fearsome,0.11174128762983694
7053,enormous,0.11162755999604948
5542,decade,0.11161878793448363
19569,spanning,0.1116003652866217
12050,lego,0.1114856543604239
16861,rarely,0.11143225373448906
7238,estate,0.11140411617134487
16433,proven,0.11138536113366129
7430,expanding,0.11127004347968175
21430,titles,0.11121955159934724
22470,usual,0.11118786006029335
16529,pumping,0.11115553498091517
1339,amplitude,0.11113146335524773
5397,dance,0.11111107377958915
13630,motorcycle,0.11110137198967893
6892,emperor,0.11092084544689897
14311,nonviolent,0.11091836813383238
14368,notorious,0.11086978547702846
17780,roads,0.11080965736525317
14453,object,0.1107991934844405
20506,surprising,0.11078068038066874
19096,skillful,0.11076432693075186
2521,best,0.11070725882474466
19664,sphinx,0.11065681506100192
20970,terminator,0.11059926880688323
22568,variety,0.11053068433111382
12925,maximo,0.11049796955070755
11682,killing,0.11048606173648562
14108,neverbeforeseen,0.11046615448430744
20288,stylus,0.1104597798148521
15075,paint,0.11037123872213515
8403,fourth,0.11035346847890923
21935,tweaking,0.11030008282605461
10407,hybrid,0.11019652876799317
20936,temples,0.11009898168010279
8500,frenzy,0.10999706916050611
2903,border,0.10997424685384001
16124,predecessor,0.10996405879157846
20877,technical,0.10994671946421292
13529,months,0.1098627799038516
8062,fisher,0.10978333943259588
15653,pla,0.10977837427044462
11551,kane,0.10975730240879017
16195,presidents,0.10967390698462615
14926,outrageous,0.10964085985107645
7336,exact,0.10950407409483538
938,adorable,0.10941295530368125
9426,gta,0.10922397414538934
18616,settle,0.10919796285415134
8070,fiske,0.10903527615502781
3213,builds,0.10894490423053939
945,adrenalinefueled,0.10889240084652616
8293,forbidden,0.10887169579270255
20074,stopping,0.10885701016068002
11430,johnson,0.1088374099925795
23602,xbox,0.10878965381620122
9831,heat,0.10873488050606053
11554,kang,0.10869913320302725
6383,drafted,0.10868628191273513
3463,capcom,0.10859348390067931
4497,compete,0.10857763125672712
21888,tunnels,0.10852511321840182
2902,bora,0.10843297936019794
4118,classes,0.10828161977561465
19677,spies,0.10818149901062088
14811,orders,0.10815300777111066
5837,destroyed,0.1081164008616449
22577,vastly,0.108053716085359
6061,disasters,0.1080337480996579
11326,jango,0.10797308357396027
5971,difficulty,0.10792570827104622
16369,promises,0.10777408487268027
7711,fantastic,0.10776947760981229
12810,marlin,0.10771134956530315
6323,dory,0.10771134956530315
12371,logan,0.10770754829143099
22029,ulala,0.10764916772359326
2205,bandicoot,0.1075446698684624
23036,watson,0.10745575288294396
9466,guilty,0.10728755933782624
22341,unwelcome,0.10710021830964808
18804,shooting,0.10708800438079755
11403,jim,0.10706201281513943
9115,god,0.10706008698386044
13190,midair,0.1070195927886424
21408,tiny,0.10696453089357219
18654,shadowrun,0.10682465704974128
17410,required,0.1067045762232833
8446,frasier,0.10657190332659006
8235,focuses,0.10656662928173066
6484,driven,0.10654099881710434
14561,offered,0.10646570484014602
19907,starcraft,0.10646242137272503
4155,clever,0.10642896493727017
4609,confederate,0.10642595185272381
4501,competition,0.10637814462971315
8757,gamer,0.10633833031169998
5032,crafted,0.10633425795058607
7858,feed,0.10628698606244263
14470,oblivion,0.1062234512749597
2563,bid,0.106210797836632
19773,springs,0.10613570528569895
5567,deciphering,0.1061111119444961
9916,henriksen,0.1060900775418111
13727,mulgrew,0.1060900775418111
17771,rlh,0.1060900775418111
14334,northern,0.1060228805682121
8802,gangster,0.10598146740204763
17421,requires,0.10588173776853778
23334,wing,0.10579754902575204
16891,raven,0.10557982353342456
11811,l4d,0.10550586299419151
20990,territories,0.10540534343080203
1511,antietam,0.10539810675177079
9190,gothic,0.10530374392385333
17556,retro,0.10528931282735865
16680,quidditch,0.1052638226604252
3740,ceo,0.10525265965127809
16229,previous,0.10521830117128361
3945,child,0.1051395376653625
7383,execute,0.10512411208922054
9902,helped,0.10508535767119602
3615,castaway,0.1050370559557773
12014,learned,0.10500880743414316
6792,elaine,0.10500089044641496
16477,psycho,0.10498785221113814
3292,bustling,0.10492605729631663
9032,gladiator,0.10492120584717213
6992,energetic,0.10489670631271103
2196,bam,0.10489283114504015
19545,spacecraft,0.10476775437742955
7261,europe,0.1046432943589955
10732,indoor,0.10463335757617823
7647,fairies,0.1046014826335734
17518,resulting,0.10457765689677284
9410,grows,0.10457547928273933
21820,trophies,0.10448469823102037
17368,replays,0.10443920443522375
7971,figures,0.10437776982287914
8941,geoffreys,0.10427075440842618
14382,novice,0.1042546389730032
21382,timesplitters,0.1042176865776391
11504,jumps,0.10404493049821814
10399,hurt,0.10403687057922617
4476,companions,0.10397525551405551
21768,tricks,0.10396687460867104
7443,expected,0.1038975014668377
11842,lag,0.10382264338414714
13155,mexican,0.1037587940791039
3623,castlevania,0.10375049562034633
9137,gokart,0.10369094963218002
9944,heroine,0.10366552901714543
9674,hardened,0.10358270583138614
6851,elves,0.1035672190095048
15845,plotting,0.10340973567319889
1512,antigrav,0.10332973216191191
8255,followed,0.10329759312118789
6274,dolphins,0.10328702466581885
22250,unless,0.10328129295019582
23325,windowscompatible,0.10323372818098309
11111,intriguing,0.10312387904778542
11659,kid,0.10309890579387405
71,10000,0.10305323550793151
13169,michael,0.10303843804358064
18472,secure,0.10299921488534448
13680,moviebased,0.10284432863147391
711,absorbing,0.10273898604177868
11868,landed,0.10272049863395583
879,adapt,0.10270705379185747
6999,enforcer,0.10269690286985024
14120,newest,0.10269590806532788
135,140,0.10251746909090773
23353,winter,0.10249079310258315
22717,vietnamese,0.10247397508352268
5134,crib,0.10243784241147655
4354,color,0.10236395483805887
7485,explored,0.102322508360225
21003,test,0.10229147708100829
6347,douglas,0.1022827538191381
5484,dc3,0.1022827538191381
8537,frodo,0.10227473596167104
14999,overwhelming,0.10225754803860858
1097,ai,0.10219976178294186
6991,energeian,0.10218150527380535
6022,direct3d,0.10213419630500867
16586,pushes,0.10212613062150706
223,1980s,0.10212136330791252
19723,splitsecond,0.1021126202737031
10555,immersed,0.10193044046951123
19704,spiritual,0.10184163530425294
15010,owner,0.10177796543802305
7658,faithfully,0.10174062802978596
15080,paintingstell,0.10163796711220088
15717,platformcreate,0.10163796711220088
22103,uncovers,0.1016152152695702
18299,schumacher,0.10155676955532038
4935,coulthard,0.10155676955532038
2504,benetton,0.10155676955532038
6589,dusk,0.1014426031381931
5665,defy,0.10143955512364093
13313,minion,0.10138071654050976
19620,specific,0.10133251935292098
18501,seganet,0.10133244780641221
1945,attractions,0.10132192190141004
3020,brave,0.10128223510413562
9150,golfer,0.10127592007740695
8881,gems,0.10126794588404948
4421,commandeer,0.10118956407493644
17675,riddle,0.1011721331906283
21361,timed,0.10116415016439902
2377,beast,0.10115269595556824
12501,luckily,0.10110952761168958
22600,vegetation,0.10104534464936084
7210,escapes,0.1010418020742619
3457,cap,0.10104101046512945
3855,charles,0.10102384897628562
19613,specially,0.10098923190458153
18617,settled,0.10098722820225572
21308,tiberium,0.10079306990220024
4271,coco,0.10075794754936386
13893,naboo,0.10074018572286651
10112,hit,0.10073955627192199
271,2002,0.10072050770387327
13902,namcos,0.10067804297598429
22674,vg,0.10062044800982455
6557,duel,0.10060632186481018
13618,motions,0.10055452870391106
2559,bhaal,0.10054379669989055
1145,airtoground,0.10052673922723324
21263,thriving,0.10052650465428709
16584,push,0.10042967643603462
1185,aliens,0.10035340729401267
21730,treatment,0.1003218887098046
3119,broadband,0.10030190560171286
19889,standoff,0.10022127097675797
22542,van,0.10019501595614486
8996,gift,0.10019386762301281
23003,waste,0.10019156558001242
14087,net,0.1001883049399507
23069,wealthy,0.10015552008907065
2805,boast,0.10014130321612992
7199,error,0.1001240232461664
16943,realistically,0.1000861754035789
14558,offensive,0.10006522603909697
760,acclaimed,0.10004311977318216
7541,extra,0.09997153704639039
14061,nemesis,0.09993187747905807
457,40000,0.09988582989477146
23005,wasteland,0.0998854057291135
4493,compelling,0.09983991452344906
23379,witcher,0.09975828315926925
20566,swarm,0.09975174235873589
4740,content,0.0996964855626221
19720,split,0.09966416726604316
1292,amazoncomgames,0.09966283812775842
20214,strongholds,0.09960401582480448
18042,ryan,0.09956571767732393
169,17,0.09943834584487823
8219,flyable,0.09942413840395428
11509,jungle,0.0994024518245679
22154,unearth,0.09934623011113256
22463,using,0.09933341554488391
8258,following,0.09922011183216965
15138,parachute,0.09921190125533227
3329,c47,0.09921190125533227
2171,balconies,0.09921190125533227
17542,retired,0.09917166025767192
17599,reviews,0.09915759093265097
18416,seamlessly,0.09905094033404695
15534,picking,0.09902848162239652
18155,sand,0.09902575798697581
1112,aiming,0.09896717531520344
9675,harder,0.09890331384120522
20213,stronghold,0.09888270049685895
12622,magic,0.09885484259108432
8988,ghz,0.09882965096972397
9704,harness,0.09880134240658908
7881,fellowships,0.09866183946080936
1565,appeal,0.09864702889093224
19296,smoother,0.09858858519334761
10731,indonesian,0.09858662789208174
6569,dull,0.0985394594514039
18946,significantly,0.0984932424202626
18026,russians,0.0984562249006358
9611,handful,0.09841599272259231
14335,northernmost,0.09840487964538885
4527,complicated,0.09836992487626448
2663,blade,0.09820844499079222
902,addon,0.09817540223229494
7349,excel,0.09816422415721097
4978,courageous,0.09810810182569933
5646,definitely,0.09797144201210312
14434,nva,0.09793967754093942
21644,trained,0.09785383318732462
13218,mighty,0.09782502293771554
9461,guiding,0.09772985857758383
14797,orbiting,0.09769310169392935
18716,shego,0.09762435239895413
18394,scum,0.09761216831897647
17935,routines,0.09750072276451148
17429,rescue,0.09747795988534283
21346,tiles,0.0974492388895822
13961,nato,0.09744185077300159
20367,suffering,0.09736977631662638
18404,sea,0.09736312392377341
17739,rippin,0.09730663877014993
17761,rivalries,0.09728245383945308
21704,trauma,0.0972381107866183
17800,roberta,0.09722186034429933
6961,endings,0.09715561349808396
9679,hardhitting,0.09704874713448551
20233,stuck,0.09704721675981785
23407,wizardry,0.09697712422320638
20719,tak,0.09694236650791717
2015,autosculpt,0.09691084895760471
19632,spectrum,0.09686596569984604
18598,serves,0.09685055841572225
1826,assignment,0.09679615721614054
12860,masses,0.09672441262031412
21464,tokyo,0.0966595333943416
3246,bundle,0.09664926001490459
5584,decorate,0.09662292124106676
16717,races,0.09659091956587286
16404,prosand,0.09657294702020873
13328,minors,0.09657294702020873
20852,teamfrom,0.09657294702020873
19866,stalker,0.09653289479841377
14500,obviously,0.09652379443342118
1304,ambitious,0.0965225979716545
19064,size,0.09644772059601853
14828,origin,0.09641895962047035
12236,limits,0.09634957244770882
7591,fabric,0.0962990659666845
13467,mogadishu,0.09629108771797254
19432,somali,0.09629108771797254
14022,necromancer,0.09628978427953959
20906,teen,0.09627673506376783
5293,cursed,0.09626082519861415
16298,process,0.09622216089538344
14055,neighboring,0.09621146115537621
17747,rise,0.09620028940838955
8015,finger,0.09619416853923948
17081,redefine,0.0961935973592033
14935,outsider,0.09610919304799387
17697,rift,0.09610160784931499
611,88,0.09608062882471866
10692,increases,0.09592781536134251
9618,handing,0.09591620957131124
21522,tormented,0.09590493709038535
18834,shotguns,0.09589266617700266
20702,tag,0.09587753966188686
5107,creative,0.09579894135166439
6454,dressage,0.09571647491740387
12344,location,0.09569628051426307
19178,sleeping,0.09563215068666227
13803,murderous,0.09557125115998522
14751,operating,0.09553526721159486
20996,terrorism,0.09546475817897251
18510,selectable,0.09545306555747553
1307,ambush,0.09543668667791072
5457,dave,0.095393048179409
3802,changing,0.09526330543105774
4106,clank,0.09524632880696401
9169,goods,0.09520550427595732
8616,functions,0.09517116021078041
22930,wanted,0.09506857843179717
21178,thing,0.09506632574822341
14054,neighborhoods,0.09504264016857891
5035,crafting,0.09500497686699852
6096,disguise,0.0949297018137024
1195,alive,0.09490014680986109
348,28,0.0948925820816292
9149,golf,0.09487489564106562
15100,palm,0.09486735434787716
10768,infiltrate,0.09482279754034752
15914,polished,0.09480199086516554
18840,shoulders,0.09476858538217496
3700,celebrating,0.09476485609142057
12421,loose,0.09473710952547172
20344,succeed,0.09473485020427116
3334,cab,0.09464450428077603
19581,sparkling,0.09461767639210712
14421,nunchuk,0.0946090972895133
17497,restarts,0.09457151279719077
23013,watchful,0.09455686001572043
7499,explosives,0.09454894050529548
5192,crossing,0.0944953135401813
6012,dinosaurs,0.09438611365962879
14968,overlooked,0.09438488161217483
12699,managed,0.09433764981995066
23146,wellbalanced,0.0942782502490699
21296,thunder,0.09414834417928271
6358,downloadable,0.09404483321336755
14764,opportunity,0.09398360585770862
21530,torque,0.0939803726931491
3771,challenged,0.0939322875725341
5810,designing,0.09393134390762584
8659,futuristic,0.09381411614872087
9811,health,0.0936868898466102
19275,smash,0.09367164239188881
2245,baron,0.09355434463054627
5611,deeply,0.09352348873830484
1361,ancients,0.09351279180842283
23408,wizards,0.0934949472687472
8179,flo,0.09343954471368744
12745,mansion,0.09339721284092097
8840,gathering,0.09337065396813632
11956,launcher,0.09333807452819763
6738,editor,0.09330342944084805
3882,chatting,0.09329776992254585
7511,express,0.09325520638774137
11703,kingdoms,0.09324307247066334
11419,jobs,0.09322584434532452
7637,faerun,0.09312637829260233
10255,horseback,0.09309681474053243
6785,eileen,0.09308299233869201
1836,association,0.09306986837063756
20744,talk,0.09302503277904867
2090,azurik,0.09293523621436481
8055,firstpersonshooter,0.0928903898263768
11970,law,0.09287209855465778
15826,plete,0.0928346927216677
18711,sheer,0.09283307666809104
4277,codename,0.0928170678268792
14831,originally,0.09280812645281407
326,24,0.0928059347938902
16279,privileges,0.09270521244140084
924,administrator,0.09270521244140084
13935,naruto,0.09267364405362055
5439,darth,0.09266462496352172
6958,enders,0.09265269806787359
1779,ask,0.09264548049560617
21839,truck,0.09262954966926679
2168,balanced,0.09262174875555897
18535,senate,0.09260905375904875
2771,blown,0.0925928269047381
16256,princes,0.09255485673002066
374,2minute,0.09253230810430713
6856,embarking,0.09249608690343541
1539,anytime,0.09249026949534542
18927,siege,0.09246101331332354
13120,messaging,0.0924519884076368
6436,dream,0.09243891911568883
20997,terrorist,0.0924077863750472
461,40k,0.09236535017990065
12082,leo,0.09235850303951076
15654,place,0.09234904142934751
2154,baggins,0.09234162578653364
6829,elf,0.09233688543037474
8733,gamegiving,0.09232946354980366
10757,infection,0.09232729095220867
16870,ratchets,0.09232729095220867
22502,vaccine,0.09232729095220867
5740,dennis,0.09232729095220867
19756,spr4,0.09232729095220867
13995,nearby,0.09228187242751476
13579,morolians,0.09227071423752128
20656,syphon,0.09225562216805672
9544,hair,0.09224358862867552
19075,skater,0.09220469881445034
22944,warcrafts,0.09217246027588985
17995,rumors,0.09212407120477933
8030,firearms,0.09210892085885747
10968,instincts,0.09210026736484683
19027,singstar,0.09209766125359142
18748,shifting,0.09209754500001685
8594,fullscale,0.092096921977618
11751,knows,0.09208492395320682
9575,halt,0.0920585398979271
11730,knees,0.0920431065964122
4216,cloud,0.09203065111077366
9668,hard,0.09186987443378318
5206,crown,0.09186081146560765
1226,allowed,0.09180573863598729
8571,fu,0.09180200537730199
13166,miami,0.09179496637970952
7476,explode,0.09175917204719325
9742,haunt,0.09172357349295622
10864,ingredients,0.091693915988181
8698,galaxies,0.09162587989093718
20595,swift,0.09152544414584107
4524,complexity,0.09147041665322633
6338,doublegun,0.09146977481742534
9476,guncon2,0.09146977481742534
11938,lately,0.09141791104508282
1038,aftermarket,0.091343156281049
19095,skilled,0.09127977245998307
3058,breathing,0.09126622302919332
7360,excess,0.09126324279759952
6017,diplomatic,0.09125419468768978
19076,skaters,0.0912474185699679
12420,loopy,0.0912380929337488
7016,england,0.0912304990364501
19079,skating,0.09120941594159496
4928,costs,0.09115367213997475
21213,thought,0.09115163656531447
2039,avoiding,0.09114353763155775
9360,grip,0.09114141956859617
870,acts,0.09112652975686783
9792,headon,0.09110002285010392
22288,unraveling,0.09109084423155248
18376,screenwriter,0.09107979055706239
18543,sensation,0.09107783883963655
4508,compilation,0.09099187408143174
7071,ensues,0.09098536625032269
7428,expand,0.09094684609381802
1727,arrived,0.09087906843297146
11120,introduction,0.090839356948596
18549,sensitive,0.09071018556736558
2908,borders,0.09069632788664113
15961,populated,0.09064879571927718
6926,enchanting,0.09061088962550905
20516,surroundings,0.09057990303074254
1863,asylum,0.09057599853598641
22147,undiscovered,0.09056958808114067
6774,egyptian,0.09051969333781458
4429,commandos,0.09042218785078529
13009,medieval,0.09036223271244295
2704,blends,0.09033028838538021
15863,plunge,0.0902553607574005
2749,bloodbath,0.09024848160613269
17844,rohn,0.09024848160613269
11881,lanes,0.09024669283127819
11116,introduced,0.09022173073930508
7464,experimental,0.09021106017956303
18637,sexiest,0.09019578912076932
2588,bikes,0.09013199918924907
3482,captains,0.09005703738646191
11030,intercept,0.08996246167913208
3450,canopy,0.08995473677938655
21916,turret,0.08987723630430426
21024,text,0.08987267193617905
5534,debt,0.08981844762431279
20825,taxi,0.08977611375698347
23287,wiis,0.0897732530809255
19161,slaughter,0.08976778546884959
18495,seenali,0.08973660800353048
4494,compellingly,0.08973660800353048
20590,swelling,0.08973660800353048
16511,pugilists,0.08973660800353048
7614,facilities,0.08969116118318318
1175,alexander,0.08968635120944689
15432,personnel,0.08963524382277602
8559,fruits,0.08961018565407175
22796,visually,0.08960069698919022
4325,collectible,0.0895310489711063
20339,suburban,0.08950543598686207
18490,seeks,0.08948172384344996
5145,criminal,0.08946975531319919
17885,rooftops,0.08938630074353615
12218,likes,0.08938307649592286
16108,precedes,0.08937195567922308
3574,carrying,0.08935030031369799
1156,akrid,0.08931468977238913
23049,wayne,0.08931468977238913
10594,implemented,0.08929961076678034
6280,dominance,0.08923603482323443
5701,delve,0.08922113150297198
12517,lumbering,0.08915936500779499
278,2005,0.08910040382143591
6222,dm,0.08909147232060774
3040,break,0.08907651016184058
4521,completion,0.08906665969121316
570,72212,0.08905518815740081
22807,vivendi,0.08905518815740081
535,60houraweek,0.08905518815740081
22333,untold,0.08903141616106336
23499,worm,0.08902668176470728
6562,duels,0.08902630611219099
23553,wright,0.08900545448223053
19190,slick,0.08897975239878197
1816,assembled,0.08897613369177843
20206,stroggos,0.08897469132108851
17644,rhino,0.08897469132108851
11115,introduce,0.08896583860726492
15442,pesky,0.08883887355683952
17328,renewal,0.08882372497176043
11106,intricate,0.08879786230811523
3042,breakaway,0.0887319731881906
6874,emerge,0.08872367030409548
23663,year,0.08870050120510607
13801,murdered,0.08867249194822946
12213,liked,0.08866374508341825
23279,wife,0.08865518642875056
23344,winners,0.0885637360418716
9017,girlfriend,0.08855628346670075
16838,ranges,0.0885486600991832
16420,protects,0.08851364115548568
16608,pyramids,0.08850469657301474
907,adept,0.08843243529586778
8252,follies,0.08827277279836115
4872,corkscrew,0.08827277279836115
22602,vehicle,0.08826204912725458
23643,yamada,0.08822390454365292
16902,raymond,0.08818627823796373
15058,padilla,0.08818627823796373
1780,asked,0.08814227390962177
16890,rave,0.08809369765657347
6790,el,0.0880899556453171
5464,daxter,0.08807632631418537
9875,heists,0.0880463419103322
16126,predecessors,0.08803693742001363
18663,shake,0.08798976457914777
7624,factor,0.08794435211980423
10865,inhabit,0.0879407496790004
5376,dakar,0.08789777638104557
23265,widely,0.08789295258731995
16063,powerful,0.08786766563904591
22644,verbal,0.08783554388199237
4940,count,0.08777945475460572
575,75,0.0876934662541606
20649,syndicates,0.08755248248678604
5127,creepy,0.08747340475299217
12767,mappy,0.08743897366788368
12561,m16,0.08743002022104321
17715,riley,0.08737479053111065
5544,decades,0.08732216732395418
12342,located,0.0872988004505234
9327,greeks,0.08727129410825904
10946,install,0.08726628387222683
17724,rings,0.08724897464629534
15481,phazon,0.08722431280836156
19722,splitscreen,0.08712355224495752
19283,smell,0.0870468372043236
20914,teeth,0.08701376604514044
4005,christmas,0.08699201049011403
22104,undead,0.08691380629805708
22747,villainous,0.08677738627868094
11108,intrigue,0.08675697828371261
14977,overrun,0.08674836568629746
18099,said,0.08671718731245398
1326,amn,0.08669314616881552
19397,solar,0.0866719832987016
16572,purposes,0.08664068923142028
1416,anduin,0.08663450147790394
11759,koch,0.08661794404044183
9848,heckler,0.08661794404044183
12248,lined,0.0864946056535546
2079,axis,0.0864731760075123
6038,directx,0.08645850163894514
537,60s,0.08643525050249606
18277,schedules,0.08643044126991856
991,advice,0.08637680972862605
8502,frequency,0.08627834984203338
5940,dictionary,0.0862343157582888
3094,bright,0.08622105041103133
2997,brains,0.08619600179087965
8523,friendships,0.0861749072480428
7248,eternal,0.08612316706388767
9714,harrowing,0.08612077691620522
18460,secrecy,0.08610199539027043
1487,answer,0.08608066660876432
2774,blows,0.08605397878334149
17478,respect,0.08602721834998443
7468,expert,0.08599880310532099
9213,grabbing,0.08596206044370198
3872,chases,0.08595779109840626
17965,rubber,0.08594649611087801
8033,firebreathing,0.08591627998803879
12205,lightsaber,0.08589879085514104
9640,hang,0.08585900319158117
16285,pro,0.08584299807151669
4273,cocoon,0.08580817980650186
8225,flying,0.0857926863422559
13698,mr,0.08578909574581181
2114,backdrop,0.0857790374046391
12623,magical,0.08577255387194539
22524,valley,0.08576411330957699
18538,sending,0.08568876136459874
13031,meier,0.08567812624554401
23550,wrestling,0.08566358669470531
671,abandon,0.08563556945582831
4224,clubs,0.08562124482604265
4251,coast,0.08560836159666058
9648,hannah,0.08558876432453522
8910,genius,0.08557141089070673
13391,mitsubishi,0.08555038691730679
1318,americas,0.08549617523835767
17430,rescued,0.0854749476373781
18764,shiny,0.08547426034171486
15699,plans,0.08547268977906101
18281,schemes,0.08534324851073588
14953,overcome,0.08527506076105591
11565,karma,0.08523584418646478
9416,gruesome,0.08521138852983628
14415,numbers,0.08518488654879014
9580,hamcountry,0.08517988773128178
7335,ex3,0.08507677025562194
2834,bold,0.0850518863789268
19703,spirits,0.08503978648829995
11853,lamb,0.08501447120341754
1828,assist,0.08490954098774056
17158,regardless,0.08490889004705082
20061,stone,0.0848952939530152
11179,involve,0.08484663556223906
12268,links,0.08482014766018478
18470,sector,0.08480667116951232
18630,sever,0.08479883306344713
6710,ecks,0.08479883306344713
6622,dying,0.08479725941842502
8777,gamestory,0.08478178564673534
19813,squares,0.08476971581940748
18644,shader,0.08473555705016766
2207,bands,0.08472076111316636
19238,slowly,0.0847103564538661
14458,objectivebased,0.08471020783538467
8182,floating,0.08467637362728005
11524,justice,0.08462536428298907
13728,muliplayer,0.08460397526665502
11500,jumpin,0.08460397526665502
6689,easytoplay,0.08460397526665502
13873,mystifying,0.08458638789999331
9344,gridiron,0.08454902779940618
7951,fiercest,0.08452876681786836
401,32mb,0.08451923702861579
4788,controllable,0.0845009047611703
2840,bomb,0.08448912064961996
20390,summer,0.08444286299185348
7946,fiends,0.08444237531813416
16780,rail,0.08443433983340805
10992,integration,0.08443311078978928
11323,jane,0.08435401870520257
2891,booster,0.08434586285051109
6595,duty,0.084339427623682
3496,capturing,0.08432869892628983
11980,lay,0.08422258753986468
16498,publishers,0.08421203636020305
21913,turns,0.084203446101615
10040,highquality,0.08416692687539694
22980,warring,0.08409557124813388
1044,afugitivei,0.08408650433562198
17069,recruited,0.08406312950763489
10760,infernal,0.08405970376674927
10944,inspired,0.08405437431110067
12880,matches,0.08405374862177985
5201,crowded,0.08405209867661209
16161,preordained,0.08403308732015288
2540,betrayal,0.08400565462047338
4973,coupe,0.0839574641656424
4180,clip,0.08392654049937824
8216,flush,0.0839230966683774
2770,blowing,0.083890323830203
10883,initiative,0.0838578187144974
16980,reasons,0.08374513834398703
3013,brandnew,0.0837392341635528
18242,scarab,0.0836907706853496
8151,fleshhungry,0.0836714613591075
10237,horrendous,0.0836714613591075
15511,photojournalist,0.0836714613591075
7155,epidemic,0.0836714613591075
3208,build,0.08366558410345426
17764,riven,0.0836379342589592
9825,hearts,0.08363681052178255
3282,businesses,0.08360658422183925
19409,solely,0.08360131442864861
17347,repel,0.0835750598362412
7681,familiar,0.08355208964408796
7620,fact,0.0835235069856428
8878,gem,0.08349887553751884
5169,critics,0.08342915146174011
8999,gigantic,0.08342315176984763
15150,paramilitary,0.08341699633173551
23093,wear,0.08340884267744449
20533,surviving,0.08334035778204306
21226,threads,0.08331347488431488
5798,deserted,0.08330738489205221
4615,configuration,0.08327351365679588
3588,cartoon,0.08322039577824573
12864,mastered,0.08321988483230827
10138,hoc,0.08319706349711449
18145,samus,0.08317865317801049
16805,rallyx,0.08316296322648514
17899,roses,0.08314172880282712
22516,valentine,0.08312976554338919
10787,info,0.0830913682728025
20966,terejia,0.08308210210088979
68,10,0.08304354293134161
18192,satisfaction,0.08303469224175945
6857,embarks,0.082961402974781
20188,strict,0.08295931602178373
316,21st,0.08294168283516651
3287,bust,0.08289946056002126
21596,toyota,0.08286130333408284
15638,pitted,0.08278848151295774
13237,milestone,0.08277834997652643
12785,margera,0.08270437427483812
21433,tl,0.08267882473650288
921,adjustments,0.082663754977485
23774,zack,0.08260578744012798
3485,captivated,0.08251408737951393
12640,mahjong,0.08244536252601185
337,250000,0.08244536252601185
21345,tile,0.08244536252601185
23416,wolfenstein,0.08242870084570082
9474,gunboat,0.08241100010275056
18666,shakes,0.08235708827660017
2487,beloved,0.08230105604845857
1615,arabian,0.08229005375871737
7191,erazor,0.08229005375871737
9061,glitch,0.08227972068960325
3641,catch,0.0821181434294352
15846,plottwisting,0.08206930000026039
4010,chrono,0.0820173295200189
11432,joined,0.08201724004150385
20131,strangely,0.08200335771729116
16993,rebels,0.08198607973440176
8854,gba,0.08190573757972873
13660,mouth,0.08186611162242963
3908,cheesy,0.08172479141007769
18696,sharp,0.08169603184317854
19697,spira,0.08168611851686375
23767,yuna,0.08168611851686375
11874,landmass,0.0816643030698
4535,composer,0.08159159984680915
22247,unleashes,0.08158734370506725
11574,kasper,0.08156738513855612
15535,pickman,0.08156738513855612
3390,calls,0.08156080220994817
23078,weaponry,0.08147639100950373
14899,outfit,0.08146382961554906
3503,carbon,0.08144949695302008
12857,massacre,0.08143207212636601
10769,infiltrates,0.08143207212636601
20943,tenchu,0.0813271235018081
9658,happens,0.08130882650365352
2896,booth,0.08130780740299573
4989,courtside,0.08130183164564239
15396,permanent,0.0812643718058803
9112,goblet,0.08123522162552575
19652,spellcasting,0.08123522162552575
14803,orchestral,0.08116935624655579
7370,excitement,0.0809205342616201
704,absence,0.08091240253315327
8005,fine,0.08090915330816854
21507,topp,0.08088451450122419
22879,wacky,0.0808143769638167
11797,kudos,0.08076484048222031
5797,desert,0.08074618464748486
22437,uru,0.08068534879558109
3676,cavern,0.08068534879558109
1810,assaulting,0.08067623497084123
3891,checkered,0.08067623497084123
19766,spring,0.08062633963244782
4731,contain,0.0805718524284674
17073,rectify,0.08056359088750284
377,2player,0.08054186022071362
19831,st,0.08052776389060692
11057,internationally,0.0804801264528712
5013,cowboy,0.08045577364064828
20421,superb,0.08043993394895001
15798,playstation2,0.08043320280744536
3718,celtic,0.08037580321982656
11800,kung,0.0803113054908382
18745,shift,0.08030345847504133
1990,author,0.08028405854809463
17015,recently,0.08021010433900551
7227,esrb,0.08018443718062988
8475,freelance,0.08013923083675092
22304,unrivaled,0.08012419062018987
8660,fuzion,0.08006576062249121
6151,distance,0.08006329944831032
23632,xtreme,0.08004149775113918
101,10px,0.08002805207669564
658,999999,0.08002805207669564
256,1px,0.08002805207669564
307,20px,0.08002805207669564
2330,battlegrounds,0.08002337528078315
13007,medical,0.0800115917784245
11616,kennedy,0.07995467557270138
969,adventure,0.07992683790817674
22334,unusual,0.07990908296841144
8943,geometry,0.07990781179741
8536,fritz,0.07987512286444881
13296,miniature,0.07986251962720758
5715,demo,0.07985948939010312
22427,urban,0.07985611510794251
13957,nationwide,0.079844394052441
5704,demand,0.07979945734304143
19939,state,0.07975236355705664
982,adventuring,0.0797018790287195
6464,drift,0.07966095777949629
16019,post,0.07963492221059877
4048,circuit,0.07962687687224142
23192,whacked,0.07962437796567809
12736,mankinds,0.07954065231238398
9624,handling,0.0794684747701971
18984,simpsons,0.0794612025640786
3103,bring,0.07942765707468986
6508,drops,0.07939918410985118
12167,lifelike,0.07938299291711572
5557,deception,0.07936904216381223
20713,tailgunner,0.07936843339227187
6356,downinterceptors,0.07936843339227187
2092,b17delivers,0.07936843339227187
262,20000,0.07936843339227187
12404,longrangedaylight,0.07936843339227187
2850,bombersfrom,0.07936843339227187
10914,inon,0.07936843339227187
2093,b17sin,0.07936843339227187
15277,payloads,0.07936843339227187
23748,youtake,0.07936843339227187
8165,flightsim,0.07936843339227187
1796,aspiring,0.07936519544102999
22922,wand,0.07933358035338538
16432,proved,0.0793160360201672
17142,refreshing,0.07930587646984676
400,32bit,0.07924034131356449
23373,wishing,0.07923978216248422
10325,hoyle,0.07918826361840099
23444,woody,0.07916576770897651
1522,antitank,0.07916028928947512
18869,shrines,0.07915104072472422
4881,cornish,0.07915104072472422
21805,trodden,0.07915104072472422
13118,message,0.07913360392388002
21770,tricky,0.07913279527586847
14298,nononsense,0.07913003862492422
7074,ensuring,0.07903091860308027
3215,builtin,0.07901422713051691
22280,unpredictable,0.07898414989898726
3065,breeding,0.0789250692621832
2060,aware,0.07885941448003933
8201,flow,0.07883272435775773
20785,taps,0.07878729565116778
5263,cult,0.07873160760719078
15131,panzers,0.07872094169358565
4319,collard,0.07869061295807538
20053,stobbart,0.07869061295807538
1396,andputs,0.07867857953432647
18185,sas,0.07867051437456457
14402,nuclear,0.07866443083374568
691,aboard,0.07860561017051404
10923,insane,0.07859916111975217
17880,ron,0.07858910727904918
19150,slap,0.0785826363724611
18937,sigma,0.0785479493932629
4250,coarse,0.07850688778277377
23779,zany,0.07849842413580213
10596,implements,0.07844439619710765
11871,landings,0.07841686023674692
21282,throwing,0.07839666893748233
15512,photorealistic,0.07837863857702808
12018,learns,0.07837803613970608
4867,coral,0.07834735424102947
22583,vault,0.07833677088266462
883,adapter,0.07832217692001658
14944,outwit,0.07828289720440812
300,2032,0.07826346533635067
17083,redefines,0.0782071696545609
16956,realizes,0.07820306580631961
4657,conquered,0.07816006133199897
14468,obliterated,0.07815720988258694
13976,navigation,0.07814460132708183
4534,composed,0.07811036390820265
10248,horrorbased,0.0781095842552395
8431,franchetti,0.0781095842552395
11292,jackie,0.0781095842552395
7237,estacado,0.0781095842552395
10214,hoop,0.07810246051688359
16651,queen,0.07808595373380313
14056,neighbors,0.0780627483735397
13134,meteos,0.07805128226661043
12433,lore,0.07802078638458601
20777,tap,0.07797706924860404
5788,descendant,0.07791713325104525
7733,farms,0.07788276963291872
23186,westwood,0.07786954899490874
10777,inflict,0.07786779983740826
1815,assemble,0.07786138459207977
1806,assassinations,0.07784395737554618
4369,colton,0.07782561742276607
3462,capacity,0.07781619669937247
16747,radical,0.07776406034482042
23635,xwings,0.0777039395044961
6716,economic,0.07766003632613845
5455,daunting,0.07765760427682715
9808,heal,0.07763372537651661
12378,logos,0.07760671966973824
1075,aggressive,0.07760286850088759
9845,heavy,0.07758542206806447
2456,beings,0.07754145083501848
8014,finetuning,0.07748682267078602
10660,inch,0.07747640226696396
20010,steps,0.07746682585723808
7167,equal,0.07743698436256118
295,2015,0.07743203392936138
10357,humanistic,0.07743203392936138
16430,proudly,0.07743203392936138
22416,upscale,0.07740324803397625
12284,listen,0.07739907069050592
3296,butt,0.07730919734158372
11984,laying,0.07724643919103674
21144,thermal,0.0772290607822482
3688,cdrom,0.07721400949324836
17630,rewarding,0.07720965018340414
23083,weaponsbased,0.07720360917984377
18195,satisfy,0.07719595728056379
20300,subjects,0.0771920512929657
7400,exhibit,0.077134639822217
6632,dynasty,0.07713319534246663
9794,headquarters,0.07705045706246563
3045,breaker,0.0770251605973598
10428,hyperstylized,0.07701556319056324
17169,regional,0.07700973748504332
10539,imagined,0.07700914578383543
13077,mention,0.07700111774824837
12682,malevolent,0.07699542132354029
6183,disturbing,0.07696380874317481
9985,highadrenaline,0.07694434561731166
16009,possessing,0.07691565660208224
8079,fitting,0.0768924232345678
10454,icy,0.07687770396322431
10141,hogwarts,0.07687770396322431
19465,sophomore,0.0768631355849894
13735,multi,0.07685715560753908
7853,federation,0.07680819320514212
21647,trainers,0.07677437002149998
23520,wouldnt,0.07676286309405816
4364,colossal,0.07674263506941931
10193,hon,0.07672521628129766
13480,moment,0.07671000586488347
2115,backdrops,0.07664826556764584
15082,pair,0.07663167128712738
22406,upload,0.07661855865382708
14437,nwn,0.07658362521232134
5501,deadlocked,0.07656787279701811
7534,exterminators,0.07656787279701811
9795,heads,0.07654537379226466
18469,sections,0.07650862050237216
5324,cutoff,0.07650201350142884
2398,bed,0.07645331618652401
1095,aht,0.0764444834121396
9995,higherlevel,0.0764444834121396
22432,urhgan,0.0764444834121396
23809,zilart,0.0764444834121396
5726,demonic,0.07638435355245934
4839,cooperate,0.07637235557779605
23404,wits,0.07635325540355388
7504,expose,0.07633189217501714
16714,racers,0.07631910182304184
19802,squadmates,0.07628781397859512
9669,hardboiled,0.07627566560006332
1394,andor,0.0762640165590392
193,1914,0.07622418278855429
21227,threadswith,0.07622418278855429
4044,circa,0.07622418278855429
23583,wwi,0.07622418278855429
11067,interrelated,0.07622418278855429
4792,controlling,0.07621705947770857
18861,shows,0.07620790370691177
8385,foundation,0.07620562335455368
14107,neverbefore,0.07618937263069296
4768,continuous,0.07614027042358677
13740,multicard,0.07613843916189358
19242,slows,0.07611963206253392
14837,orks,0.07605804616602871
6796,eldar,0.07605804616602871
7915,feudal,0.07599653374406387
10300,hours,0.07599044736844106
4724,consumed,0.07594944739298003
19229,slots,0.07589205482021506
20025,sticks,0.07581893166275214
11734,knights,0.07581424934227016
23578,ww2s,0.07575597200078237
14753,operational,0.07568968060598753
10551,immense,0.07567982613855642
19309,snake,0.07567177482769273
9519,guy,0.07562770208613558
14749,operates,0.07561856595800445
21045,thatll,0.07560692566911943
21375,timer,0.07560243988072309
9039,glaive,0.07559817203864867
19616,specials,0.07558097373387944
18511,selected,0.07556775642447461
8953,germans,0.0755527817512458
7698,fanaticism,0.07550520009165876
3262,burn,0.07549998489538225
1716,arohk,0.07549727499836723
18043,rynn,0.07549727499836723
8411,fpw,0.0754583008330918
20622,swordfighting,0.07544256060712473
9353,grim,0.07541138632439065
23240,whiteknuckled,0.07539285176300264
19848,stage,0.07535203658029854
21732,treats,0.07533594877352838
18691,share,0.07533190197801279
8585,fullcourt,0.07532562140674372
12408,look,0.07529761561591611
12527,lunch,0.07528503447258622
13808,muscle,0.07527505492831214
21884,tunes,0.07523022604704536
15971,port,0.07521235600195074
17493,responsive,0.0751904492363216
3367,cake,0.07518376756644073
10455,id,0.07512218680434027
18016,rural,0.07502938644516592
11748,knowledge,0.07496056894779349
4461,communicate,0.0749325723258159
18758,shines,0.0749241556717643
18566,september,0.07490216898301476
5162,critical,0.07483281655744849
16220,prevail,0.07482290934982974
1308,ambushes,0.07482270737952201
16926,reacts,0.07480231440666578
5327,cuts,0.0747509280483946
9858,heero,0.07474784311590482
23769,yuy,0.07474784311590482
13490,money,0.07474524396839179
12849,mashing,0.07471406841398893
16112,precise,0.07471153389808242
7868,fees,0.07469761097745252
1108,aikido,0.07461768001585321
23311,williamss,0.07461256927119869
11261,iteration,0.07461234939497309
18108,salary,0.0745878441382692
13006,medic,0.07458306240910678
20866,teamwork,0.07457734239376371
5238,cryptic,0.07457521986266774
21821,trophy,0.07457155827558344
13539,moody,0.07451772022413068
5039,crandall,0.07450959412976958
8038,fireflies,0.07449732277546159
16086,practice,0.07447127118007105
2970,boxer,0.07443648361662569
12535,lurk,0.07440601738016257
16243,primal,0.07436717624309917
23560,writers,0.07435291117773629
21254,thrillers,0.07431913320551506
1844,assuming,0.07428089892064549
16928,reader,0.0741896051689413
11464,joyful,0.0741896051689413
23453,wordmaking,0.0741896051689413
19653,spelling,0.0741896051689413
15502,phonics,0.0741896051689413
17579,revelation,0.07416775228740086
3025,bravo,0.07413580472764382
15369,perfecting,0.07409106366322574
18709,sheep,0.07402038380587225
6042,disable,0.07400402734246996
7626,factors,0.07397973986672264
5655,deformation,0.07396304170720625
20209,strong,0.07395042369799723
19555,spaceship,0.07392131963615534
6093,disease,0.07390695974924276
5754,depends,0.07390392304446149
13279,mindless,0.07388614968230002
1485,annoyingly,0.07388519121704212
3629,casualties,0.0738717054299641
17757,ritualistic,0.07384385593166819
12596,macphersons,0.07384385593166819
4098,clairvoyant,0.07384385593166819
18554,sensuous,0.07384385593166819
3142,brotherinlaw,0.07384385593166819
22625,velvet,0.07377538347462285
2925,bossfight,0.07376028671714135
15524,pi,0.07372626787685889
3066,breeds,0.07371977687445433
5482,dbz,0.07370379754300832
11033,interested,0.07367688423917462
15969,porsche,0.07364690088044737
17392,reproduced,0.07361183069536621
21260,thrive,0.07357143193367685
7976,filled,0.07352076715734705
3105,bringing,0.07351835597728386
17570,rev,0.07349815741363613
20472,supplied,0.07349315993767329
20365,suffer,0.07348841844258361
14329,norse,0.07342625411299433
7472,explain,0.0734154126949582
761,acclaims,0.07339886885336916
2424,befriending,0.073316947375498
15425,personalityrichly,0.073316947375498
15203,parttime,0.073316947375498
4200,closed,0.07325259826169199
6861,embassy,0.07322935667315729
1693,arm,0.0732111166426253
2065,aweinspiring,0.07319541310960523
5158,crisp,0.07317429428169511
20801,tasmanian,0.07314017651935899
12657,maitland,0.07311303084071381
15527,piata,0.07310347444328433
20945,tendencies,0.07306253172058581
11002,intelligently,0.0730594835151197
14605,ofthe,0.07302105294317929
11872,landmark,0.07300444861996012
21337,tightly,0.07297242635561627
4218,clouds,0.07291570969945799
1636,arcane,0.07289348516029516
7917,fever,0.07287673613887231
3873,chasing,0.07286427190380476
5791,described,0.07281988488002204
8566,fs,0.07281008042677027
6604,dwarf,0.07275649922116569
5569,decisionmaking,0.07274066285963689
12619,mage,0.07272929298939511
3551,carnbys,0.07269018770925796
16156,premier,0.07268880256303435
15944,pool,0.0726475410758902
10901,innocence,0.07262214845657526
3152,bruckner,0.0725861733762631
22973,warning,0.07258550760808354
17168,region,0.07256101927014583
23322,window,0.07243621004477209
22133,understated,0.07242821667359743
9776,hd,0.07240279684845738
3192,budget,0.07240081123435266
4510,compiles,0.07239418646714442
12123,levers,0.07234900883263763
16364,promathia,0.07234394348084104
18280,scheme,0.07233872516076423
11031,interceptor,0.07229179291684232
10014,highlights,0.07226662506009422
23826,zoning,0.07226267681753717
7057,enrich,0.07225788172320659
17295,remixed,0.07221523995814148
5585,decorated,0.07220050140510131
18434,seasoned,0.07218366475043504
14209,nitrous,0.07217975321790952
8805,gangsters,0.0721353339074367
4901,corridor,0.07209302119071884
9520,guybrush,0.07206789509972326
1823,assign,0.0720219110235188
18583,serial,0.07199781703823858
17065,recreation,0.07198844416611098
8358,forth,0.07198098629811564
5914,devours,0.07184131331206275
249,1all,0.0718312371556483
18403,se,0.0718312371556483
11520,jurassic,0.07181484427838493
17089,redfield,0.07181236546920997
2102,babes,0.07179985335007565
5366,dagger,0.07179614085005705
10027,highlyclassified,0.07179191264482367
17375,replicates,0.07179191264482367
9381,grossing,0.07179191264482367
7480,exploits,0.0716741285030375
9626,handpainted,0.07163367926118075
15789,playoff,0.07162532776361816
10580,impending,0.07160849832358526
16272,prisoners,0.07158033434830274
8383,fouls,0.07157624808095739
11882,language,0.071554655298922
14326,norrath,0.0715039702189097
6495,droid,0.071481368765193
5549,decaying,0.0714475469471694
7479,exploited,0.07142719933872019
6124,dispatch,0.07142392168762322
3369,cakes,0.07140721841249695
2159,bake,0.07140721841249695
1675,argilus,0.07140008338633673
304,2083,0.07140008338633673
5132,crewmate,0.07140008338633673
18285,schism,0.07140008338633673
10949,installationsall,0.07140008338633673
1827,assignments,0.07130155636721949
9905,helpful,0.07129051597058565
14768,opposing,0.07128027494898183
18916,sidescrolling,0.07127480627317208
8950,geralts,0.07125591654233501
12274,lip,0.0711837506172782
6241,doctrine,0.07117848836266355
4447,commissioned,0.07117848836266355
20630,sworn,0.07116315253916423
3272,bursting,0.07112705941778105
12968,mean,0.07109509686645671
9782,headed,0.07101716399229774
19383,sodium,0.07097764038593499
10038,highpowered,0.07095678995452806
12037,leg,0.07089418711847512
10967,instinctively,0.07084862481154353
22311,unscrupulous,0.07076771589104865
12827,martialarts,0.07075635603073083
22185,unfolding,0.07074103387286407
14512,occur,0.07070400187113782
12954,mchale,0.07065409663831405
5552,deceived,0.07061513209519561
21822,tropical,0.07060592559576641
8234,focused,0.0706030355055997
21252,thrillaminute,0.07055532026780797
6152,distances,0.07048687188565499
14921,outofthecar,0.0704815861759439
1609,apu,0.0704815861759439
15539,pickups,0.0704815861759439
387,300plus,0.0704815861759439
13799,murder,0.07047773989061813
20281,styling,0.07047098433458893
20320,subscription,0.07046459245454084
16864,rash,0.07045527644602728
15917,political,0.0704321672369928
5008,coveted,0.07042361633292753
3821,characteristics,0.07040639269582438
16955,realized,0.07040431157197102
7640,failing,0.07033314629679124
2354,bazookas,0.07030619090784987
9789,headlines,0.07027205954233402
1637,arcanum,0.07025002395480766
6111,dislikes,0.07024447618621342
13794,mundane,0.07023006409289233
12990,mechanics,0.07022221413264819
4541,comprehension,0.07021002325338567
6775,egyptians,0.0702096095307911
1887,atlanteans,0.0702096095307911
16905,raz,0.0701748305590579
10740,industryleading,0.07017227777823545
19410,solid,0.07014854570533052
22550,vanished,0.07011176283648712
19217,slips,0.070110943207733
98,10man,0.07007692636161811
10077,hints,0.07002697814127481
19539,space,0.06997350714357845
20542,suspended,0.06997330183948043
10650,inaugural,0.06995296423289826
15417,persona,0.06995127929926985
14349,notably,0.06992288549633217
11239,isometric,0.06990462954565664
5650,definitive,0.06985345288570863
4633,confronts,0.06984153414432995
5121,credits,0.06983955797349872
18066,sacrifice,0.06981802195967525
18081,safe,0.06980300485879588
8993,giant,0.06977255974808683
22353,upc010086680065,0.0697242477893145
1053,age12,0.0697242477893145
14239,no68006,0.0697242477893145
285,2008,0.06970766048075559
19775,sprint,0.06968919472618236
12489,loyalty,0.06963928196350515
23487,worldrenowned,0.06963555764032338
19777,sprites,0.06962120807576884
15794,playscenes,0.06960240591156007
4885,corporal,0.06955232973602613
8330,forget,0.0695253479123089
3630,cat,0.06951403822468971
15915,polishing,0.06950155812600504
18448,secondary,0.06946918463086268
9459,guides,0.06942744512704624
11943,latest,0.06933384607475317
13307,minimal,0.06929469386391116
5037,crafty,0.06919980394304018
3091,briefing,0.0691924496309124
12609,madman,0.06917509154000447
9315,greatly,0.06916927637007436
12803,marketing,0.06916020342766657
17545,retouching,0.06915608691819572
11724,klingon,0.06915608691819572
7502,exporting,0.06915608691819572
13371,missioncreation,0.06915608691819572
22203,uniformed,0.06915608691819572
3071,brelclass,0.06915608691819572
3355,caesar,0.06914520314240528
22000,tyria,0.06913907446822046
20513,surround,0.06912039537821159
8017,fingers,0.0691189157242948
3832,characterseach,0.0690918910596642
6938,encountering,0.06907074518374685
13252,millennia,0.06906082522191123
12816,marry,0.0690467508596497
5521,deathmatch,0.06901253937641967
21726,treat,0.06898971877590686
11780,korean,0.06897632063743539
16000,positioning,0.06893883336919396
19007,sin,0.06893661663380231
6579,dunk,0.06892672284734896
13498,monitors,0.06887421012235667
20174,strength,0.06883187761240576
3478,capri,0.06883084910626186
6434,dreaded,0.06876919782806273
16923,reaction,0.06876721787072154
1646,arches,0.0687543792794834
16192,preshot,0.0687543792794834
899,additionally,0.06874817563757789
20815,tau,0.06874630743821361
11791,kronus,0.06874630743821361
20296,subdue,0.06858775663101566
5219,cruisers,0.0685654102406843
10898,innate,0.06856094149009746
8700,galaxymankind,0.06856094149009746
5239,crypto,0.06856094149009746
8642,furon,0.06856094149009746
8499,frenzied,0.06854614803051294
4912,cortana,0.06853047182464139
17380,reporting,0.06852342156374161
8058,firsttime,0.06852342156374161
9440,guarded,0.06847515573314124
21864,ts,0.06845166972788512
18112,salieri,0.06845166972788512
23836,zoot,0.06845166972788512
13705,msr,0.06841488427681522
12072,lengths,0.0683994712843203
11732,knife,0.06839443870893097
1905,attached,0.06835454147540444
23518,worthy,0.06832985804135816
4052,circumstances,0.06831411232479044
1398,andreas,0.06828644600191042
7186,eras,0.0682634193768189
10549,immediate,0.06821238930745677
17680,rider,0.06821078338294102
5027,crackdown,0.06818238650147183
23517,worthwhile,0.06817817545432557
6203,divided,0.06814991274989426
19513,soundtrack,0.06814222045752089
20736,taks,0.06813819180346675
21434,tlaloc,0.06813819180346675
210,1946,0.06812475615653675
22398,upgrade,0.06811518044658374
23640,yagyuu,0.06809747515386336
19619,species,0.06809690183967783
20806,tastes,0.06808949925853204
5763,deployed,0.06807079763789896
20283,stylish,0.06804480074942144
22833,vol,0.0679781581935315
14853,osea,0.06797009209310888
12787,marine,0.06796986594299033
6695,eating,0.06796009805531351
16415,protecting,0.06788742519856705
7188,erases,0.06787209676594487
18278,schedulesforgiving,0.06787209676594487
13383,mistakesplay,0.06787209676594487
2786,blunders,0.06787209676594487
18615,settingssuspects,0.06787209676594487
2044,awaits,0.06787066747672528
14933,outset,0.06782128913639762
3113,britain,0.06782059421237806
13404,mizuguchi,0.06780671886121441
5452,dating,0.06777217525737105
1773,ashore,0.0677624023562368
805,acid,0.06775612103125118
11959,launches,0.06772164539136223
16251,primitive,0.06772029999671182
21288,thrusts,0.0676997314978453
7604,faceoff,0.06767902667939414
7910,fett,0.06767790159260684
2200,band,0.06764791197384103
16623,quad,0.0676429067570968
8130,flaunt,0.06763692844411119
3049,breaks,0.06761454235518974
2854,bombs,0.06757758954906717
2971,boxers,0.0675389549476971
14187,niko,0.06747879860909713
8164,flights,0.0674175466366569
18330,scoreboards,0.06741365694390287
14638,ominous,0.06739723594630621
14700,onice,0.06738730924045153
7267,evade,0.0673798752798563
12375,logical,0.06735895809550389
20323,substance,0.06735269976880909
11601,keeper,0.06724990506849934
14536,oddly,0.06722121212302981
15445,pet,0.06721185993051629
6565,dug,0.06714648602781426
17921,roundball,0.06707685938928203
6084,discovering,0.06703464144467122
4833,coolest,0.06699345806094369
5790,descendent,0.06698236187031756
23365,wisdom,0.06698236187031756
4046,circles,0.0669484295499953
1851,asteroids,0.06689189279391725
10530,imaginable,0.06688425990683204
3637,catapults,0.06686846189326223
17190,reich,0.06686416049581446
3650,categories,0.06685453242300385
20396,summoned,0.0668506145108149
15014,owns,0.06684702730295547
8591,fullon,0.06684420891384413
3427,campy,0.066842740124386
5179,crooked,0.066838409392481
9706,harnessing,0.06683822240419081
12354,lockhart,0.06682497067881316
23720,youknowwho,0.06682497067881316
16406,prospective,0.06679191530880114
10343,hugh,0.06676981139652488
17022,reckless,0.06676538259068308
6993,energies,0.06676166294402301
13054,membership,0.06675924240046925
7932,fictional,0.06675084997893199
257,1st,0.06673639472045319
17017,recesses,0.06673350498503663
8905,genesis,0.06669865118338676
14482,observatory,0.06669139044653526
17620,revolver,0.06660294099274021
20200,strip,0.06654997892329889
18432,seasonal,0.06651944490436147
21773,tries,0.06651816895392991
302,206b,0.06651654650840619
2824,boeing,0.06651654650840619
3752,cessna,0.06651654650840619
574,747400,0.06651654650840619
1870,atc,0.06651654650840619
10025,highlyacclaimed,0.06651590873300374
12800,market,0.06651132675493841
11921,las,0.06649192821398808
5821,desperately,0.06646332667313172
19774,sprinkled,0.066442030392643
21917,turrets,0.06644002850133046
3807,chants,0.06642726828679343
2593,billion,0.0663607125409162
6066,disbeliefformat,0.0663607125409162
22357,upc020626725835,0.0663607125409162
14241,no72583,0.0663607125409162
18371,screen,0.06634131853671518
956,adults,0.06631633910327522
4283,coexist,0.06631449543545746
15924,polygon,0.06628048062899837
22811,vividly,0.0662718528153193
20748,talking,0.06626060922804011
22828,voices,0.06625606507368287
5868,determined,0.06624902187544107
7119,entrepreneurial,0.06624886065070686
21444,todays,0.06617823364634301
2343,battleships,0.06614993875034639
10572,impacts,0.06613834461479193
5671,degrees,0.06613819691774207
4843,cooperatively,0.06612428857812243
10151,holes,0.06611328547403612
10583,imperator,0.06609664921306134
10656,incarnation,0.06606424976819725
8800,gangs,0.06604828356928043
3796,change,0.06602687083655998
22923,wander,0.0659615499868602
19570,spans,0.06592730116933895
5157,crisis,0.06591203391069764
2452,behold,0.06591184924223699
7020,engrossing,0.06587810445302289
2244,barnyard,0.06583962650473237
16973,rear,0.06583159607575108
4167,cliffs,0.06582779258958982
15662,plague,0.06582702233448104
3487,captive,0.06582481225619591
18743,shields,0.06578309291160421
14348,notable,0.06577199794918602
3310,buy,0.06575286432930916
13302,minigame,0.06573823233351134
1607,april,0.06567888457932938
12504,luclin,0.06566957775999772
9483,gungrave,0.06564759627881031
2874,booby,0.0656390341327793
1734,arsenal,0.06552861718517428
14984,overtake,0.06552005134356778
6444,dreamland,0.06551440412131838
18817,shortcake,0.06551440412131838
9750,haven,0.06551116640177884
16082,powerups,0.06550461177021039
6937,encountered,0.06546636083818215
7083,entertained,0.06544473952743751
4267,cockpits,0.0654328046660762
19424,solutions,0.06543248863960394
14962,overhead,0.0654167675131809
8049,firmly,0.06541374577311747
5583,decor,0.06538548183706289
2133,backstory,0.06533056575265911
3749,certified,0.06532636246243308
11447,joseph,0.06532101221375597
13336,minutes,0.06531976083369781
5489,ddr,0.06531896582118468
2684,blaster,0.06531328191236274
849,actions,0.06529888499053428
9743,haunted,0.06526742087968818
15683,planetary,0.06525437553694177
17711,rigs,0.06519612486344492
15981,porter,0.06519162237538649
7745,fascists,0.0651890770761617
23251,wholly,0.06518778573424186
7465,experimentation,0.06518601707305062
21171,theyve,0.06513690556891467
3429,canada,0.06507954406204981
6438,dreamcastcompatible,0.06507138148839071
4917,corvette,0.0650614613630593
4260,cobi,0.06503963610576086
1610,aquarium,0.06502431600497496
1641,archaeologist,0.06500830984248061
5910,devotion,0.06499437088086016
14457,objective,0.06498354782805044
21494,toolset,0.06493293043461316
1074,aggression,0.06488248812944532
15966,popup,0.06486432873072667
11913,largerthanlife,0.06480884667196425
17440,resemble,0.06479127189385163
23158,welldressed,0.0647798742076307
7129,envied,0.0647798742076307
13550,moral,0.06474413610905316
14344,nosgoths,0.0647031126307314
6009,dino,0.06468395194787152
10457,ideal,0.06466557386314367
15728,platoon,0.0646451890677881
5766,deployment,0.06463466927240147
8512,friction,0.06462217718807463
11001,intelligent,0.06458374986360596
19599,spearhead,0.06458209335541729
8185,flood,0.06458206110330192
3999,chose,0.06457320692354317
7454,expense,0.06455166901417118
11054,internal,0.06452015456377502
12012,leaps,0.0645088067700092
7726,fares,0.06443338889176066
706,absolute,0.06442593203076938
7518,exquisitely,0.06435200450022724
4252,coaster,0.06434578334548943
230,1990,0.0643333515069089
23337,wingman,0.06432412841496943
20694,tactically,0.06432224840551047
11355,jeanluc,0.06427513106344612
15904,pokmon,0.06426835478838702
10205,honor,0.06426347448758633
12340,locals,0.06423280188066831
6935,encore,0.06421450650817331
13442,modernized,0.06421413262072874
7582,f4,0.06421413262072874
4295,coin,0.06419966524774967
5068,crawling,0.06417979008733507
5081,crease,0.06415289117292357
23523,wound,0.06414222715465488
9455,guidance,0.06413663343021234
6167,distracted,0.06413133647503028
18513,selection,0.06412589304755358
7445,expecting,0.06407894709692265
22547,vanguard,0.06405713644577704
11227,isis,0.06405375794058059
12546,luxor,0.06405375794058059
5337,cyberpunk,0.06404884364060881
1463,animeinfluenced,0.06404884364060881
17794,robber,0.06403324594034591
15116,pandemics,0.0640227730011634
20215,strongly,0.06401579632411142
12438,loses,0.06399480287678787
1117,aiprove,0.06396175773696842
3773,challengeone,0.06396175773696842
20892,technologychoose,0.06396175773696842
13184,microphones,0.063874301181005
11779,korea,0.06385899711146371
2397,beckons,0.06385146935324415
5177,cronies,0.06384488680158197
21492,tool,0.06383167357388127
10715,indigenous,0.06378464627673035
12262,lingo,0.06370111300895281
21286,throws,0.06367301438147999
23007,wastes,0.0636728636035302
8598,fully,0.06365029231924074
6178,districts,0.06361440076970937
20766,tank,0.06359427305530144
21621,trademark,0.06357329915624914
10251,horrors,0.06357064483961081
17982,ruined,0.06355598177691901
16501,puck,0.06352169499094978
6720,economy,0.06349917014608675
15262,patterson,0.06349643163779645
5307,customer,0.06347475378737312
5751,dependant,0.06339689919687724
2922,bosconian,0.06339499629606762
23612,xevious,0.06339499629606762
19171,slaying,0.06335402944836567
3541,carl,0.06334336376945177
17994,rumored,0.06332829556818119
2935,bots,0.06330034041303267
13876,mythical,0.06328692830897321
4124,classics,0.06324717425389643
14122,newfound,0.0632315992829632
16875,ratinge,0.06321752436682464
10943,inspire,0.06321743897606792
8836,gateway,0.06321301398223175
18957,silky,0.0631961611750827
18383,scrolling,0.06317824927968814
12270,lion,0.06317760433965428
3524,careen,0.06315734187922739
5649,definitions,0.06314982917182876
12263,linguists,0.06314982917182876
18355,scrabblelike,0.06314982917182876
4485,comparison,0.063136179989167
20937,tempo,0.06310111153094727
1897,atop,0.06309640557909901
22321,unstoppable,0.06308364533884006
18196,satisfying,0.06306409509586773
20258,stunt,0.06302533713521133
18731,shepherds,0.06299396211722948
23262,wicked,0.06299020403574443
1643,archer,0.06298650894657479
5942,diddy,0.06297733492378474
12235,limitless,0.06295297280941338
2482,belly,0.06292411070077208
8051,firstever,0.06292182635366546
11710,kirby,0.06291254361929662
20252,stunned,0.06280107579228536
17487,responds,0.06280107579228536
23531,wrap,0.06276003356309745
5144,crimestory,0.06275525203750551
4415,comicscreens,0.06275525203750551
14460,objectives,0.06273205490521465
22062,unassuming,0.06267558607744375
2594,billions,0.06265478845200437
16532,punch,0.06256827633057567
10687,incorporating,0.06256746948619521
10476,ign,0.06255117789492853
3387,called,0.06253957482893945
2468,believable,0.06252899492316288
16543,punk,0.06252202873703921
13608,mothership,0.062516309371284
23679,yes,0.06251472151810636
18875,shrubs,0.06246711783735489
16339,programming,0.06245939316248789
1892,atmospheres,0.06245881134960058
5794,describing,0.0624437925343673
10232,horizon,0.06243404603557438
2483,belmont,0.062420106707202376
8551,frost,0.06237181077362434
16151,prehistoric,0.062350611500214974
16848,rapid,0.06234941494571961
15672,plane,0.06234506731207325
13344,mirror,0.0623226878628449
17660,riches,0.06229369858212029
14367,notoriety,0.062291472609281744
17582,revenant,0.062266726764643815
5999,diner,0.0622643435733971
7063,enshrouded,0.06225819406395648
9383,grotesquely,0.06223053035644963
2620,bioware,0.0621943414989994
11678,killer,0.062172714061366555
22635,vengeful,0.06215436512969467
11021,inter,0.062148667020751856
14043,neglected,0.062136621927525545
23816,zoe,0.0621145984595666
9226,grail,0.06211220372569964
3934,chicago,0.06207310009234453
2878,books,0.06207240678548525
14442,nyp,0.062063504677614505
8222,flyer,0.062063504677614505
12239,lindberghs,0.062063504677614505
12450,louis,0.062063504677614505
15544,pictures,0.062055742724354046
14097,networked,0.06205127581872229
22564,variations,0.062024421147031446
1555,apocalyptic,0.061992905481871384
10609,impossible,0.06197159287839797
10123,hitters,0.061970538672116604
8394,fourmember,0.061962792596755925
15129,pants,0.06193892257379683
9874,heirs,0.06192722065798435
14514,occurred,0.061899568987376266
16640,quarantined,0.061899568987376266
22187,unforeseen,0.061899568987376266
3916,chernobyls,0.061899568987376266
19867,stalkers,0.061899568987376266
16750,radioactive,0.061899568987376266
17815,rocked,0.061899568987376266
15872,poachers,0.061899568987376266
3915,chernobyl,0.061899568987376266
17058,recovered,0.061899568987376266
228,1986,0.061899568987376266
22027,ukraine,0.061899568987376266
13875,mythic,0.06180552928401209
17549,retribution,0.06179761512748588
9996,higheroptional,0.0617444050106156
2999,brainteasing,0.0617444050106156
13570,moresystem,0.0617444050106156
6488,drivers2,0.0617444050106156
9993,higher128,0.0617444050106156
404,336,0.0617444050106156
15758,playercompete,0.0617444050106156
3518,cardkeyboard,0.0617444050106156
13111,merriamwebster,0.0617444050106156
16341,programpentium,0.0617444050106156
16809,ram50,0.0617444050106156
13658,mousemicrosoft,0.0617444050106156
190,18x,0.0617444050106156
3510,card16bit,0.0617444050106156
7761,faster16bit,0.0617444050106156
22520,validation,0.0617444050106156
20964,tequila,0.06173385650772442
18751,shimmer,0.061710414069806985
16413,protect,0.06169021443975516
14745,opera,0.06166986766181462
14132,newspapers,0.061665521815595675
14176,nightmarish,0.061632946645469415
2948,boundaries,0.0616161771229428
17593,reverse,0.0615123237680359
13930,narrative,0.06150516746872813
23460,workers,0.06148004357899969
12491,lt,0.06145534537033152
7800,favors,0.06145412703735974
8112,flank,0.06144238807374312
19239,slowmotion,0.06143988958683304
6822,elephants,0.061411975567789184
6118,disneypixar,0.061379645674371645
2053,awarded,0.06135881008776485
7236,establishing,0.06133542197920029
2916,born,0.061330180138457153
9373,groom,0.06130874782150824
3158,brush,0.06128192698380572
16484,psychopaths,0.06127651455306717
7104,enthusiasts,0.061198565841499165
11443,jonathan,0.06119450819258356
2054,awards,0.06112379427576654
16999,rebuilding,0.06109074601795345
5886,devastation,0.06108493120647832
21511,toppled,0.06106170581570499
6469,drink,0.06102390713662935
9911,helsing,0.061010651682631284
18786,shocking,0.06100723025343058
22554,vanquish,0.06099524868952251
13409,mmo,0.06098763986919487
8123,flashpoint,0.06095191412213132
23610,xenosaga,0.0609399574891146
6208,diving,0.060913738057063294
10627,improvement,0.060911966853685016
19213,slip,0.060875871619011084
21203,thomas,0.06086299101500223
8695,galaga,0.06084551214321464
17810,robots,0.060842209323244044
20097,storydriven,0.060823640164450694
12051,legolas,0.06081050427752495
1085,agreement,0.06081016781906016
3997,chores,0.0608057513352541
4856,copies,0.060749573466114995
17576,revealing,0.06070604566625059
1021,affection,0.06070432139433202
16351,progressively,0.06067733985045531
7017,english,0.0606307483722223
5421,dared,0.060614677069895456
23833,zooms,0.06059766565102545
20814,tattoos,0.06057668958542708
14479,obscurity,0.06054951195493606
4591,concession,0.06054477388093269
4610,conference,0.06048713712798135
9634,handson,0.06046902140770744
13805,murky,0.06043913357661616
6538,dualhanded,0.06043068120126305
14873,ounce,0.06042094700729726
11886,lantern,0.06042020200156876
4745,contestant,0.060411489935896616
3392,calm,0.06039708482114042
2575,bigger,0.06038643309991254
20249,stumbles,0.06036897824301674
15220,passionate,0.06033227849400653
4372,combat,0.06031340512192337
20618,swoop,0.06030047315470995
277,2004subscribe,0.06029139755230391
13700,ms,0.06028768348488269
15088,palace,0.060264936816510406
22971,warned,0.060252477868534576
17871,romancing,0.0602204527681545
19750,spotlight,0.06021926212189366
17754,risks,0.060164205410187584
9380,groovy,0.06015509906328723
486,4player,0.06009667774692687
12659,majestic,0.06009236148437894
21702,trash,0.060082349826855654
11699,kinetic,0.06007543812452209
4243,coach,0.060074983957053574
20362,sudden,0.06005579839082456
13908,naming,0.06003673619240781
5097,createatrick,0.06003673619240781
19935,staryou,0.06003673619240781
11099,intony,0.06003673619240781
17030,recognition,0.06002638018504494
6047,disappearances,0.05999023353541419
8528,frightened,0.05999023353541419
916,adjoining,0.05999023353541419
7493,explorethe,0.05999023353541419
9746,hauntings,0.05999023353541419
6322,dorset,0.05999023353541419
17088,redeveloping,0.05999023353541419
11453,journal,0.05999023353541419
9392,groundsand,0.05999023353541419
12946,maze,0.05997002841374293
12757,manufacturing,0.05996421379397272
17531,retailing,0.05996421379397272
10605,importing,0.05996421379397272
10948,installations,0.059957853450906325
8490,freeze,0.0598781955619602
2006,automatic,0.05984373401119158
9152,golfing,0.05983268414492541
18725,shelters,0.05982995018620902
5817,desolate,0.05982087937813385
12548,luxury,0.05978385420440384
13363,missile,0.05973618573565531
12267,linking,0.05970787365801144
7731,farming,0.05970782354123038
6914,emulate,0.05969464272248895
4864,copy,0.059680136115486546
2865,bones,0.05964124451172757
18577,serene,0.05962625661620273
11450,josiah,0.05960767727320847
21432,titusville,0.05960767727320847
5205,crowley,0.05960767727320847
4080,civil,0.0595999855353193
618,900,0.05959963805060703
23366,wise,0.059597352350072096
21214,thoughtful,0.05950675649167576
10195,honda,0.05950463266152425
11017,intent,0.059458636178133024
1695,armageddon,0.05944071240405876
16378,prone,0.05943051808213826
1032,afraid,0.05942649706470165
11366,jen,0.05941769696006144
22239,unknowingly,0.05941092685976932
2236,barely,0.05938485439225716
20108,storytelling,0.059378841075492156
8253,follow,0.05937425338511666
17894,roots,0.05934620972506867
3240,bumper,0.059346040761368034
12389,loner,0.05933309622408784
6867,embodiment,0.05933309622408784
3512,cardbased,0.0592947305038479
5417,dantes,0.059292816389518915
21482,tongue,0.059281566756113915
13483,momentum,0.059218773434226366
11468,jr,0.059213340503911985
21694,transylvania,0.059189310267591645
2353,bazooka,0.05917301642999275
22672,vets,0.059155614321811635
18855,showed,0.05913863689600734
15646,pixel,0.05913099419129622
8962,gestures,0.059100109544901656
17274,remained,0.059088870103423875
7656,faith,0.059079368665473524
17954,rpgstyled,0.05907478978827502
13289,minettes,0.05907185899349551
247,1a,0.05903321228787652
17857,rolled,0.05902331843201476
1993,authoritative,0.059022575436145794
866,activity,0.059022073420494675
5143,crimes,0.05901001104114631
13535,mood,0.058987265816248226
2733,block,0.058933411527215984
16336,programmed,0.05892962020096247
150,15gb,0.05884458913115453
440,3gb,0.05884458913115453
14237,no49297,0.05884458913115453
22385,upc752919492970,0.05884458913115453
6614,dx81,0.05884458913115453
12673,makind,0.05884458913115453
518,56kb,0.05884458913115453
6615,dx9,0.05884458913115453
8870,gefoece,0.05884458913115453
17420,requirementswindows98mexp2000,0.05884458913115453
1979,aurora,0.05883580291504058
13905,nameless,0.05883100750067487
17385,representations,0.058823277737825995
13601,mosquito,0.058815936362435234
13384,mister,0.058815936362435234
5749,departure,0.05877216037909402
17588,revered,0.058750637763689266
13177,microgames,0.05875006876154974
1290,amazon,0.05872537984407536
16296,proceed,0.058704317813807784
7346,examples,0.05870181301466584
4951,counterpart,0.05866271026074467
6424,drawback,0.05864270212719966
2959,bowels,0.05861214929602525
11639,keys,0.05860745768484497
6083,discoveries,0.0585725679925782
15160,paratroopers,0.05857242413457216
17449,reserves,0.05856595841657896
1544,apart,0.05855361323643241
3815,character,0.05855324106216682
20071,stopped,0.05854911679503932
21882,tuner,0.05843802207534796
10950,installed,0.05843239255911861
17034,recognizes,0.05836869416273459
8786,gamewinning,0.05836869416273459
5633,defenseman,0.05836869416273459
10438,icebut,0.05836869416273459
19531,soviets,0.05835814442137039
2386,beatemup,0.058300401373897734
15919,politicians,0.058286097693675515
12680,male,0.058285993207839996
11242,issue,0.05827329174309154
19805,squadrons,0.058261979526930886
3564,carrie,0.05825537638282093
6417,dramatic,0.05823969727820053
2395,beauty,0.058224937438874504
21691,transported,0.05818163263795297
9672,harddisk,0.0581800681314031
5781,derek,0.05812615850803911
20859,teamplay,0.058095836932505515
22948,wardrobe,0.05809428910311756
16554,pups,0.05808596900917258
15034,package,0.05808503172588282
18959,silly,0.05807879455245128
9056,glimpse,0.05803179669239256
3867,charts,0.058021318333696364
19167,slay,0.05802108748719976
11741,knocking,0.05802020615211482
6414,drakken,0.058007304361382024
585,775,0.057987980930285746
21871,tuck,0.057960742818858095
9479,gundum,0.057960117043457646
9817,heard,0.05795622629929431
7886,femme,0.05793209764614393
10806,informationenter,0.05789885646296572
23589,wwwnanostraycom,0.0578648775601061
11495,jumbled,0.0578648775601061
13914,nanostrays,0.0578648775601061
13913,nanostray,0.0578648775601061
15854,plugged,0.0578648775601061
10846,informs,0.05785398958698994
6783,eightplayer,0.05783036224114493
20633,sycamore,0.05782052874828905
17909,rotates,0.057786914678681085
22638,venture,0.057776465206465254
2622,biowares,0.05775781592854563
10130,ho,0.05775560075170335
16144,preferred,0.0577235469137898
7436,expansions,0.05772034820460946
13620,motivation,0.05770910023187481
3618,casting,0.057688392878901436
4082,civilians,0.05766391844557123
21230,threaten,0.057660157348934475
17269,relying,0.057659515890931344
432,3dos,0.05765276426234601
10154,holidays,0.0576203826228896
13771,multipleoccupancy,0.057605812730360716
14969,overlord,0.0575665489201754
2142,badass,0.0575544414528795
15281,payoff,0.057549587451279874
5065,crawl,0.05753513430119441
23465,workouts,0.05750394867555827
15447,pete,0.0574470915946178
15252,patrick,0.05744646088001496
2734,blockade,0.057440592663239184
9643,hanging,0.05741480093747117
17936,rover,0.05740087381504068
12637,magnum,0.05739991986059941
19278,smashhit,0.05739915020218072
5258,culdra,0.05737455303666202
5257,culdcept,0.05737455303666202
6475,driv3r,0.05734570480872264
6476,driv3rs,0.05734570480872264
393,30square,0.05734570480872264
1210,alleyways,0.05734570480872264
9132,goggles,0.05733118157576089
17315,renault,0.057294740318168856
5609,deepest,0.057274876954650014
6199,diversity,0.0572499505231656
4094,claiming,0.057200606197082074
11541,kai,0.057180273613290096
13664,moved,0.05717203674709737
1436,angled,0.057164927404879565
15477,phase,0.05715613100312732
18266,scenarios,0.05713253056275511
17580,revelations,0.05712673731010584
9556,halfdemon,0.05711099427645721
18798,shootemups,0.05710310167211002
22362,upc023272404352,0.05710310167211002
14232,no40435,0.05710310167211002
11439,joking,0.05710310167211002
21120,themselvesformat,0.05710310167211002
13305,minigolf,0.05710310167211002
4298,coinoperated,0.05708723739892483
9649,hannahs,0.05705917491889651
1564,apparitions,0.057058461442217774
8362,fortified,0.05705060300141003
22375,upc662248906065,0.057042308672044496
13196,midgar,0.057042308672044496
11262,itformat,0.057042308672044496
14245,no90606,0.057042308672044496
1054,age662248906065,0.057042308672044496
330,24hour,0.05699239028585045
12043,legendery,0.05698829358646244
17092,redifined,0.05698829358646244
23569,wrought,0.056956810943669355
22722,viewer,0.05694695180423316
6847,elude,0.056939923906419325
10297,hour,0.05691350873721785
9400,grover,0.056911292534543086
20017,stewart,0.05690385553575802
12997,mechs,0.056898703140701945
23189,wfc,0.056883639885049
17111,reel,0.056882304458080665
10332,hud,0.05679133915505142
2879,bookstore,0.05678659418947782
867,actor,0.05677924493789314
2802,boarding,0.05677231342985077
9303,gravitydefying,0.05676119128880793
22572,vary,0.056756052451959825
7977,fillies,0.05675162292220324
15233,pasture,0.05675162292220324
12782,mares,0.05675162292220324
19871,stallions,0.05675162292220324
8231,foals,0.05675162292220324
3452,cantha,0.05672383909680645
1776,asianinspired,0.05672383909680645
21240,threenation,0.05672383909680645
15257,patrols,0.056713117914306485
21725,treasury,0.056708298454585554
8424,framed,0.05668211939911748
10848,infrastructure,0.05667406681107484
11896,largely,0.05666747311063253
2719,blink,0.05663896476364547
1098,aiai,0.05662439962652384
23654,yanyan,0.05662439962652384
8986,ghouls,0.05661082750912771
3146,brown,0.05660947899101022
1652,archnemesis,0.0565789455180976
17408,requests,0.056562718163051
6692,eat,0.05655171724856639
17085,redemption,0.05654606902248048
1857,astounding,0.05654026848497687
1321,amidst,0.05653001967302582
17659,richer,0.05652812148596551
13450,modest,0.056421495030713774
16823,rams,0.056409831937327355
17338,reopen,0.05639746710010298
7317,eviler,0.05634911526600666
9738,hats,0.056343843963845126
18537,send,0.056340238005554856
7943,fields,0.056295878528738616
9827,heartstopping,0.05628699878748386
3437,candy,0.05626686002924641
23695,yonder,0.05623987337654088
17898,rosella,0.05623987337654088
13064,memorygenerating,0.056222506683054084
22734,viii,0.05622134135049755
917,adjust,0.056214855686553655
15490,philadelphia,0.05620480642098752
15036,packages,0.05620480642098752
159,162,0.05620480642098752
2928,bostons,0.05620480642098752
19544,spacecombat,0.056196923786836744
10406,hutchens,0.05619574686678508
14910,outlaw,0.05615042388838772
19686,spin,0.05614491731632017
8590,fullmotion,0.05612296916223926
18669,shall,0.05611129369023016
3763,chainsaw,0.0561109790156847
10164,hollywoodstyle,0.05610943043095982
5993,dimensions,0.05610663522066357
5231,crushed,0.05609983238708821
15726,platformwindows,0.05606231287616075
1164,albeit,0.05604280626052659
21812,trolls,0.056013477893027255
19331,snitch,0.05600768964816324
2390,beaters,0.05600768964816324
2778,bludgers,0.05600768964816324
16627,quaffle,0.05600768964816324
3871,chasers,0.05600768964816324
18248,scarface,0.05599445118581928
21505,topography,0.0559696494435362
19821,squeeze,0.055956093711275884
1912,attacking,0.055953505347108405
10905,innovate,0.05586731120662565
2947,bound,0.05586528358002817
5214,cruel,0.0558521536561409
22723,viewing,0.05585141132765399
10065,hill,0.055835511193087654
1158,al,0.05582297828983491
21849,truetolife,0.05581867070758175
6816,elementals,0.055814562181134585
5669,degree,0.055813420387665
12034,left,0.05581255429519481
21606,track,0.05576548106175228
18477,seductive,0.05572937880986369
19836,stack,0.05571054566413026
8919,genrechildren,0.055695107173765204
3261,burma,0.055673891631832444
12716,maneuvering,0.0556631631269523
11402,jill,0.05565981189363544
4286,coffers,0.05565927172765656
19966,stays,0.0556364886986337
8126,flasks,0.055607716830836214
12173,lifesapping,0.05560668877618601
11774,konquest,0.05560385757415164
11391,jets,0.055598655866444704
10417,hyper,0.055583894002964956
15032,pacing,0.055579087762450005
21018,tetris,0.055571837895562276
20841,teach,0.05556764770318917
16592,puts,0.05554541727844171
14148,nhl,0.05553224061729529
10672,including,0.055490662452689146
21711,travels,0.05548152837796801
19972,stealth,0.05547833374337488
14361,noticeable,0.05544886435523084
14118,newcomers,0.0554415765680973
2411,beetle,0.0554087259855108
13117,mess,0.05539213762740975
1261,altered,0.05537466877070942
4916,coruscant,0.055366797749120344
13207,midst,0.05535094901165875
15389,periods,0.05534532437692406
18488,seeker,0.05532096330123616
11125,intruders,0.05530551022629477
18932,sights,0.05530460121468358
5211,crs,0.055299634403441614
11615,ken,0.05529519086114334
13802,murderer,0.05529487139172775
7513,expressing,0.055287003844479855
3293,busy,0.05525033335683134
4474,companies,0.055227653592193296
16292,problemsolving,0.05522575629601028
4797,controversial,0.055221049996034985
19926,starstudded,0.05514818083397015
20133,strangers,0.055144299814802365
20228,struggling,0.055139339956181505
552,67,0.0551391556832174
12419,loops,0.05508400305290096
8841,gathers,0.05505432972894528
3271,burst,0.05504775330744911
17298,remnant,0.05504759824996763
3032,brawn,0.05503949568362181
513,55,0.05503311743696135
12564,m1a1,0.05501127511752015
19233,slowdowns,0.05499429952517734
851,actionstrategy,0.05498344358855791
20851,teamed,0.05491481643390353
14983,overt,0.054878690469588216
11489,juke,0.05487242231251488
21977,ty,0.05485513100434308
4763,continued,0.054846777402471264
5906,devoid,0.05482360006981482
20567,swarming,0.054780826601375204
297,2017,0.05477614770737654
6724,edf,0.05477614770737654
18437,seat,0.05475545624512184
6306,doomed,0.054741942311104214
6063,disastrous,0.05473266562640925
7040,enjoying,0.05471056801643847
4194,clockwork,0.05468724648557993
14569,officer,0.054676903766277596
2893,boosts,0.054663763086061044
80,101st,0.054659889880081546
9652,hans,0.05459573148258849
20632,syberia,0.05459573148258849
22904,walker,0.05459573148258849
16418,protector,0.054594052193827056
18505,seize,0.054590760419208045
15214,passenger,0.054587590704771725
19668,spider,0.05457741109707008
17257,relish,0.05457443367511311
4554,computeranimated,0.05456289154378651
11878,landscapes,0.05454912416971929
4438,comment,0.05454682905518298
19464,sophistication,0.05452330522040614
4686,considered,0.054518159597106715
12056,leia,0.05445293597220432
15721,platforming,0.054443434522299265
12611,madness,0.05439558689294985
14651,oncegreat,0.054384807358419066
4658,conquering,0.05437739163787492
2589,bikini,0.05435999529200271
15228,pastelcolor,0.05435999529200271
12503,lucky,0.054270405689744755
4201,closely,0.054257974853592225
20576,swear,0.05424948384943638
15750,playcalling,0.05424065559869519
6421,drastic,0.05423387572281698
9691,hardwood,0.05422974679422937
8937,genuine,0.054222967769971556
22510,vague,0.05422160420270985
14347,nostra,0.05421884777451547
20683,tachyon,0.05421648968009897
8534,fringe,0.05421648968009897
8711,galspan,0.05421648968009897
20880,technique,0.05418823468586844
12,console_PlayStation 3,0.05418773001513554
20492,surfaces,0.05416809451716789
4464,communications,0.05414112646200677
13958,native,0.054110910510137854
4202,closequarters,0.05410374962047206
644,98,0.05410357377076846
21473,tombs,0.054047847717573275
11327,janitor,0.05401650243197877
22821,vohaul,0.05401650243197877
23609,xenon,0.05401650243197877
19245,sludge,0.05401650243197877
5080,cream,0.054005865917819924
13269,mimicking,0.05394466706363548
5269,culture,0.05393364929666554
22004,u57,0.05392300966748275
7195,erich,0.05392300966748275
4420,commanded,0.05392300966748275
22003,u552,0.05392300966748275
20807,tasty,0.053920232684805544
11596,kbps,0.0539076907146916
5898,devices,0.053898464964409955
12500,luck,0.05389545120275844
10377,hunger,0.05388791488271226
17742,ripples,0.053883702840642436
15708,plasma,0.053882206640658695
15299,peach,0.05388149855691887
3914,cherished,0.053875229480418715
3940,chief,0.05386205175157343
19298,smoothly,0.05386174737996923
17788,roar,0.05383981400882239
14082,nes,0.05383524595156282
944,adrenalinefilled,0.05382603739020594
17753,risking,0.05382603739020594
5227,crusader,0.05380702650701565
9376,groove,0.053803318531688495
11767,konami,0.0537924813540984
10289,hotspots,0.05377445264413221
21746,trendy,0.05374374690763421
3281,businessbarely,0.05372787644147198
21860,truthproduct,0.05372787644147198
11263,ithe,0.05372787644147198
186,1897,0.05372787644147198
13050,melvyn,0.05372787644147198
13071,mendelssohn,0.05372787644147198
8188,floorof,0.05372787644147198
6602,dvorak,0.05372787644147198
15061,paganini,0.05372787644147198
21066,thecaseproduct,0.05372787644147198
10601,importanceconcerning,0.05372787644147198
21158,thesuspects,0.05372787644147198
18735,sherringford,0.05372787644147198
9503,gunshot,0.05372787644147198
3131,brombsy,0.05372787644147198
13051,melvynbromsby,0.05372787644147198
9347,grieg,0.05372787644147198
20835,tchaikoskyminimum,0.05372787644147198
6526,drwatson,0.05372787644147198
18300,schumann,0.05372787644147198
14526,october,0.05372787644147198
6656,earring,0.05372787644147198
20627,swordslashing,0.053723943846290693
16681,quiet,0.053712937407946984
19208,slinging,0.05369788619677638
11406,jimmy,0.05369565672082877
20843,teachers,0.05369157654192376
2167,balance,0.053678517641988076
23117,weed,0.05364377966891312
4164,clients,0.05364377966891312
4050,circuits,0.05363880834950744
16670,quick,0.053634702176933134
1683,ari,0.05362939184290896
14616,okage,0.05362939184290896
818,acrobatics,0.05361835979467734
7384,executed,0.05359542324393714
4690,consist,0.05352783483091906
8672,gabe,0.05350027255311326
13927,narnia,0.05347007775169746
22079,uncertain,0.05346945156532278
7662,falcie,0.05345140198377828
16319,profession,0.05344653213599646
20561,swamps,0.05341914653885471
6523,drums,0.05341441041425466
21892,turbo,0.053386908437003854
16411,prostreet,0.053375461072946793
20251,stun,0.05336246389793036
4430,commands,0.053339062248753
18429,seaside,0.05333814613317648
2503,benefits,0.05333806158065678
19968,steady,0.05333651235641296
11602,keepers,0.05330195795193995
10145,holder,0.053280122316957314
18887,shuttle,0.05326628784664794
4204,closerange,0.05324425147867519
121,128mb,0.0532307209834269
22826,voiceover,0.05322613430552239
15385,perils,0.053223122587446145
9524,gym,0.05321001166791396
18562,separates,0.0531916918317486
15870,pnc,0.05318994269332651
3228,bullets,0.05318771075595049
17127,refined,0.05317384365519516
19812,squarely,0.053164919047593025
22711,vie,0.05308158102427827
7889,fences,0.053065425719699126
20573,sway,0.05303854026024069
6552,duct,0.0529796160559406
22653,versatile,0.052975562763543746
8396,fourperson,0.052907640095131395
10318,hovering,0.05289405745189191
6041,dirty,0.052893465158615816
6704,eccentric,0.05288630081288067
20947,tends,0.052873940741040217
21500,topdown,0.052861115060621994
20510,surrealistically,0.052859931675217235
21398,tinged,0.052859931675217235
2373,bean,0.052822752687481433
22483,utilizes,0.05280447698551068
11735,knigstiger,0.052764067040150256
20124,strain,0.052752931497095756
18088,safetyplayers,0.052752931497095756
15763,playersa,0.052752931497095756
22208,uninfected,0.052752931497095756
16705,rabies,0.052752931497095756
503,50foot,0.052752931497095756
21918,turtle,0.052752931497095756
6094,disfigured,0.052752931497095756
13138,methane,0.052752931497095756
18900,sickness,0.052752931497095756
11928,lasso,0.052752931497095756
15938,pony,0.052745474246772485
17247,relic,0.052741292580113515
10481,ignore,0.05274103406848723
1265,alternative,0.0527387451766394
6166,distract,0.05273580064824618
17431,rescues,0.052734605848669736
15298,peacekeeping,0.052734605848669736
2509,berets,0.052734605848669736
4169,climate,0.052731532702574004
4737,contemporary,0.05270628704226594
13831,mustang,0.05269106838732997
15642,pivotal,0.052673961288922835
1334,amphibious,0.05265785771372887
21258,thrills,0.05263060402260471
3154,bruises,0.0525973722287665
9549,hairraising,0.05256132956720415
13365,missing,0.05251990735244621
20355,successor,0.052499716944185204
8194,florida,0.05249336828359037
21022,texas,0.05246929574316486
16937,real,0.05237097432387627
21542,totaling,0.05236529959550856
7771,fat,0.05233471896181398
10422,hypermode,0.05233458649234857
16742,radiant,0.052334316300396894
22232,universally,0.052320644390656396
9667,harboring,0.052320644390656396
508,512,0.05231948768997737
20923,television,0.05231855636016292
294,2014,0.05231403675405035
12487,loyalists,0.05231403675405035
13390,mitchell,0.05231403675405035
22557,vantage,0.05231403675405035
10982,insurgent,0.05231403675405035
21976,txr,0.0523019455276763
17134,reflection,0.0522714947244793
9316,greatness,0.052258763592002426
13479,mom,0.052251503044985007
17036,recommend,0.05223181757652956
5904,devise,0.05222679304480652
11721,kittenz,0.05220180563348268
20013,stetchkov,0.052201271006192276
5708,demented,0.05216313004613919
22209,uninhabited,0.052154114534748094
8047,firing,0.052135997709716025
9003,gils,0.05213537720421309
9000,gil,0.05213537720421309
13314,minions,0.05211434623825662
7067,enslavement,0.05210884328881955
13625,motley,0.05210884328881955
2087,aztec,0.05210884328881955
17475,resourcefulness,0.05210713332510885
10459,identical,0.05204566959486195
5519,deathdealing,0.05203090397040527
18827,shorts,0.05202797536316455
817,acrobatic,0.052027289999737686
12440,loss,0.05202300537361787
11020,intentions,0.05202000055951138
2630,birth,0.05200342570081434
4636,confusing,0.05199564341010188
4351,colonize,0.05199206121669726
17911,rotation,0.051976406075094114
6465,drifted,0.05196333033138
12199,lightningfast,0.05193702917155791
20927,telling,0.05192951109058263
3702,celebrations,0.05192755950942932
8846,gauges,0.051919604267834395
11046,interior,0.051908732384920823
19481,sorry,0.0519047019456381
23524,wounded,0.05189329812886841
5043,cranks,0.05189167047710277
9085,glove,0.05185589914985167
2184,ballers,0.051852013924850844
19030,sink,0.05184948502613522
21858,trusty,0.05181995667191705
11925,lasers,0.05179844864775772
18210,saves,0.051780578788467105
16725,rachel,0.05177640812369836
10722,individual,0.051762292968399265
887,adaptor,0.0517468466680424
9341,grew,0.051680695792848355
6791,elaborate,0.05167667386032565
1470,anna,0.051667177722212916
3455,canyon,0.05164659767312782
20628,swordsman,0.05163803177552008
23625,xp,0.05157844078705912
23371,wished,0.05157842593170095
4305,coldhearted,0.05156642671316863
8479,freemotion,0.0515642361089732
17818,rocketpropelled,0.05156110915674823
6535,du,0.05156110915674823
15889,pointe,0.05156110915674823
10212,hooks,0.05156110915674823
4274,cod2,0.05156110915674823
6966,endorsed,0.0515282273515858
17867,roman,0.051453651485470014
6427,drawin,0.05145120667670824
2218,bankrupt,0.051418163762193395
17543,retirement,0.05140893763392208
1019,affected,0.051404361855540995
22253,unlikely,0.05138061066216609
120,128bit,0.05136721639867957
7081,enters,0.051364596847027794
7852,federal,0.05136268070792637
23000,wasnt,0.05135466000916407
5883,devastated,0.05134509634644027
15076,paintball,0.05134467574703763
16166,prepare,0.051333052427483504
19790,spyhunter,0.05131050626806794
11657,kicking,0.05130707914652329
10643,inadvertently,0.05129917365100069
22325,unsurpassed,0.05126059793983588
1900,atrocities,0.05125575880348613
13900,nam,0.05125575880348613
22590,vc,0.05125575880348613
18723,shellshock,0.05125575880348613
530,6000,0.0512525120664002
19395,soil,0.051248312643131615
7244,et,0.05122727322563025
15977,portals,0.05121478890662291
6415,drakkins,0.05109075263690267
6391,dragonbred,0.05109075263690267
421,375,0.05109075263690267
18260,scavenger,0.05109075263690267
20809,tatooine,0.051089223059462875
9445,guerilla,0.051066218062490405
436,3e,0.05105575124093852
3395,cam,0.05105103293573472
12999,medal,0.05105097999229152
15960,populate,0.0510323497738676
1625,arcade,0.05101398013893362
12739,manner,0.0510065337779424
10290,hotsuma,0.05099857445195408
18763,shinobi,0.05099857445195408
1157,akujiki,0.05099857445195408
16922,reacting,0.05098740997777795
9202,governor,0.050926430998605554
19692,spinning,0.050923986922331965
12655,maintains,0.05092184776627726
22774,virulent,0.05091142034488635
15354,peoples,0.050884537649825555
3195,budokai,0.050871042949492656
3399,came,0.05085447894198061
380,2x,0.05084587429509333
244,19th,0.05084587429509333
20236,students,0.050818071941198084
10860,ingeniously,0.05080531908466666
22199,unidentified,0.05079306054156531
22558,variable,0.050776905899786715
23190,whack,0.05076927647333107
16222,prevails,0.0507662891077065
1939,attorney,0.0507662891077065
10682,inconsistent,0.0507662891077065
8171,flip,0.05075837809751798
17356,replacement,0.05075333941946889
13784,multitiered,0.05075113899910706
3515,carddirectx,0.05074056965705172
21132,theory,0.05071751872455396
8248,foliage,0.05070410978587027
8710,galore,0.05069954039735537
8689,gaining,0.05068891278105818
17402,republics,0.05068839815840611
8421,frailty,0.05067510779924038
23549,wrestles,0.05067510779924038
14186,nikita,0.05067510779924038
12493,luau,0.05064327899671223
12296,littered,0.050613240935972706
143,15,0.05056445447865358
6285,dominating,0.0505455278795072
2028,avenge,0.050483175644358204
9387,groundbreaking,0.05046490061349333
1144,airtoair,0.050444195547949364
8504,frequent,0.05040514837854844
4411,comical,0.05039811495071356
17614,revolutionize,0.05036423481827944
12982,measure,0.050321728587653214
18931,sight,0.0503106421556783
6563,duet,0.05030041358926999
10207,hood,0.050299033221421166
19086,ski,0.050261495586782036
14929,outrun,0.05024935348156656
8533,frigid,0.0502176059897795
2788,blur,0.05021541694436765
18906,sidekick,0.050181197567903874
6868,embody,0.05012700192084158
5405,danger,0.05012647076983741
7458,experiencefeatures,0.05008990944107765
14125,newjourney,0.05008990944107765
21091,theircivilization,0.05008990944107765
16854,raposa,0.05008990944107765
8736,gamelet,0.05008990944107765
10534,imaginati,0.05008990944107765
21490,toocreate,0.05008990944107765
21332,tightened,0.05007510019615371
23121,weekend,0.049998107933551306
15991,ports,0.049963664839923476
7775,fatalities,0.04996248084270464
15989,portraying,0.049958833408439214
14636,omaha,0.04995456866858904
14185,nijmegen,0.04995456866858904
10565,immune,0.049923226873661575
167,16thcentury,0.04992287065008375
4209,cloth,0.04989963104712068
16043,pouch,0.04988380973062487
5387,damgers,0.04988380973062487
19956,statues,0.04988380973062487
5598,deds,0.04988380973062487
10637,ina,0.04988380973062487
14389,npc,0.04988380973062487
1546,apartments,0.04988380973062487
16040,potentially,0.0498749617311182
20508,surreal,0.04987231288568083
17624,revolves,0.049868617588076175
5448,date,0.04986272726893773
16615,q4,0.04984571332303722
3581,cart,0.049838875587323174
5426,darkened,0.04983554776729095
22367,upc096427012894,0.04982605038225123
8995,gideon,0.04982605038225123
14846,orson,0.04982605038225123
23591,wyeth,0.04982605038225123
14213,no01289,0.04982605038225123
6319,dormant,0.04982605038225123
8731,gameformat,0.04982605038225123
6461,dribble,0.04982494052777047
14342,nose,0.049804866701688766
17786,roaming,0.049796121131772536
13080,menu,0.049791908654051406
10338,hue,0.04976717414517986
23277,wielding,0.049755883377945544
21021,tetsuya,0.049731425815112196
21191,thirst,0.04972864535790735
16360,projects,0.04969537742484445
3725,centauri,0.04969537742484445
20433,superfoliated,0.04968240396978365
3961,chinook,0.04968240396978365
14376,novaworld,0.04968240396978365
11991,lcacs,0.04968240396978365
5303,cushioned,0.04968240396978365
18272,scent,0.049681439740885854
18128,samantha,0.0496730300374282
15483,phenomena,0.049661093728738594
3268,burns,0.04962984982914395
8811,garbage,0.049627416138424904
8149,flesheating,0.04955819130185063
19991,steep,0.04954224437292901
10658,incentive,0.049536063275306186
22393,update,0.04953545073451147
13125,met,0.04953244946279561
156,160,0.04953029359286084
3433,candle,0.04952197303844011
1938,attitudes,0.04952071670920298
10537,imaginative,0.04951866239303964
8043,fireteam,0.049495083466401746
23376,wit,0.04947148053835122
10785,influential,0.04946544597528655
18524,sell,0.04946235346788103
8708,galloway,0.04942827363463008
20186,stretching,0.04942515490032402
19266,smaller,0.04940772417873178
18997,simulationsproduct,0.049384435938398856
7967,fights,0.04937736079851925
17933,routine,0.04936776956142167
15125,panoramic,0.04936485845181771
21467,tolkien,0.04933091973040468
408,350,0.049316411808331545
16947,realities,0.049307540916678376
17952,rpgs,0.04928057441202375
596,800x600,0.04926092901200914
3120,broadcast,0.049256245084074404
168,16x,0.04923087506947801
12932,maxis,0.04921156653389432
14647,onboard,0.04920376100904616
954,adult,0.04917713961963207
22855,voted,0.04917160407132315
17474,resourceful,0.04917150616638962
1632,arcades,0.04916211559564653
12370,log,0.049132501188287235
12046,legends,0.04912017536325195
23267,wideopen,0.04910278883733287
20467,superweapons,0.04909512563893656
11133,invader,0.049080726385882165
17767,rivers,0.049040172576654634
5668,degradation,0.04901313119131806
18813,shore,0.04895847298445121
4583,conceptsthe,0.04895413634900577
3472,capitals,0.04894538509132285
1332,amp,0.04892937481226922
17067,recreations,0.048921045481762716
8213,fluidity,0.04891104387866664
17968,rubble,0.04888710256049717
9090,glows,0.04887766733984538
3669,causing,0.048870075819491786
15954,poptop,0.048860013648604324
15489,phil,0.048860013648604324
18110,sales,0.048860013648604324
10794,informationas,0.048854892042059644
8425,framerate,0.04883193824280022
22999,washington,0.048827900252018205
20070,stoppable,0.048812176199477066
17978,rufus,0.048812176199477066
20612,switched,0.048812176199477066
23269,wideranging,0.048770279966373974
10078,hip,0.04875982903579712
3775,challengers,0.04875729096788342
15363,perception,0.04875455974637499
19159,slate,0.04870835635410567
7786,fathers,0.048688636529101964
10874,inherited,0.04868597542779864
22411,upper,0.04868448922410062
558,7000,0.04868120237446421
23480,worldmakerchoose,0.04868120237446421
7587,faa,0.04868120237446421
1406,andsettings,0.04868120237446421
8115,flaps,0.04868120237446421
9710,harrier,0.04868120237446421
3090,briefer,0.04868120237446421
22480,utility,0.04868120237446421
5447,dataxplane,0.04868120237446421
15196,partmaker,0.04868120237446421
15673,planemaker,0.04868120237446421
5031,craft,0.04866308631078816
2472,believes,0.048661543391385356
10100,historian,0.048653319385074965
10447,icicles,0.048653319385074965
12976,meanings,0.048653319385074965
3651,categorize,0.048653319385074965
17118,refer,0.048653319385074965
20972,terminology,0.048653319385074965
14931,outscoring,0.048653319385074965
18870,shrink,0.048653319385074965
2868,bonfire,0.048653319385074965
15480,phat,0.048653319385074965
18115,salomon,0.048653319385074965
9082,glossary,0.048653319385074965
4021,chunky,0.048653319385074965
13035,melancholy,0.048653319385074965
1952,attuned,0.048653319385074965
19345,snowboardings,0.048653319385074965
19346,snowboards,0.048653319385074965
17830,rocky,0.04864151864806823
13845,mutated,0.04864130008383406
10977,instrumental,0.048617954378671
15186,participants,0.048617954378671
5207,crowned,0.04861327992018864
321,22nd,0.048606686733060706
19973,stealthaction,0.04859148662852269
7292,evernow,0.04858947723679659
20294,subaru,0.04857904362471361
23677,yellow,0.048561846906566154
2004,autogenerated,0.048540051871765647
12352,locker,0.04853614352565606
14851,oscar,0.048508585216505404
5579,declared,0.04843204972151354
15258,patrons,0.04841645071768833
16989,rebel,0.048408543231595894
22788,visitor,0.04839836347954577
185,1886,0.048390783235695504
21997,tyrannus,0.048390783235695504
21440,tobias,0.048390783235695504
20358,sucked,0.048390783235695504
12362,locoroco,0.04837453271644986
17131,reflect,0.04836286911491425
15351,peopleand,0.04835458465576718
494,50000,0.048350209095328514
16519,pulse,0.048321934819216664
20425,supercharged,0.04830443861439274
21616,tract,0.04829966753746104
6260,dogz,0.048257992634958356
21628,tradition,0.04823077810376936
12746,mansions,0.04822342321809772
17635,rewrite,0.04822272506919321
9832,heated,0.04820844906754807
3413,camouflage,0.04820261722253679
7478,exploit,0.048182306638862825
3047,breakneck,0.04817034646537239
19433,somalia,0.04814554385898627
233,1993,0.04814554385898627
11130,inuyasha,0.04809678417262331
18547,senses,0.048085626346297775
22336,unveil,0.04807467685294122
12349,lock,0.048058621565356355
21210,thoroughly,0.04804043121909533
2450,behindthescenes,0.04803515710344021
22960,wario,0.04800672646256255
15450,petition,0.04800226691075278
12015,learning,0.048000847783198845
14051,neighbor,0.047986627901786955
10621,imprisoned,0.047971542221185645
11948,laugh,0.04792690255271424
21006,testers,0.04792507304316381
4477,company,0.047896242228228574
6836,elimination,0.04788890630825576
3953,chilling,0.047887333261695635
15956,populace,0.04787898480807838
21719,treason,0.0478622880307336
3876,chat,0.047861098654008796
467,42,0.047834948555496186
4525,compliant,0.04781865922434321
7432,expanses,0.04781863246550345
11739,knocked,0.04781448715378148
21185,thinks,0.04777614144332706
18895,siblings,0.04774924807488122
18073,saddle,0.0477368794757018
15667,plain,0.04773451720379424
15484,phenomenal,0.047669027344317334
20743,talismans,0.0476131545175302
14946,outwwiis,0.04761113265273702
21053,theaters,0.04761113265273702
4787,controleverything,0.04761113265273702
22591,ve,0.04760504682377857
12313,lizard,0.04759900123683183
20145,strategize,0.04758363161723864
8143,flee,0.047578320545925666
9231,granddaddy,0.047552172936502005
20307,submarines,0.047549169643923035
7046,enlist,0.04750474607041256
993,advised,0.047492357510844345
6608,dweller,0.04748339344483764
919,adjusted,0.047476684574522914
3028,brawler,0.04747300023073856
12725,maniacal,0.04746851024708712
13754,multimission,0.04746722805091549
5000,coverge,0.04746722805091549
18358,scrap,0.047466022373220514
10034,highperformance,0.04744951542215183
13626,motocross,0.04743314626452079
4660,conquerors,0.04743090429149593
21360,timeconsuming,0.0474270138664325
17735,ripe,0.04741618094289329
2315,battery,0.047381796781549426
23641,yakuza,0.047368970514592795
2388,beaten,0.04735040533594639
20335,subtleties,0.047346385783325756
20397,summoner,0.04734383638482952
16008,possesses,0.04733259244489349
8833,gastronomic,0.047323188999719164
16799,rakes,0.047323188999719164
5255,cuisine,0.047323188999719164
22126,underprice,0.047323188999719164
22403,uphire,0.047323188999719164
5256,cuisines,0.047323188999719164
3284,businesssimulation,0.047323188999719164
14887,outcook,0.047323188999719164
17502,restaurateur,0.047323188999719164
14932,outsell,0.047323188999719164
7154,epicurean,0.047323188999719164
5587,decoration,0.047323188999719164
14676,oneofakind,0.04729459209346393
3441,canned,0.047280845090509435
8893,generates,0.04719928837732576
20671,t3,0.04719618409104391
23467,workshop,0.047193627751228324
12403,longrange,0.04717846390015985
7105,entice,0.04717768512042837
19883,standalone,0.04717650621635961
12393,longdead,0.04716954762334295
20872,teaser,0.04715087368076704
13098,mercy,0.047126486038653166
17737,ripped,0.04712095013614748
2349,bay,0.0471181333528275
4632,confronting,0.04709663120862123
23810,zip,0.04708095096306759
2068,awful,0.04708011165768141
3072,brenly,0.04706077006940411
18288,schmidt,0.04706077006940411
17163,reggie,0.04706077006940411
4845,cooperstown,0.04706077006940411
3073,brennaman,0.04706077006940411
21202,thom,0.04706077006940411
17482,respective,0.047053017936615794
7069,enslaves,0.04704653547026198
17445,reservation,0.04704653547026198
5737,denies,0.04704653547026198
11941,latent,0.04704653547026198
13423,modded,0.04704653547026198
4242,cmt,0.04703393478642031
11095,intimidating,0.04701062451116625
14191,nimble,0.04699225974585908
3715,celshaded,0.046914314115669535
17138,reflex,0.046908878749881706
20614,switching,0.04690448937172374
13619,motionsensing,0.04689612462695205
2652,blackhand,0.04689612462695205
22599,vegetables,0.04688989544968821
20959,tension,0.04688283366197963
19852,staggering,0.046876340496857655
20644,synching,0.04686961648649634
13984,nazioccupied,0.04685067193962972
1337,ample,0.04683362913419761
6369,downtown,0.0468290265575572
15119,panel,0.046817036048223945
16483,psychonauts,0.04678322193779089
19669,spiderlike,0.04676853242510506
18907,sidekicks,0.046765723428481856
14895,outfield,0.04676513271825738
4232,clumps,0.046763684629492375
4732,contained,0.046746528055587946
23276,wielder,0.046734525751481217
22506,vaders,0.04672011934006221
12833,marty,0.046707301297791784
23790,zebra,0.046707301297791784
12599,madagascar,0.046707301297791784
19762,spreading,0.046688659236785626
16240,priests,0.046686851091044174
6116,dismissed,0.04666888263282028
19725,spoil,0.046617231475456086
315,215,0.04661096277843474
10409,hyde,0.04661096277843474
947,adrenalinepumping,0.04658939278334134
16794,raise,0.046583676426847714
7027,enhancement,0.04657243470359921
17850,roleplayers,0.046563580768421015
17874,rome,0.0465609171245142
616,8x,0.04655893035262039
12146,libre,0.046541496169346004
11783,kou,0.046541496169346004
12498,lucha,0.046541496169346004
16851,rapidly,0.046537991962156085
15868,ply,0.04653750095864321
6201,dives,0.046516091160041344
12650,mainly,0.04650227951301168
9237,grandparents,0.046498090548907335
2165,baking,0.046498090548907335
10170,holy,0.04648359544550972
5543,decadefrom,0.0464804803924133
23272,widest,0.0464804803924133
23263,wickedly,0.0464804803924133
7767,fastmoving,0.046478695118874015
16445,proving,0.04647016425809073
15328,pen,0.04643409520193785
13236,milesperhour,0.04642782292542934
11830,lacing,0.04642782292542934
800,achieves,0.04642558630287489
16328,profile,0.04639847824999748
22874,vulnerable,0.04638423074688017
17489,responses,0.04637816857532366
11476,judges,0.04637715091100901
15265,pauline,0.04634152290303555
18483,seeds,0.046337571079822816
19606,specialist,0.046328143074491526
23535,wrath,0.046325544647830286
17626,revue,0.04632423060077489
16460,pso,0.046319694770373385
10042,highresolution,0.04631641597002607
23124,weeks,0.04629878744990123
9464,guilds,0.046296466995077425
20547,suspension,0.04627368524791685
9847,heck,0.04626923617537626
17114,reenergized,0.04625454398562083
19090,skier,0.04625454398562083
11090,intheair,0.04625454398562083
21679,translate,0.04625454398562083
14727,ontheground,0.04625454398562083
3089,brief,0.04623512880427448
1353,analysis,0.046232119749508
7396,exhaust,0.046204491122994296
6729,edges,0.04620326593413915
9414,grudgingly,0.04619385544492794
15338,penguin,0.046189766050266076
13441,modernday,0.046176567512151274
22030,ulalas,0.04613535711876064
4418,comma,0.046125384524205934
23776,zandi,0.04610591298197087
23674,yeesha,0.04610591298197087
15028,paced,0.046102280979371774
2202,bandai,0.04609840081233796
19602,spec,0.04609018504666255
4236,cluster,0.0460712966079402
13635,motors,0.04607007219007562
16116,preconstructed,0.04606990778794965
14079,nervous,0.046065763130383096
6609,dwellers,0.046053621791309354
17682,ridersand,0.04604352178206377
19180,sleeps,0.046043362332867814
16005,positives,0.046040025926722204
19745,sportss,0.046040025926722204
1658,arduous,0.046040025926722204
16977,reasonable,0.046040025926722204
8271,fooled,0.046040025926722204
18546,senseeven,0.046040025926722204
15823,plenitude,0.046040025926722204
11252,itching,0.046040025926722204
398,321,0.046016754644218665
1123,airbus,0.046016754644218665
8664,g1000,0.046016754644218665
11693,kilometer,0.046016754644218665
18401,sdk,0.046016754644218665
8972,gh,0.046016754644218665
18190,satellites,0.046016754644218665
8820,garmin,0.046016754644218665
2405,beechcraft,0.046016754644218665
3460,capabilityand,0.046016754644218665
1249,alos,0.046016754644218665
16496,published,0.04600982150455896
13910,nancys,0.04600804624744325
3517,cardio,0.04599557829513186
813,acquisition,0.0459841552755141
1232,allstar,0.045981043033751036
14480,observation,0.04596441125384968
3190,buddy,0.04596416798570718
12374,logic,0.04595916460842461
14163,nifty,0.04595069609314439
6194,diverse,0.04594924357507388
4906,corrupted,0.04593746397160764
7688,familyfriendly,0.0459343178951813
620,90512,0.04588454826276546
4662,conquerrich,0.04588454826276546
23384,withbeautiful,0.04588454826276546
22746,villainmany,0.04588454826276546
4376,combatenhanced,0.04588454826276546
9856,heel,0.04588454826276546
15568,piiii,0.04588454826276546
8990,ghzdirectx,0.04588454826276546
23628,xpprocessor,0.04588454826276546
2975,boxratingmatureset,0.04588454826276546
23629,xppublisherbiowarepackagingretail,0.04588454826276546
11040,interfacefeaturesan,0.04588454826276546
8856,gbagp,0.04588454826276546
625,90directxcompliant,0.04588454826276546
16815,ramfree,0.04588454826276546
5539,debuted,0.045883541362886145
3995,choreographed,0.04586114783036731
6171,distress,0.04585748987217937
2549,betweenmissions,0.04584850630218208
7014,enginethe,0.04584850630218208
2912,borg,0.04584850630218208
9639,handy,0.04583791431357316
1105,aided,0.04582809048616196
17745,rips,0.04580356373151118
23194,whale,0.04579684399047384
23558,write,0.04577225200599782
6976,enduring,0.04575369092424142
439,3exclusive,0.045751810894134604
8965,getinthering,0.045751810894134604
6491,drives,0.04573877754042349
18897,sick,0.04572046472236518
14541,odin,0.04570656624730031
19911,starfighter,0.04570388307029618
22205,unimaginable,0.04567562576482902
9432,gts,0.04567546480789648
13998,nearing,0.04567456926105874
1069,agetec,0.04567456926105874
983,adventurous,0.045662256875679555
12455,lousy,0.0456489556373114
5907,devote,0.04564738288376916
17716,rim,0.04563281700710446
6629,dynamite,0.045627261122454084
3851,charismatic,0.04561326420436099
1178,alfa,0.04560992108738992
22345,unworldly,0.045600887298158234
10694,increasingly,0.04559326064073639
4827,cookies,0.045579418738888225
23476,worldfamous,0.04556528506130278
14774,oppressive,0.045562981775063835
10378,hungry,0.04553704170094478
10717,indirect,0.04552842249101933
19407,sole,0.04552216772473527
8980,ghostly,0.04549456311486429
10569,impact,0.045476111968875035
11380,jersey,0.04545244056996931
8458,fred,0.045449995807835146
1333,amped,0.04540981105807847
382,30,0.0454033217101063
15853,plug,0.04538048269620024
18732,sheridan,0.045371066251602796
3684,ccr,0.045371066251602796
3481,captaining,0.045371066251602796
15547,picturesgo,0.045371066251602796
12571,m551,0.045371066251602796
20672,t54,0.045371066251602796
13292,minh,0.045371066251602796
13164,mi8,0.045371066251602796
13774,multipurpose,0.045371066251602796
11363,jefferson,0.045371066251602796
13213,mig21,0.045371066251602796
7061,enroute,0.045371066251602796
16521,pulseraising,0.045371066251602796
18025,russianmade,0.045371066251602796
6453,dress,0.04536446342576676
17480,respected,0.04535933018633659
18504,seismic,0.04535434881793547
12658,majesco,0.04534028734848205
6290,don,0.04531692552878641
3845,charge,0.04530803864538866
14571,officers,0.04530353258338579
4595,conclusion,0.04527714974173393
19387,soft,0.04527613285959191
11493,julius,0.04526937903358435
21717,tread,0.04525151424310028
18667,shaking,0.045238551131290786
17084,redefining,0.04522992949568553
915,adjectives,0.0451927046923115
18169,santa,0.0451877118324496
8245,fold,0.04512970328248347
19160,slated,0.045124861201066596
15565,pigskin,0.04511984931585939
4175,climbing,0.045105383759954584
23658,yardage,0.045091592853339295
6688,easytonavigate,0.045091592853339295
11940,latency,0.045091592853339295
364,2k1s,0.045091592853339295
20160,streaking,0.045091592853339295
15029,paces,0.045091592853339295
9589,hampered,0.045091592853339295
16190,preserving,0.045091592853339295
18452,secondplayer,0.045091592853339295
18378,scrimmage,0.045091592853339295
16553,puppy,0.0450853187824929
18655,shadows,0.04508319917462211
3076,brethren,0.045079786590597776
15487,phenomenon,0.04507470288480485
18189,satellite,0.04507229295916453
20608,swipe,0.04505409279629299
2014,autos,0.045022615547525756
7742,fascinating,0.045004802991699074
8350,formula,0.045004602843715595
17299,remnants,0.04498509443390334
19318,sneaker,0.044984107287291346
17053,recordkeeping,0.044981521638207726
22053,umk,0.044981521638207726
6531,dsfriendly,0.044981521638207726
14198,nintendogs,0.044979399066143295
2095,b52,0.04496558882544752
13812,muscular,0.04496330201694583
11032,interconnected,0.044941423544346826
7187,erase,0.04493902248699031
17179,regular,0.04489598866539269
20686,tackled,0.04489562833873417
11023,interacting,0.044893467194982654
13657,mouseformat,0.04488884352306286
948,adrenalinerush,0.04488884352306286
22992,warsystem,0.04488884352306286
22342,unwelcoming,0.04488884352306286
14315,nopco45150mb,0.04488884352306286
22370,upc625904451507,0.04488884352306286
5736,denied,0.04488884352306286
3798,changed,0.04487903296114198
5558,deceptive,0.044846743891607865
2375,bearing,0.04484479670228506
6640,eager,0.04484381753365407
1660,area51,0.044803073180938346
22892,waiters,0.04478474016060602
12854,masonissue,0.044779644902528726
8823,garnering,0.0447683898451069
12144,library,0.04476539047528567
5342,cycle,0.04475861242229311
15341,penitentiary,0.04475115715686271
6573,dumps,0.04473613641258234
11089,inthe,0.04472692286483928
2501,benefit,0.04472174571392447
15391,peripherals,0.044711473761888075
12221,lilac,0.04470575549316544
7220,esp,0.04470575549316544
3656,cathedrals,0.04469745091977492
15529,piatas,0.04467434360241785
21852,trunk,0.04465834379812546
20969,termination,0.044657344886194564
10441,icecovered,0.044657344886194564
23050,waynes,0.044657344886194564
8420,fragments,0.044657344886194564
7250,ethan,0.04464144347806984
14629,oleg,0.044631663972095184
12603,maddox,0.044631663972095184
2886,boomstick,0.04460665792752952
8073,fistful,0.04460665792752952
692,abode,0.04460244298511686
9427,gta3,0.04459908938941312
20717,tails,0.044576846944326204
22962,warioware,0.04455532029770096
13883,myths,0.044528496994317414
1135,airplane,0.04452060357442108
20716,tailored,0.044473396621538486
5391,damned,0.044429540430129325
10752,infant,0.044429540430129325
7031,enigma,0.044429540430129325
19982,steam,0.0444165255755234
10026,highlyanticipated,0.0443952680283288
7819,feat,0.044390524701693926
1162,alas,0.04438359100319631
4873,corleone,0.04438058418576793
8349,forms,0.044366877033139386
18746,shifted,0.04436662965156297
3005,brakes,0.04436343602210136
17252,reliever,0.04435565838096009
20178,stress,0.04435565838096009
12110,leveled,0.04434646470773419
6772,egos,0.044337937607525926
15668,plains,0.04433113900975872
8173,flipping,0.04430959041462458
4994,couture,0.04430389714477811
16933,readings,0.0442969999737847
16531,pumps,0.044296184077319216
5186,crosscountry,0.0442818680209358
10965,instilling,0.0442818680209358
11181,involvement,0.0442818680209358
23372,wishes,0.044278135564067365
20079,stores,0.0442683695019096
16441,providing,0.044227114462855655
14809,ordered,0.04421965556668286
4803,converge,0.04421858957259689
1137,airport,0.04421716698529066
13695,mp3,0.04421197419610315
802,achille,0.04419918907029942
19473,sorceresses,0.04419918907029942
803,achilles,0.04419918907029942
5054,crashs,0.04419605483433176
17279,remastered,0.04417394821950698
21481,tones,0.04416186549010522
5374,daimyo,0.044155763980743674
19631,spectral,0.04408744414817105
5731,demonstrates,0.04407256385913748
4122,classical,0.04407256385913748
20625,swordplay,0.04406458026249527
10754,infantryman,0.04405932249561337
21832,troublesome,0.04404575659346929
7471,experts,0.04402624767711469
19106,skins,0.044020788546049884
20266,sturdy,0.04400777391464776
3570,carry,0.044006300113332585
11461,journeys,0.04400274634599188
20197,string,0.04399138770641316
23485,worldplay,0.043948888190522784
124,12stage,0.043948888190522784
15166,parisdakar,0.043948888190522784
16625,quads,0.043948888190522784
3822,characteristicsyou,0.043948888190522784
18541,senegal,0.043948888190522784
15875,pockets,0.04394764189184642
3817,characterbased,0.043881015102487
6664,earthquakes,0.04388033814699988
20611,switch,0.043877199789411715
12513,luigi,0.043865870796549175
6196,diversified,0.04384379458973152
22786,visiting,0.04384253458804659
7664,falcon,0.04383909461422919
16489,pteranodon,0.04383374422905241
79,101,0.04381438452142263
22813,vizier,0.04380795557736336
18198,sato,0.043797158471495234
15339,penguins,0.04377801302760167
11559,kaori,0.04377342001561694
16486,psymon,0.04377342001561694
1204,allegra,0.04377342001561694
2731,bloated,0.04376859738251012
19622,specifications,0.04374732034141712
13647,mountains,0.04374567723333795
3644,catchers,0.043726947500655075
8377,fosse,0.043726947500655075
16504,pudge,0.043726947500655075
17838,rodriguez,0.043726947500655075
12811,marlins,0.043726947500655075
10765,infield,0.043726947500655075
7501,exported,0.043726947500655075
14475,obrien,0.043726947500655075
18433,seasoncareer,0.043726947500655075
10329,html,0.043726947500655075
7782,fates,0.04370083170630045
9569,hallowed,0.043674366074364035
738,accept,0.043656454582383084
1992,authoring,0.04362941970661542
6256,dogfighting,0.04362657624971288
4019,chunk,0.04359967773923533
8191,flora,0.04359713475626231
8230,foal,0.04359713475626231
10661,incident,0.04358379077306826
3206,buggy,0.043570405357296525
17270,remade,0.04354983404471474
254,1n,0.04354983404471474
3789,championships,0.043547749886732726
14297,nonmilitary,0.04353525970235029
3667,caused,0.04347020906684678
2441,behavioral,0.043467773514158134
7437,expansive,0.04345524034270851
4407,comfortable,0.04339006104556954
19495,soule,0.04337019423466446
5199,crouching,0.0433683262108351
19031,sinking,0.04336170821071284
9313,greatlog,0.04335975845556468
20786,tara,0.04335975845556468
773,accomplishment,0.04334405878544446
9338,grenade,0.043339322740833214
18592,servants,0.04333257070579998
12541,lust,0.04332984981689106
8120,flashes,0.043297652588627784
9412,grrrl,0.043295987414468114
16263,print,0.04329005797873559
6911,employs,0.04328341397935842
23179,werewolves,0.04326561803711161
13763,multiplay,0.043261807846917466
19191,slicker,0.04325640422550291
14726,onthego,0.04324791729514661
22760,violence,0.043237759658312336
16979,reasoning,0.04323416966312283
5599,deductive,0.04323416966312283
9366,grit,0.043221883073370077
13534,moo3,0.043206612648410976
22689,viceroys,0.043206612648410976
18914,sides,0.04319677535458953
483,4axis,0.04319643628758422
23595,x200,0.04319643628758422
2961,bowgun,0.04319643628758422
16284,prl412,0.04319643628758422
17210,reinventedproduct,0.04319643628758422
5454,daughterhis,0.04319643628758422
20669,systemwindows,0.04319643628758422
15291,pci,0.04319643628758422
1083,agp,0.04319643628758422
7264,europeencountering,0.04319643628758422
876,ada,0.04319643628758422
2448,behindtheback,0.04319643628758422
623,90ccompliant,0.04319643628758422
12780,marco,0.0431621984554464
8426,frames,0.04315579448657396
329,247,0.04315429372164499
15254,patriots,0.0431517640435224
2009,automobile,0.04314901578008551
4585,concern,0.043129660672649325
2156,bags,0.04312563696924402
18014,runway,0.04312563696924402
15567,pigtails,0.04312563696924402
11291,jackets,0.04312563696924402
7750,fashionista,0.04312563696924402
12671,makeup,0.04312563696924402
4318,collarcreator,0.04312563696924402
8819,garments,0.04312563696924402
2645,biz,0.04312563696924402
5283,curls,0.04312563696924402
9547,hairfrom,0.04312563696924402
21407,tints,0.04312563696924402
15097,palettes,0.04312563696924402
13093,merchant,0.043073604073640644
838,actionintensive,0.043053771753825146
8606,fullyintegrated,0.043053771753825146
16983,reaver,0.04300354453966085
12105,letters,0.04294431621111059
6518,drugs,0.04293565932989857
5981,digs,0.04293026335118192
13343,mirra,0.04291176864527875
7406,exhilaration,0.042895183680961735
23539,wreckage,0.042889492632910836
745,access,0.04288398831602626
2198,banana,0.042869620462599727
19874,stamina,0.042858835720525644
22338,unveiling,0.042858030867832644
23317,winback,0.04285008523673662
10011,highlighted,0.042827551156418855
5338,cyberscan,0.042824672170051065
18473,secured,0.042817761419784946
18542,senior,0.042805215248923216
18176,sapkowski,0.042753549925401084
23380,witchers,0.042753549925401084
1405,andrzej,0.042753549925401084
9720,hartsock,0.042712644765466046
15799,playstation2s,0.04270553748401909
2203,banded,0.0427027173473316
16709,racecourses,0.04269206221065961
13552,morales,0.04268683150124757
17849,roleplayer,0.0426828715533649
12383,lombardi,0.04267284903063173
827,actionand,0.04267178416489076
4896,correctly,0.04267025800497007
13641,mound,0.04267025800497007
13933,narrow,0.04266518355749585
13116,mesmerizing,0.04266438727423121
7318,evils,0.04265475661073208
17018,recipe,0.04263556272843071
2120,background,0.04263328871299413
14556,offense,0.04262023046030214
6686,easytolearn,0.042610670462194036
21265,throne,0.04260865559952514
5228,crusades,0.04256639487288523
22781,vision,0.04256189596806471
12246,linebacker,0.0425536044061913
11786,kratos,0.04254617767658778
21550,tothe,0.042528169971040905
20878,technically,0.04252474880133403
15326,pelling,0.04252004745525406
18910,sidelines,0.04249884383106217
7303,everybodys,0.04248964379326037
19501,soundcard,0.04248096969942801
16566,purification,0.04248096969942801
2043,awaiting,0.04248096969942801
3687,cddvdrom,0.04248096969942801
4281,cody,0.0424753457421381
346,27,0.0424690009400044
3247,bundled,0.04244971149763927
11838,ladders,0.04244681316006058
14014,necessitated,0.04242725270286249
4726,consuming,0.04242200086392877
12944,mazda,0.042396503810767656
19437,somersaulting,0.04238818121201855
1345,amusing,0.04237721016390786
12232,limited,0.04235887944290514
23419,wolves,0.042310829465412696
17656,richard,0.0423077097219394
744,accepts,0.04226442569958297
22618,veil,0.04226189353818803
9840,heavens,0.042261054670548366
14967,overlook,0.04225914505082982
4776,contrast,0.042242955915839674
5548,decay,0.04222521243073337
3699,celebrated,0.04221786663190628
14089,netherworld,0.04221581322734234
19761,spread,0.04221373369135258
7699,fanatics,0.04218426018071337
15639,pitting,0.04218103011585253
9550,hairstyle,0.04211028134305199
22965,warm,0.04208450621791365
6728,edgeofyourseat,0.042061612347115244
2048,awaken,0.0420533693282361
1376,anderson,0.042050684464267914
22765,vip,0.04204945864652922
22666,vessels,0.04203249260052331
19129,skyline,0.0419787320828212
12894,math,0.041976390170499346
10867,inhabited,0.04196826934758621
9066,globally,0.04195266382996299
12338,localized,0.04195068166514768
21762,trick,0.04193577480278811
11308,jahnson,0.04190525252367844
16828,randall,0.04190525252367844
11974,lawlessness,0.04190525252367844
11973,lawless,0.04190525252367844
15947,poor,0.041885047044063727
9910,helps,0.04187357986203018
2648,bizer,0.04187236837494982
5623,defected,0.04187236837494982
7438,expartner,0.04187236837494982
5574,decked,0.04187191745042624
14025,necron,0.041854478295676775
5689,delital,0.041851521054359464
9872,heiral,0.041851521054359464
14703,onion,0.041851521054359464
9606,handdrawn,0.041851521054359464
16824,ramza,0.041851521054359464
2508,beoulve,0.041851521054359464
5445,data,0.04183753135144045
11349,jazz,0.0418370526542278
16558,purchased,0.04182398959824877
20747,talkin,0.04180521519047332
4799,convenient,0.041799635147954074
2430,beginners,0.041797043972739145
6428,drawing,0.0417770728569165
672,abandoned,0.04175464027846773
13544,moons,0.04174665407723741
5079,creaky,0.04174665407723741
14484,observing,0.04174665407723741
7421,exited,0.04174665407723741
19141,slab,0.04174665407723741
6931,enclosed,0.04174665407723741
17035,recollection,0.04174665407723741
16225,prevented,0.041727790794340226
10508,illidan,0.04170853532233111
6381,draenor,0.04170853532233111
10889,injury,0.04170156457257729
2952,bounties,0.041683406278663675
9457,guided,0.04167172679949902
19542,spaceage,0.041669975234773816
15753,playedand,0.04162385630158038
9500,gunsand,0.04162385630158038
7337,exacted,0.04162385630158038
4596,concre,0.04162385630158038
23091,weaponswhich,0.04162385630158038
1049,againstthe,0.04162385630158038
23394,withor,0.04162385630158038
7144,envy,0.04162385630158038
21973,twotofourplayer,0.04162385630158038
13659,mousethe,0.04162385630158038
19767,springboards,0.04162385630158038
21878,tuna,0.04162385630158038
14096,networkbased,0.04162385630158038
15294,pctoconsole,0.04162385630158038
768,accompanying,0.04158718333171122
6567,dugplus,0.04158148161324257
3289,buster,0.04158148161324257
19453,sony8217s,0.04158148161324257
8697,galaxian,0.04158148161324257
6515,druaga,0.04158148161324257
16465,pspspacman,0.04158148161324257
15974,portablefor,0.04158148161324257
13558,morean,0.04158148161324257
22829,voicing,0.04158048733878731
8907,genetically,0.04157873452077899
4368,colt,0.04156832454886069
9382,grotesque,0.041555487069525575
22074,unbridled,0.04152640453344287
16820,rampant,0.041526086865154584
11146,inventive,0.04151514911437381
9645,hangs,0.04151272255328767
12219,likewise,0.041506879904715195
18871,shrinking,0.041501360790278254
20055,stocking,0.04149917497779237
4987,courtesy,0.041490157217596885
4468,communities,0.04148289403321625
10930,insert,0.04148289403321625
16407,prospector,0.04148289403321625
20956,tens,0.04148289403321625
8942,geology,0.04148289403321625
7873,feints,0.04148289403321625
7512,expresses,0.04148289403321625
20756,tame,0.04148289403321625
8546,frontiers,0.04148289403321625
14707,onlineepic,0.04148289403321625
14049,negotiations,0.04148249430382966
19004,simultaneous,0.04145620585786125
17530,retail,0.04145335834154424
11211,irritating,0.04145105487091282
20855,teammate,0.04143077837510362
5410,dangers,0.041414685455673436
8163,flight,0.04140850519796209
10360,humankind,0.041403382847982916
14499,obvious,0.041383756917207144
15631,pitchers,0.041381401726548105
14445,oakland,0.041381401726548105
1940,attract,0.04134977846767289
16995,reborn,0.04134820342608308
23295,wildlife,0.04129411742989405
4269,cocktails,0.04127738594449517
23182,wesson,0.04127738594449517
16527,pumpaction,0.04127738594449517
13476,molotov,0.04127738594449517
2899,bootlegging,0.04127738594449517
9838,heavena,0.04127738594449517
3935,chicagoand,0.04127738594449517
21510,topple,0.041275536895863725
21656,trance,0.04125360903010234
4739,contender,0.041253086897531065
13663,mouths,0.041252056413572664
679,abduction,0.0412520076851296
810,acquire,0.04124689425985023
1684,arial,0.04123464628290328
21676,transit,0.04121487034423339
19630,spector,0.041201969927802014
16396,prophesize,0.041201969927802014
13815,museums,0.041201969927802014
22979,warren,0.041201969927802014
22911,wallclimbing,0.041201969927802014
20550,suspiciousness,0.041201969927802014
2653,blackjack,0.041201969927802014
22159,uneasily,0.041201969927802014
14254,nobles,0.041201969927802014
16145,preferring,0.041201969927802014
11000,intelligences,0.041201969927802014
17926,roused,0.041201969927802014
6768,eggmans,0.04118339541171604
5442,dashboard,0.041181593003406174
1719,aroundthegame,0.041181593003406174
18251,scaring,0.04116376879255772
1533,anxiety,0.04114296192980234
9507,gunslinging,0.04113640910304307
6375,dpad,0.041114311480267424
4823,convoys,0.04111335472102239
17189,rei,0.04110211589587945
21521,torment,0.04109278162256965
1445,animal,0.04107651064407634
13821,musician,0.0410700183058473
23339,wingmen,0.041067452843515574
15651,pizza,0.04103062119387813
795,aces,0.04102191820899025
6075,disco,0.04101051872608213
5857,detect,0.04100700702638035
3946,childhood,0.04098093162709709
19791,spying,0.04097885287006127
19916,staring,0.04097885287006127
19357,snuck,0.04097885287006127
1523,antiterrorism,0.04097885287006127
2920,borrowed,0.04097885287006127
7969,figure,0.04097626992067341
1494,antarctica,0.04097356072986833
6449,dreamworks,0.04095931878003886
3214,built,0.0409533340859321
22853,voralberg,0.040946798611941344
9900,helms,0.04093720641740857
14119,newer,0.040921053461905325
18351,scouts,0.04089618528699374
21483,tongueincheek,0.040879973462067606
8838,gather,0.040869313827024675
22439,usa,0.040848178337473236
12991,mechanism,0.04084335252131073
2333,battlejoin,0.0408321515349
16302,processor32,0.0408321515349
12678,malas,0.0408321515349
19541,space2,0.0408321515349
10306,housedesign,0.0408321515349
13083,mepentium,0.0408321515349
7828,featuresall,0.0408321515349
602,814x,0.0408321515349
6479,drive288,0.0408321515349
3514,carddirect,0.0408321515349
19590,spatial,0.0408321515349
3968,chivalrous,0.0408321515349
14023,necromancy,0.0408321515349
16812,ram925,0.0408321515349
20666,systems30,0.0408321515349
15427,personalization,0.0408321515349
12039,legacyproduct,0.0408321515349
22106,undeadeach,0.0408321515349
11050,interkeyboardmouse,0.0408321515349
17848,roleplay,0.0408321515349
13671,movescreate,0.0408321515349
16961,realmproduct,0.0408321515349
736,acceleratordirectx,0.0408321515349
10668,includedwindows,0.0408321515349
2599,binationsmaster,0.0408321515349
719,abusive,0.04082530417045567
3863,charred,0.04082530417045567
7795,favored,0.04082530417045567
3253,bunkers,0.04082530417045567
3694,ceiling,0.04082530417045567
9509,guntoting,0.04082530417045567
3198,buffeted,0.04082530417045567
11052,intermittent,0.04082530417045567
9070,globetrotting,0.04081904966431356
18687,shaping,0.040812345060360807
19115,skirts,0.040812345060360807
12026,lechuck,0.04080983504928285
11028,interactivity,0.04078760093859416
3748,certainly,0.04077837681428919
12198,lightning,0.04076042559928946
4635,confused,0.04073814982704432
19519,soupedup,0.04073657812863565
3982,chomp,0.0407211283038479
18818,shortcoming,0.04071226368996778
18601,services,0.040693182458152274
2230,barbaric,0.04068958392789001
23285,wiimote,0.04067205169449129
5248,cuba,0.040668578991400445
9892,hellish,0.04066680995853257
9159,gonna,0.040654107236668235
13276,mindblowing,0.04065313703139427
15533,picked,0.04065281419477642
22145,undeveloped,0.04064033736104919
20563,swap,0.04063049083753569
14192,nimbus,0.040617610812762876
17323,rendition,0.040617610812762876
20865,teamup,0.040617610812762876
2583,bigscreen,0.040617610812762876
21803,triwizard,0.040617610812762876
18459,secondyear,0.040617610812762876
9001,gilderoy,0.040617610812762876
3425,campsite,0.040617610812762876
22839,voldemort,0.040617610812762876
23378,witchcraft,0.040617610812762876
22804,viva,0.04061304211366033
7173,equip,0.04057367535238389
8960,gesture,0.04056638009894946
16123,predatory,0.04056340953510825
11577,kat,0.04055819428602433
22024,ui,0.04055819428602433
9094,glyph,0.04055819428602433
11624,kepi,0.04055819428602433
9802,headsup,0.04055819428602433
11415,joannas,0.04055819428602433
12751,manualjoanna,0.04055819428602433
22592,vector,0.04055819428602433
20410,sunrise,0.04055819428602433
13730,mulitmillionselling,0.04055819428602433
16417,protective,0.04055819428602433
4361,colorfullyembossed,0.04055819428602433
2877,booklet,0.04055819428602433
1582,applicable,0.04055138292984148
10708,india,0.04054783985158905
8441,frank,0.040515468922403985
17105,reduce,0.040509205799410454
3233,bullpen,0.04050434276658992
14196,ninjas,0.04043851723888883
4993,cousins,0.04042142308366805
16743,radiata,0.04042004081368284
2329,battleground,0.04040469268247046
248,1aa,0.040402356980829966
8548,frontline,0.04040226300596964
335,250,0.04039755391987445
1354,analyze,0.04039675075117252
7417,existing,0.0403852490152794
5746,department,0.04037821230952245
6967,endorsement,0.04036570902070186
8440,francise,0.04036570902070186
3424,camps,0.04036570902070186
16327,profiels,0.04036570902070186
15182,partake,0.04036570902070186
14535,oddjob,0.04035432350146619
10045,highrolling,0.04035432350146619
1978,auric,0.04035432350146619
16589,pussy,0.04035432350146619
23608,xenia,0.04035432350146619
18,00,0.04035432350146619
18243,scaramanga,0.04035432350146619
14646,onatopp,0.04035432350146619
9144,goldfinger,0.04035432350146619
10744,inertia,0.04033304780941528
19896,stanley,0.040322075765149935
18364,scratches,0.0403202790890583
10216,hoot,0.04031774114731639
1263,alternate,0.04030011057903123
20799,tasked,0.04028738536073272
6833,eliminated,0.04028179544375142
1190,alignment,0.04028179544375142
6149,dissolve,0.04028179544375142
16130,predicament,0.04028179544375142
14322,normally,0.040242845829671685
1960,audible,0.04024223920073237
17811,robs,0.04021999720363625
4116,clashing,0.040219832133599254
20137,strap,0.040214276767678324
1570,appearances,0.04019332933978347
22258,unlockables,0.04017548677453556
16031,posts,0.04017148101312215
16609,pyro,0.04017128478794328
14304,nonpro,0.04015829132188055
19074,skateparks,0.04015829132188055
1403,andromeda,0.04011305065894877
7529,extent,0.04010771607823868
18819,shortcut,0.0401049161730648
10532,imaginableeven,0.0401049161730648
19032,sinks,0.0401049161730648
18526,sellers,0.0401049161730648
20480,supposedly,0.0401049161730648
17526,resurrected,0.0401049161730648
5680,delays,0.0401049161730648
14883,outcasts,0.0401049161730648
14972,overnight,0.0401049161730648
23649,yanked,0.0401049161730648
11815,labels,0.0401049161730648
10362,humanly,0.0401049161730648
20326,substitutes,0.0401049161730648
4773,contradictory,0.0401049161730648
7727,farethe,0.0401049161730648
20045,stings,0.0401049161730648
21420,tiring,0.04010085787109227
12784,margeand,0.0400946135198276
5921,diablos,0.040079506773659464
4666,conquests,0.04007514739312878
2557,bfg,0.04007514739312878
13731,mulitplayer,0.04007514739312878
613,8bit,0.04007415197542173
126,12week,0.04005029208301477
7269,evaluations,0.04005029208301477
16857,rapper,0.04004636942184487
12798,markedly,0.04003933794102345
153,15px,0.04001402603834782
17346,repeatx,0.04001402603834782
8266,fontweight,0.04001402603834782
659,9dc4d8,0.04001402603834782
12288,liststyle,0.04001402603834782
123,12px,0.04001402603834782
437,3em,0.04001402603834782
339,250px,0.04001402603834782
23273,width,0.04001402603834782
8265,fontstyle,0.04001402603834782
20676,tablecallout,0.04001402603834782
15054,paddingbottom,0.04001402603834782
14100,neue,0.04001402603834782
20839,tdvgoverview,0.04001402603834782
9912,helvetica,0.04001402603834782
15055,paddingleft,0.04001402603834782
18588,serif,0.04001402603834782
2907,borderright,0.04001402603834782
2906,borderleft,0.04001402603834782
118,125px,0.04001402603834782
111,11px,0.04001402603834782
12250,lineheight,0.04001402603834782
15056,paddingright,0.04001402603834782
22031,ulindent,0.04001402603834782
21026,textindent,0.04001402603834782
11249,italic,0.04001402603834782
3483,caption,0.04001402603834782
14117,newcomer,0.040004681913475997
9211,grab,0.04000057527981477
7265,europes,0.03997003792077127
3250,bungie,0.039969070288686216
11514,junk,0.03996882765060525
17290,remind,0.03996141424436723
21887,tunnel,0.03991917756077962
8309,forefront,0.03991483447053396
6779,eiffel,0.039907373422051536
2558,bgii,0.039903374768287835
4805,conversations,0.03990214875391858
20163,streaming,0.039877392157936946
13022,mega,0.03986929932357605
6532,dsl,0.039834693404147255
16634,quality,0.03983156196708015
2392,beats,0.039831013472282344
8948,georgia,0.0398277505666798
17967,rubberducky,0.039812188982839045
19900,staplers,0.039812188982839045
15117,pandemonium,0.039812188982839045
22072,unbelievable,0.039808504415400583
4954,counters,0.03979188427265312
14142,nexus,0.03976643623673335
18212,savior,0.03975777878817714
16021,postapocalyptic,0.0397566945306028
9431,gtr,0.03973859736237908
1480,announcers,0.0397351733762519
5735,deniability,0.039734057565760705
10307,household,0.03971659979024045
2562,bicycle,0.039703251172276154
21322,tie,0.03966234262182135
23792,zelda,0.0396252740157178
20204,striving,0.039609371321473054
20095,storybook,0.0396074406459292
3639,catastrophe,0.03956964777850946
7712,fantastical,0.039569123017882846
22641,venturing,0.03954310670240545
22339,unveils,0.03953669232101686
4248,coalition,0.039512366401524904
3394,calypso,0.03951001967611593
10895,inmates,0.03951001967611593
2150,badly,0.03950733617799049
18994,simulationproduct,0.03946725297785476
22469,ustio,0.039464854907980865
2474,belkin,0.039464854907980865
15722,platforms,0.03942649983261191
1799,ass,0.03940629660502921
5841,destroys,0.039400152508865756
20499,surpass,0.03939939960235029
22456,userfriendly,0.03939388340115292
16542,punishment,0.03939112589829496
8831,gas,0.03937364879591725
9537,hacker,0.03934530647903769
11041,interfacefresh,0.03934530647903769
20934,templars,0.03934530647903769
3622,castlestime,0.03934530647903769
12758,manuscript,0.03934530647903769
6023,directcontrol,0.03934530647903769
7257,ethiopia,0.03934530647903769
22867,voynich,0.03934530647903769
20107,storytellersrevolution,0.03934530647903769
4639,congo,0.03934530647903769
22497,vaan,0.03932393382863877
4742,contents,0.03932009545962934
932,admitted,0.0392992929498422
1362,andalusian,0.0392992929498422
12275,lipizzan,0.0392992929498422
5986,diligent,0.0392992929498422
8485,freesian,0.0392992929498422
15106,palomino,0.0392992929498422
15133,paper,0.0392875086452925
19595,speakers,0.03927398734265485
9660,happily,0.03927305074775755
3056,breathe,0.039270772299517136
6489,driversforhire,0.03926914388603305
4239,clutchyourseats,0.03926914388603305
4059,citiesnew,0.03926914388603305
16387,propelling,0.03926914388603305
6211,divisions,0.039267171848514776
20613,switches,0.03926116238931303
19624,spectacle,0.03925772126538359
6100,dish,0.039255189688820746
6490,driverthis,0.03925344389138689
15996,posing,0.03925344389138689
8289,footwhich,0.03925344389138689
6146,disrupting,0.03925344389138689
475,45day,0.03925344389138689
3507,carchase,0.03925344389138689
3540,carjack,0.03925344389138689
22191,unforgivingrequiring,0.03925344389138689
2116,backed,0.03925344389138689
22607,vehiclesas,0.03925344389138689
5869,determinedeven,0.03925344389138689
5951,dies,0.03923766886732878
7618,facing,0.03923624576836804
9497,gunpowder,0.0392353482094898
336,2500,0.03923225051591498
14414,numberoneselling,0.03923225051591498
5804,designated,0.03922124743214404
9140,gold,0.03921099865656502
8328,forged,0.03918910114545274
2951,bounds,0.03918819260082324
1578,applaud,0.03918347783111941
15827,pletely,0.03917881394006589
14937,outsmart,0.03917159548086161
7931,fiction,0.039156849767982095
13180,micromanagement,0.03912884143298669
17789,roaring,0.0390502347998957
196,1923,0.039049267325004224
20208,strokes,0.039044844701594375
18522,selfshadowing,0.039036433829419
19228,sloths,0.039035223178852024
5396,dana,0.039035223178852024
8971,gexs,0.039035223178852024
8869,gecko,0.039035223178852024
17642,rez,0.039035223178852024
21831,troubles,0.039035223178852024
4793,controlremote,0.039035223178852024
2859,bondjames,0.039035223178852024
9197,gould,0.039035223178852024
8848,gauging,0.039035223178852024
15085,pajama,0.03903354147002594
1963,audiences,0.03902740224889385
8828,garretts,0.03899187016821262
19971,steals,0.03899187016821262
7271,evasion,0.03899187016821262
4156,cleverly,0.03897738159708012
11076,interstellar,0.03896630778688306
23567,wronged,0.038912808711383036
2494,benched,0.03890882850236252
17652,ribbons,0.038907665186461354
19069,skaarj,0.038904282955282664
22474,ut2004,0.038904282955282664
5592,decrease,0.03889784017306341
15873,pocket,0.0388911829766611
2309,battalion,0.03884639430714798
10924,insanely,0.03884323026999313
19940,stated,0.0388402608018366
4750,contextsensitive,0.03883334687537432
16233,priceless,0.03880139150330598
527,5th,0.038783224806864885
10900,innercity,0.038772359487690526
5600,deeds,0.038742085579031166
10521,illustrated,0.03873653246324651
22928,wannabe,0.038734455639484626
17222,related,0.03872775678526313
10282,hotels,0.038726371228978054
19912,starfighters,0.03872300455525668
1248,alongside,0.038706732507939434
21563,toughest,0.03870219822606172
9567,hallmark,0.038696773414244226
19758,spray,0.0386870001359957
14390,npcs,0.038684320283681926
13688,movin,0.038671003447894745
2162,bakers,0.038667299229756535
14711,onlines,0.03864188748832925
3077,brett,0.03861746045524477
1955,atwood,0.03861746045524477
15074,painstakingly,0.038585209840611485
18426,seas,0.0385695857156245
14189,nikos,0.03855931349091264
2534,bestselling,0.038536261538289276
7557,extremes,0.03851786170580865
8356,fort,0.03851722036003167
1317,americans,0.03851474141833722
15205,partybased,0.038506472421511596
11322,jampacked,0.0385033117853082
12191,lightgun,0.03846924172424118
16998,rebuild,0.038465425581796296
9045,glare,0.0384454245418278
7459,experienceproduct,0.038440955526543974
529,600,0.038438141140812766
14010,nebulae,0.03840026280950817
15241,pathetic,0.0383550141473861
4406,comfort,0.03834592704734177
18252,scars,0.03833402439939059
6468,drill,0.03832888872065189
2195,baltic,0.03831549799144632
7243,estonia,0.03831549799144632
12294,lithuania,0.03831549799144632
11946,latvia,0.03831549799144632
22041,ultranationalistic,0.03831549799144632
5300,curtain,0.03831549799144632
7700,fancies,0.038313943713027036
10090,hirelings,0.038313943713027036
16655,quench,0.038313943713027036
2335,battlemage,0.038313943713027036
22539,vampiress,0.038313943713027036
8517,friendliness,0.038313943713027036
1357,ancaria,0.038313943713027036
14826,orientated,0.038313943713027036
18573,seraphim,0.038313943713027036
928,admirers,0.038313943713027036
12821,marshes,0.038313943713027036
18065,sacreds,0.038313943713027036
12019,leather,0.03830274823970979
2720,blinking,0.03830274823970979
7205,escalating,0.0382697091900058
10058,hiigarans,0.03822917767278696
8146,fleets,0.03822917767278696
5783,derelicts,0.03822917767278696
21943,twin,0.038220204036275386
12292,literally,0.03821989683357019
7805,fbi,0.03821113304095626
515,56,0.038196805498453446
18109,sale,0.038196436100469265
4036,cinemaquality,0.03819177983482681
20678,tablet,0.03819177983482681
11646,kharak,0.03819177983482681
9557,halfdestroyed,0.03819177983482681
10939,insignificant,0.03819177983482681
19862,stale,0.03819041053882045
22766,viper,0.03818754282735902
16092,prank,0.03817749771092587
12310,livestock,0.03817749771092587
15230,pastoral,0.03817749771092587
8331,forgetmenot,0.03817749771092587
4644,conjured,0.03817749771092587
14657,oncoming,0.038169567794084196
11180,involved,0.03816709813942165
15985,portraits,0.038157600284355345
8714,gambling,0.03814785920524098
16518,pulsating,0.03814416809979088
14568,office,0.038130744532690115
15865,plunging,0.03812105228206112
12107,level,0.03811753691382267
5224,crunch,0.038091381807671076
21826,tropy,0.038091381807671076
12390,lonesome,0.038085592080441454
19784,spurring,0.038085592080441454
23299,wildwest,0.038085592080441454
17503,restful,0.038085592080441454
6920,enabled,0.03806217489458305
10758,infectious,0.038058190164826415
3255,burden,0.038054243004948106
2929,bot,0.03805116623113289
13855,mx,0.03804239355093976
6089,discs,0.038038634219693564
19024,singlerace,0.0380379866621269
12499,lucia,0.03803269779375292
15428,personalize,0.038026540205255505
1865,asyou,0.038024484796356756
19146,slam,0.03801713270631001
21048,thatwill,0.03801197832486031
18100,sail,0.03801051435868767
20303,sublime,0.03795480984284632
22551,vanishes,0.037952399997806044
18707,sheds,0.03794138541811904
2619,biotoxins,0.03794138541811904
18037,rws,0.03794138541811904
13211,midwestern,0.03794138541811904
20084,storing,0.03794138541811904
23181,wesker,0.03794138541811904
14551,ofdevil,0.03794138541811904
5240,cryresident,0.03794138541811904
14316,nope,0.03794138541811904
1233,allterrain,0.03793750233122666
19203,slim,0.03793428974396783
11888,lap,0.03793390363442443
8684,gaiden,0.037928025726014496
4270,cocky,0.03792529005558344
21880,tune,0.037925039057185736
4443,commentators,0.03791728141267668
19114,skirt,0.03791728141267668
19955,statue,0.03790853988297974
5742,dent,0.03790545506275856
12783,marge,0.037885416869436445
2227,barbarian,0.03786660436602817
5053,crashlands,0.03786265300794978
16949,realityforever,0.03786265300794978
15655,placeand,0.03786265300794978
22293,unreals,0.03786265300794978
18122,salvaged,0.03786265300794978
19122,skull,0.03785607439263591
9971,hide,0.03782115673231735
10211,hooking,0.03780697536043235
3856,charlie,0.03780697536043235
4667,conquestsyou,0.03774863749918361
20560,swamplands,0.03774863749918361
6544,dualwield,0.03774107355225353
19418,soloor,0.0377291504165459
1663,aregulationsize,0.0377291504165459
1703,armloads,0.0377291504165459
4111,clap,0.03771598909523201
179,1804,0.037713876344877884
15955,poptops,0.037713876344877884
2246,barons,0.037713876344877884
18051,s3d,0.037713876344877884
14918,outmaneuvering,0.037713876344877884
405,34,0.037713876344877884
17320,renderings,0.037713876344877884
5166,criticism,0.037696384588572523
11143,invention,0.03769571020650272
913,adidas,0.03769232427645265
12113,leveling,0.03768757478787621
20869,tearing,0.03768456499344653
7101,enthralling,0.03768393942416302
4841,cooperation,0.03767893753955421
11209,irreverent,0.03767663370465702
6587,duplicate,0.03767310471613357
1437,angles,0.03765187264389186
2376,bears,0.03764555458797953
12689,malone,0.037623992226992926
19471,sorceress,0.0376236243654918
6801,elected,0.03760094987094531
14637,omen,0.0376007140413096
15307,peasants,0.0376007140413096
16893,ravens,0.03758440147942242
10458,ideas,0.03755262883388431
12415,looms,0.03754202468186341
2027,aven,0.03753444843116851
5761,deploy,0.037526979536182614
16846,rap,0.03752617178765513
15586,pimp,0.03750723343686382
7888,fence,0.0375020872934621
19981,stealthy,0.0375002674485696
15180,parquet,0.037488213431189514
444,3on3,0.037488213431189514
6462,dribbles,0.037488213431189514
2751,bloodcurdling,0.037487076170164196
17378,report,0.03747141517641023
19886,standardsetting,0.03746092030003244
9350,griffin,0.03746092030003244
12620,mages,0.03745489474555619
20203,strive,0.03744710540659118
15911,policies,0.0374423184318953
10270,hosted,0.03739067392743013
12845,mascots,0.037389180819286806
14736,opener,0.037369562993134424
13121,messed,0.03736299391194937
12677,malak,0.037349204805783714
17573,revan,0.037349204805783714
2292,bastila,0.037349204805783714
8137,flawless,0.03734407690306471
15953,popping,0.037324368752826145
6313,dooropening,0.03731688473728287
7551,extraterrestrial,0.0373130862939717
1781,asking,0.03729477899792032
20555,suzuka,0.03728629857057644
23430,wondering,0.03728130256836078
17506,restore,0.03727963258041962
20185,stretches,0.03724369137831623
22267,unnecessary,0.03723687711096962
17618,revolutions,0.037234798413962635
21749,trex,0.037233267261386135
20836,tcpip,0.03723110100306958
7411,exis,0.037223098339130525
12192,lighthouse,0.037223098339130525
6303,doolin,0.037223098339130525
22933,wants,0.03721635322437578
10277,hot,0.03718663528124518
19306,snacks,0.037183084428231206
12695,mammoth,0.03716135898740716
10739,industry,0.03714408466228532
4299,coins,0.037141125510436857
18652,shadowing,0.037133399443273464
9448,guerrilla,0.037133399443273464
15118,pandora,0.037133399443273464
20378,suhadis,0.037133399443273464
20377,suhadi,0.037133399443273464
17532,retain,0.03711722204621557
14273,nolan,0.037111287913495584
5932,diamondbacks,0.037111287913495584
11385,jeter,0.037111287913495584
1859,astro,0.037111287913495584
1691,arizona,0.037111287913495584
16128,predetermine,0.037111287913495584
3135,brooklyn,0.037111287913495584
9389,grounder,0.037111287913495584
11497,jumbotrons,0.037111287913495584
10766,infielder,0.037111287913495584
16795,raised,0.03710359119606789
11084,interview,0.03709398649329451
19201,slightest,0.037091410082378824
17064,recreating,0.03707968025906958
1039,aftermath,0.03707486608990695
4186,clive,0.037071202302702
2241,barkers,0.037071202302702
18713,sheets,0.0370583329273835
5149,crimson,0.037048788990661025
13828,musou,0.0370341158884287
14783,optimized,0.03703034076227817
12506,lucrative,0.03701271323163609
4641,congratulations,0.0370059408563338
12844,mascot,0.03699102366667213
7355,excels,0.03698602480380172
10059,hijack,0.0369721156450013
5849,destructively,0.0369721156450013
5653,deform,0.0369721156450013
1088,agrippa,0.0369674325573016
18030,rusty,0.036957716441608605
22910,wallace,0.036957716441608605
6653,earnhardt,0.036957716441608605
14724,ontheedge,0.036957716441608605
12853,masks,0.036951689986192075
4357,colored,0.03694451506364184
6215,dj,0.0369192397255256
10008,highlands,0.03691686033673119
9299,graveyard,0.03690792329092982
18276,scheduled,0.036906409322788575
9934,hermione,0.03689300144298599
16338,programmers,0.03688779325602634
9205,gow,0.036886299740279196
17509,restricted,0.03688545038766584
4931,couch,0.03688441766620952
7111,entirelyonce,0.03688014335857068
13229,mildest,0.03688014335857068
17341,repaired,0.03688014335857068
22308,unsatisfying,0.03688014335857068
5320,cutaway,0.03688014335857068
6054,disappointingly,0.03688014335857068
1997,authorized,0.03688014335857068
6820,elendil,0.03688014335857068
12625,magiccasting,0.03688014335857068
5896,deviates,0.03688014335857068
3670,caution,0.03688014335857068
14602,oftentedious,0.03688014335857068
18718,shelf,0.03688014335857068
3674,caveats,0.03688014335857068
8798,gandalfs,0.03688014335857068
22808,vivendis,0.03688014335857068
17728,ringwraiths,0.03688014335857068
21383,timestoo,0.03688014335857068
14296,nonlotr,0.03688014335857068
10159,hollow,0.03688014335857068
20875,techcom,0.03686642196984791
20971,terminators,0.03686642196984791
7531,exterminating,0.036850912061373864
21671,transformations,0.03684959833345865
109,117,0.03684412520806496
18357,scrambles,0.036813990949430955
17250,relies,0.036807893230975476
8417,fragfilled,0.03680765678067714
1425,andys,0.03680426867803137
5329,cutscenes,0.03680286184782543
18807,shoots,0.03679465095776994
18866,shrewd,0.0367849438080148
14709,onlineonly,0.03674952945676129
7613,facilitates,0.03674952945676129
14355,notegaming,0.03674952945676129
17985,ruled,0.03674790785719904
18717,sheila,0.03673281786961541
11822,labs,0.03672523323284945
11555,kangaroo,0.03671432379705655
10043,highrise,0.03669309967880801
22836,volcano,0.036692121324134866
22468,ussr,0.036685999516918526
5960,differences,0.036683355503085595
2370,beamed,0.036662499656860664
9700,harmless,0.0366606089774607
5814,desired,0.036647398706751835
13533,monuments,0.03663297988290343
7294,everpopular,0.03660228762459905
22130,understandable,0.03657658178707906
6448,dreamtime,0.036570088259679494
3611,cass,0.036570088259679494
2882,boomerangs,0.036570088259679494
11441,jon,0.03656977076358765
2210,bang,0.036569642977131604
13101,merge,0.03655651542035691
15094,paleontologist,0.03655651542035691
1640,archaeological,0.03655651542035691
6238,docs,0.03655651542035691
20529,survived,0.03655514592857931
11655,kicked,0.03653697413710895
15605,pioneering,0.0365297841357332
21417,tires,0.03652974845955093
3704,celebrity,0.03652094697130431
19928,started,0.03649531284100136
1476,announced,0.03649264588406733
18230,scaling,0.03647979476204052
3084,bride,0.036466843831811764
7736,farreaching,0.03646596594177154
9855,heed,0.0364552552800598
13627,motogp,0.03643575662516118
7523,extended,0.03643146759647621
7470,expertly,0.03642410065725573
19563,spaghetti,0.036414035080066076
23717,youin,0.03639680528607862
12100,lethaltrail,0.03639680528607862
13271,mina,0.03639680528607862
289,200mhz,0.03639680528607862
14578,offorgotten,0.03639680528607862
7142,environmentswhile,0.03639680528607862
22540,vampiresspell,0.03639680528607862
18151,sanctuaryonly,0.03639680528607862
9745,hauntingly,0.03639680528607862
10815,informationimmerse,0.03639680528607862
9695,harker,0.03639680528607862
16170,prepareyourself,0.03639680528607862
17285,rememberedproduct,0.03639680528607862
1729,arriving,0.03639680528607862
14387,nowhunt,0.03639680528607862
14607,ofthrills,0.03639680528607862
21448,todraculas,0.03639680528607862
1853,astonisha,0.03639680528607862
1460,animationwindows,0.03639680528607862
6379,draculas,0.03639680528607862
970,adventureas,0.03639680528607862
23235,whistles,0.03638450509288809
6940,encourage,0.036377057216237026
9689,hardware,0.03636423822870017
15361,percent,0.036360711409933924
1165,albert,0.036359038398705724
3263,burned,0.03634827961368002
15811,pleads,0.03634509385462898
12649,maine,0.03634509385462898
10326,hp,0.03634509385462898
8071,fiskes,0.03634509385462898
12459,lovecraft,0.03634509385462898
16769,rags,0.0363427364411264
21355,timea,0.03634221056923081
14199,nintendos,0.03633682137543162
17554,retrieving,0.036335492747838274
2895,boot,0.036334763430570766
10659,incentives,0.03631669882254574
1880,athleticism,0.03630903211300115
15280,paynes,0.03629222050756266
13623,motives,0.03628532638943011
4324,collected,0.036274629104459964
14517,occurs,0.036274302847230204
5721,demolitions,0.036260226219612605
8256,follower,0.03625875664529889
13874,myth,0.03625875664529889
18621,settlers,0.03625875664529889
5284,currency,0.03623050030312069
15697,planners,0.0362205178419217
18462,secretive,0.03621750879219444
22860,vowel,0.036215440903018384
653,98me2000xpvista,0.036215440903018384
23115,wedges,0.036215440903018384
4703,consonant,0.036215440903018384
462,40mb,0.036215440903018384
22378,upc705381141303,0.036215440903018384
9030,gl,0.036215440903018384
6037,directsoundcompatible,0.036215440903018384
14220,no14130,0.036215440903018384
19538,sp4xp,0.036215440903018384
19537,sp2vista,0.036215440903018384
22491,v1039,0.036215440903018384
20545,suspenseful,0.03621219560145702
5702,delves,0.03619450891494972
1846,assured,0.036191652170206985
7216,escorting,0.036187047789414534
17966,rubberbands,0.036174504416318816
2998,brainteasers,0.036174504416318816
18206,sausages,0.036174504416318816
9352,grilling,0.036174504416318816
16515,pulley,0.036174504416318816
1140,airpressure,0.036174504416318816
4775,contraptions,0.036174504416318816
12188,lighten,0.036174504416318816
19724,splitters,0.03617387604862354
6507,dropping,0.03617122728998031
8487,freestyle,0.03614923917000898
8671,g6155,0.03614589645842116
2754,bloodlust,0.03613383115980065
17473,resource,0.036127121443137546
8116,flare,0.036106960172349774
13522,monstrosity,0.03608309915869515
9014,girders,0.03608309915869515
20495,surgeons,0.03608254442958896
2426,began,0.036065255339070755
8629,funny,0.036055076873563276
17136,reflective,0.03605376565235657
16172,preplay,0.0360528977089838
2077,axe,0.03605033256012549
13332,mint,0.03600141556803617
17782,roadster,0.035997790187275884
5194,crossover,0.03598448580538125
16006,posse,0.03596912884106447
8837,gateways,0.03596013099124482
15800,playstation3,0.03595135441626489
15091,paladins,0.035944397908731794
7079,entering,0.035935287132484464
3957,chimneys,0.035927683271593215
3900,cheekily,0.035927683271593215
20270,stuttery,0.035927683271593215
23715,youfire,0.035927683271593215
15415,persnickety,0.035927683271593215
10584,imperfections,0.035927683271593215
23554,wrights,0.035927683271593215
19267,smallerscale,0.035927683271593215
9083,glosses,0.035927683271593215
14044,neglects,0.035927683271593215
10713,indicator,0.035927683271593215
16091,praisefrom,0.035927683271593215
22479,utilities,0.035927683271593215
19293,smoking,0.035927683271593215
18396,scurrying,0.035927683271593215
6744,educatorsand,0.035927683271593215
19243,slowtorespond,0.035927683271593215
730,accede,0.035927683271593215
10642,inadequate,0.035927683271593215
6080,discourages,0.035927683271593215
16914,rci,0.035927683271593215
18536,senator,0.035927683271593215
4688,considers,0.035927683271593215
7047,enlisted,0.035922517912130775
18345,scoundrel,0.03590226615843512
10452,icons,0.035901416871043056
14016,neck,0.03589782574873973
5537,debut,0.035896254219566465
19269,smalltime,0.03589575505631212
9909,helplessly,0.03587779698130178
18275,schedule,0.035870055378871384
14504,occasions,0.03587001017495505
22505,vader,0.035852343149623433
2372,beams,0.035840938426769955
19637,speeder,0.035814858214402515
12286,listening,0.03581357536579262
7418,exists,0.03580661953417356
3609,casinos,0.03579901121606274
8496,fremont,0.03579901121606274
11610,keller,0.03579901121606274
13772,multiplepath,0.03579901121606274
4244,coaches,0.03578831316393562
8945,geonosis,0.035755112390637896
20474,supply,0.03572668139523534
5905,devised,0.035723869504325136
17227,relative,0.035713958205625604
16723,racetracks,0.035711527451005025
11043,interference,0.03570175703664977
7882,felt,0.03569558584152277
17713,rikimaru,0.035684753846413494
7300,evertougher,0.03568408889046345
16444,provincial,0.03568408889046345
13367,missionassignment,0.03568408889046345
16442,province,0.03568408889046345
6181,disturbance,0.035678999678197994
2940,bought,0.03567775932329817
12461,lovely,0.03567201944662685
943,adrenalinecharged,0.03566818872127721
1591,appreciate,0.035651859017430954
9147,goldhued,0.03564765991107601
9087,glovespanning,0.03564765991107601
9145,goldfingers,0.03564765991107601
20654,synthetic,0.03564765991107601
8454,freakish,0.03564452670621555
22504,vacuum,0.03564325830507991
5716,democracy,0.035640045488366925
3165,brutally,0.03563859881502157
23616,xiii,0.035634267086662424
1842,assumes,0.0356268761616591
22174,unexplored,0.03560826050357147
2176,balkans,0.03559282147242096
116,125,0.0355536562486433
345,266mhz,0.03553788240457793
6707,echelon,0.03553449125148525
20321,subsequent,0.03553442552853005
12211,lightyear,0.035529684061979275
20641,symphony,0.0355018676630894
23042,waves,0.035496160507046834
11781,kosher,0.03548882019296749
5375,dairy,0.03548882019296749
15355,pepper,0.03548882019296749
18118,salt,0.03548882019296749
9092,gluten,0.03548882019296749
9921,herb,0.03548882019296749
23673,yeast,0.03548882019296749
11990,lbs,0.03548882019296749
22351,upc,0.03548882019296749
66,089836070050,0.03548882019296749
17292,reminisce,0.03548882019296749
23200,wheat,0.03548882019296749
15147,parallelbar,0.03548882019296749
2170,balancing,0.035469610262533806
10528,images,0.03543851435142985
4654,connects,0.03541003475723197
17718,rims,0.03539046591449114
5026,crack,0.03538478999183594
3955,chimera,0.03536702408494635
20489,surf,0.035354871312124746
5518,deathbed,0.03534216435063301
19442,sonata,0.03534216435063301
9659,happenstance,0.03534216435063301
3988,chopin,0.03534216435063301
3989,chopins,0.03534216435063301
3182,buckle,0.03533831954127777
15197,partner,0.035332495968430716
16347,progresses,0.03533234258596602
8299,forces,0.03530974924985668
23709,youcreate,0.03529916223251865
21979,tycoonamusement,0.03529916223251865
10721,individ,0.03529916223251865
20169,streetlevel,0.03529916223251865
6756,effectsextensive,0.03529916223251865
17684,ridesfireworks,0.03529916223251865
14116,newcoastercam,0.03529916223251865
15172,parkguests,0.03529916223251865
980,adventuresproduct,0.03529916223251865
8765,gamesfrom,0.03529916223251865
23712,youdesignfeatures,0.03529916223251865
435,3dwith,0.03529916223251865
21534,tosee,0.03529916223251865
2709,blimp,0.03529916223251865
18693,sharethe,0.03529916223251865
20035,stillpicture,0.03529916223251865
19361,soakedproduct,0.03529916223251865
23214,whichbuild,0.03529916223251865
2420,beforeopen,0.03529916223251865
7713,fantasticrides,0.03529916223251865
18587,seriesto,0.03529916223251865
23031,waterslides,0.03529916223251865
21235,threedifficulty,0.03529916223251865
14996,overviewrollercoaster,0.03529916223251865
14138,newtothefranchise,0.03529916223251865
449,3rollercoaster,0.03529916223251865
10830,informationscreaming,0.03529916223251865
1383,andkiller,0.03529916223251865
10309,houses,0.035299104816908775
5785,derivative,0.03528908997891897
14098,networking,0.03527433069392597
17883,rooftop,0.03526527611700891
7865,feeling,0.035249210165450684
11579,katamaris,0.03524361322430547
5380,dalmatian,0.03521972496216767
1724,arrest,0.035219330034280016
18205,saurons,0.03521826753824016
4599,condemn,0.035210339082345866
4153,clench,0.03518445257858194
10324,hoya,0.03518445257858194
16533,punched,0.03518445257858194
10391,hurl,0.03517691624150569
22396,updating,0.035166512269957755
22335,unusually,0.03514556904331917
7639,failed,0.035144687172149656
19638,speeders,0.035144663977780675
7680,famers,0.03512061177488063
13697,mph,0.03510580084800363
4403,comedy,0.035084410003555395
19672,spiders,0.035080039271233925
2703,blending,0.03506327644036726
2051,awakes,0.03506251414504862
8961,gesturebased,0.03502041737430623
22415,ups,0.035010756693120926
21244,threepwood,0.03500029616577754
2714,blinding,0.03499756706512725
9729,hastily,0.03499595073704602
21843,truckload,0.03499595073704602
3709,celestial,0.03499595073704602
12953,mcfarlane,0.03499595073704602
8456,freaks,0.03499595073704602
19904,starbearer,0.03499595073704602
812,acquires,0.03499595073704602
4377,combatheavy,0.03499595073704602
6865,embodied,0.03499595073704602
5908,devoted,0.034987391626155946
16362,prologue,0.03498227850848678
7601,facemapped,0.03497241670183071
18202,saucer,0.03497241670183071
13208,midtown,0.03496234411660025
9757,havok,0.03496014095956662
5563,decides,0.03493745466112551
5508,dealers,0.034931582705470365
7724,fare,0.0348963378094781
18146,samuss,0.03488972631601274
11547,kameo,0.034887182152705656
5947,diego,0.03487920942078579
15149,parameters,0.034873575360831494
18760,shining,0.03486568440214118
4601,condition,0.0348517481089763
3756,chacne,0.03485040893219642
20790,targeted,0.03483298748914337
17875,romeo,0.03482400712339406
3067,breedz,0.034801202955780035
21600,toyz,0.034801202955780035
16591,puter,0.034801202955780035
2254,barrels,0.034760119506779825
18365,scratching,0.03475077653730236
15388,periodically,0.03473022326831406
13830,mustafar,0.03472587632342563
20774,tantive,0.03472587632342563
175,17year,0.03472553251517817
2936,bottle,0.03469829621755748
6007,dinner,0.03467499494425005
16259,princesses,0.03465018402394947
20237,studied,0.03463804872075914
12731,manipulating,0.034626832328495734
1778,aside,0.03462275018567757
10257,horsepower,0.03461725586193979
6045,disappear,0.03461469222615922
920,adjusting,0.03461311012878408
7184,eradicated,0.03459069830559818
1901,atrus,0.034579433659346
22397,upgradable,0.034576067583013084
1868,atats,0.03455848079326058
16612,pyrotechnic,0.034555501094384176
9391,grounds,0.03455356978346247
19575,spared,0.03454429236447683
1058,agencys,0.03452822813307277
6068,discarded,0.034491423080290705
4592,concise,0.034491423080290705
15370,perfection,0.03444028855604241
1327,amnesia,0.034430667752263805
11365,jellyfish,0.03442900822193959
17,console_Xbox 360,0.03442176085078473
14012,necessarily,0.0344178495041664
12406,longterm,0.03441270531439826
13613,motioncapture,0.03440773846776705
16232,price,0.03439974326552488
1503,antialiased,0.0343771896397417
22886,waggle,0.0343771896397417
2628,birdsmac,0.0343771896397417
7651,fairway,0.0343771896397417
3252,bunker,0.0343771896397417
15101,palmer,0.0343771896397417
15124,panoramas,0.0343771896397417
21736,treesin,0.0343771896397417
7937,fidgeting,0.0343771896397417
7185,eradicating,0.03437407190697729
3975,choicebased,0.03437407190697729
21034,thanever,0.03437407190697729
17878,rommel,0.03437407190697729
5282,curious,0.03434266737019137
15921,pollution,0.034342295347143656
22782,visionary,0.03433663214799859
626,90s,0.03432656755870057
3901,cheer,0.03432400501566353
4336,collide,0.034320098510825736
17504,restless,0.03431548644400839
10745,inevitable,0.03428334035992466
1205,allen,0.03428059345969003
8668,g4g5,0.03427281988228207
2147,badges,0.03427281988228207
21049,the0,0.034261710781870805
22260,unlocking,0.034232988719171
17538,retextured,0.034214943019795094
4673,consecutive,0.03420891307203574
1078,agile,0.03419756800049787
22670,veteran,0.034187866544193216
16329,profiles,0.03418756549619701
15249,patience,0.03417558086899356
12805,markings,0.034171788803357514
2843,bombardments,0.034170503318984156
14659,oncourt,0.03414393692792316
6737,editions,0.03413943759380088
13870,mystic,0.03413481051075389
8174,flips,0.03408878685788465
15988,portrayed,0.03408026391887656
16228,previews,0.0340800964852056
5359,dabbling,0.034069095901733376
17029,reco,0.034069095901733376
11400,jibolbas,0.034069095901733376
1250,alot,0.034069095901733376
1451,animalstaks,0.034069095901733376
1447,animalmorphing,0.034069095901733376
16547,pupanunu,0.034069095901733376
11975,lawmen,0.03405986184393472
857,activate,0.03405523962506295
20912,teens,0.03405404266833663
16062,poweredup,0.03405056619802223
14530,oda,0.03404873757693168
22862,vows,0.03404873757693168
20502,surpreme,0.03404873757693168
1077,aggressor,0.03404873757693168
11532,juyuubei,0.03404873757693168
18762,shinkage,0.03404873757693168
23639,yagyu,0.03404873757693168
3163,brutalized,0.03404873757693168
18143,samurais,0.03404873757693168
965,advantage,0.03404535949149615
3652,category,0.03403151578814994
7446,expectplus,0.034031361118164946
6127,dispatching,0.03402553118172656
8727,gameeven,0.03402553118172656
16422,prothe,0.03402553118172656
9533,habits,0.03401151683230596
5346,cyclopes,0.03400096799912413
14474,oboro,0.033999048597600674
10780,inflight,0.03398504604655444
13425,modeand,0.03398504604655444
13448,modesincluding,0.03398504604655444
6191,divebomb,0.03398504604655444
3746,ceres,0.03398504604655444
6206,dividing,0.03398504604655444
291,2010,0.03398504604655444
94,108th,0.03398504604655444
23766,yuktobania,0.03398504604655444
15296,peace,0.03397298725293431
2025,avatar,0.03397255584214123
1400,andrew,0.033942945493301395
1577,appetites,0.03392693003418362
5915,dewprism,0.03391665987646007
14767,opposed,0.033912674398023944
16929,readers,0.033911210246916346
6159,distinctly,0.033888537490821755
1760,artwork,0.03388644459195906
14815,organ,0.03388202280505361
3376,calculated,0.03387806051562559
18368,screaming,0.03387293787779713
18321,scooter,0.03386477724167458
2756,bloodrayne,0.03385810656385316
5675,deke,0.03383220928279396
9105,goalie,0.03383220928279396
19885,standards,0.033826287877264216
4701,consolestyle,0.03382238557307222
18072,sad,0.033808111654534435
4392,combining,0.03380599439953752
14743,opens,0.03378627983237034
11305,jaggies,0.033773040934036616
2974,boxings,0.03376947747384855
14047,negotiating,0.03375720032975117
13139,method,0.03373553215347367
3976,choiceprotect,0.03373430283314888
23540,wreckedeven,0.03373430283314888
5556,decepticons,0.03373430283314888
2002,autobots,0.03373430283314888
20015,steven,0.03373430283314888
19676,spielberg,0.03373430283314888
22489,utterly,0.033724000083114186
8371,forum,0.033708857952741256
14236,no46110,0.03368544673620335
18544,sensational,0.03368544673620335
22384,upc752919461105,0.03368544673620335
17311,remy,0.03368544673620335
7983,filmformat,0.03368544673620335
6354,downfeatures,0.03368544673620335
20448,supermutants,0.033672220467400954
1358,ancestor,0.033672220467400954
21349,tilt,0.033668013074736894
3217,bulbs,0.03365212093068939
18684,shaped,0.033630223328910545
4648,connecting,0.03362963742498416
11072,intersecting,0.03360145965237993
20952,tenno,0.03359918609249546
21338,tightrope,0.033585174485765895
18484,seedy,0.03358379427055166
13944,nasty,0.03356546823786122
18045,ryu,0.033544748172796755
4922,cosmic,0.03353059353211115
16409,prosperity,0.033514638566232456
15153,paranoid,0.03351339348975367
10746,inevitably,0.033498254540457795
19594,speaker,0.03347339295043561
9428,gtastyle,0.033454752605910264
19769,springfieldand,0.033454752605910264
13087,mercedesbenz,0.03344586122346303
15552,picturing,0.03343110733487674
939,adoration,0.03343110733487674
5235,cry2proportions,0.03343110733487674
6995,energy,0.03342289541109172
15636,pitfalls,0.033407208072928324
13436,modeproduct,0.0334056908627954
20704,tags,0.033404562395175086
23010,watchcharactersshootthroughloopdeloops,0.03340024455985757
18599,servicable,0.03340024455985757
9409,growrated,0.03340024455985757
15632,pitches,0.033388654393420855
20351,successes,0.03338382483690625
19687,spinal,0.03338192940405995
20337,subtlety,0.03337827330001412
8688,gained,0.03337166358048974
16653,quelthalas,0.03336682683172021
2526,bestlooking,0.033366475816330746
8305,fore,0.03335606559367418
9777,hdr,0.033339511988114516
1758,artsstyle,0.03332589704137836
5936,dick,0.03331524816695605
16310,producer,0.033305831987071745
2949,bounding,0.033297560191301014
5639,defies,0.03329647351600074
15379,performing,0.03329094293694475
21193,thirty,0.03327827087126629
12537,lurks,0.033278139833036374
10429,hypnotic,0.03327807803233622
2604,binoculars,0.033277793096056885
2674,blames,0.033277688801059344
10947,installation,0.03326917844159259
23634,xwing,0.033262589876793314
15609,pipes,0.03325996968867753
22523,valkyrie,0.03325327069637601
15017,oxide,0.03324956718181526
5978,digitalguide,0.03324768617692437
7890,fend,0.03324202126913
15431,personally,0.033206440491558506
22196,unhappy,0.03318492422740707
18806,shootouts,0.033175027284535266
22435,urlhttpimagesamazoncomimagesg01electronicsdetailpagecalloutbgpng,0.033164239903087894
11463,joy,0.03314590707159082
20749,talks,0.033132331124118376
5950,dieproduct,0.033132248611209
10088,hired,0.03312778500431007
18038,rx7,0.03311548176516318
18851,showcases,0.033112805253112144
19526,southeast,0.033112193093552206
17759,rivaling,0.03310424576962266
15336,penetrate,0.03310424576962266
21267,thronging,0.0330964725104387
9949,herosee,0.0330964725104387
16682,quieting,0.0330964725104387
11096,intimidation,0.033050123844658205
488,4th,0.03304832460653067
12048,legionaries,0.03304832460653067
3850,chariots,0.03304832460653067
18399,scythe,0.03304832460653067
9650,hannibal,0.03304832460653067
9035,gladiators,0.03304832460653067
1975,augustus,0.03304832460653067
10226,hoplites,0.03304832460653067
16537,punic,0.03304832460653067
2313,battering,0.03304832460653067
10394,hurling,0.03304832460653067
19586,spartacus,0.03304832460653067
11037,interests,0.03304788824652042
19573,spardas,0.033046491028083436
14695,onfield,0.03304524786605795
6520,druids,0.03303881018334611
17568,reunite,0.033026869848717125
12142,librarian,0.03299370252354128
15022,p3,0.032989950113651995
9198,govern,0.032989950113651995
20986,terrified,0.03298100718463736
22555,vanquished,0.0329781854001905
4482,compared,0.032978178118312336
7913,fetts,0.03297106907077711
22751,villians,0.032964704799146524
6062,disasterunleash,0.032964704799146524
9475,gunboats,0.03296440216806842
22898,wakes,0.03296440216806842
6675,easiest,0.032949466473008435
20803,taste,0.03294574543481417
10423,hyperreal,0.03293365483113728
7644,failures,0.03293020527810505
18664,shakedown,0.03293020527810505
9665,harassing,0.03293020527810505
3984,choosehowever,0.03293020527810505
6494,drivingshootingcombat,0.03293020527810505
1782,askquestionslater,0.03293020527810505
10789,informants,0.03293020527810505
3797,changeable,0.03293020527810505
11512,junior,0.0329204164600474
6134,displaying,0.03291911903324567
22640,ventures,0.03290950195699712
5208,crowns,0.032906353304575094
9451,guessed,0.03284808141069323
21946,twins,0.03284808141069323
14632,olsen,0.03284808141069323
17152,regaining,0.032831002311030595
18428,seashores,0.032831002311030595
22750,villas,0.032831002311030595
21571,tourist,0.032831002311030595
4023,churches,0.032831002311030595
9217,graceful,0.032823798139405155
8109,flaming,0.032799595997776744
18216,sawyer,0.03279940804467592
5203,crowdpleasing,0.03279940804467592
6950,endeared,0.03279940804467592
18250,scariest,0.03279940804467592
13508,monorails,0.03279940804467592
15859,plume,0.03279940804467592
8059,firsttimers,0.03279011373735601
3774,challenger,0.03278398194735232
19778,sprout,0.03278398194735232
21650,trainslocobuilder,0.03278398194735232
3536,cargos,0.03278398194735232
22040,ultramodern,0.03278398194735232
14031,neededchallenging,0.03278398194735232
8632,funthe,0.03278398194735232
10831,informationsid,0.03278398194735232
6388,dragging,0.03278398194735232
10022,highlightsrealtime,0.03278398194735232
10738,industries,0.03278398194735232
36,040,0.03278398194735232
477,4664,0.03278398194735232
9741,hauling,0.03278398194735232
23030,watershed,0.03278398194735232
4058,citieseasy,0.03278398194735232
5954,diesels,0.03278398194735232
21981,tycoons,0.03278398194735232
12379,logosweve,0.03278398194735232
14490,obsolescence,0.03278398194735232
6900,empireproduct,0.03278398194735232
20726,takeoverits,0.03278398194735232
18877,shuffle,0.03278398194735232
18998,simulationstrategy,0.03278398194735232
12307,liveries,0.03278398194735232
2247,baronsproduct,0.03278398194735232
2765,blossom,0.03275720206065919
9008,ginger,0.03275720206065919
12064,lemon,0.03275720206065919
20155,strawberrys,0.03275720206065919
21532,torte,0.03275720206065919
13105,meringue,0.03275720206065919
16866,raspberry,0.03275720206065919
20400,summoning,0.032738744553599125
7323,evokes,0.032735977400325904
23538,wreck,0.03270866513943448
8132,flavor,0.03270404838330802
19929,starter,0.03269830722554945
8414,frag,0.03269197106117963
3454,canvas,0.03269099609744773
7062,ensemble,0.03269059946140394
2761,bloodthirsty,0.032686217710742906
20428,supercross,0.032682009247451425
6168,distracting,0.0326771506331559
20050,stirred,0.03267190360626103
18665,shaken,0.03267190360626103
15316,pedigree,0.03266509658688057
12011,leaping,0.0326561935880023
20138,strapped,0.032635055803989815
10748,inexplicable,0.03260679814023516
12057,leias,0.03259620052444079
12815,married,0.03258525718936698
9081,gloss,0.03256144104489624
14493,obstaclefilled,0.03255717765157665
21415,tire,0.03255171138260615
5838,destroyer,0.032537951542825704
14959,overhangs,0.03253317292452923
274,2003s,0.032530224303920004
11425,joes,0.032526315889568266
1319,amg,0.032520588399998204
2402,beds,0.03251424913815621
2421,beforeproduct,0.03250155210577323
15946,pools,0.03249040949007548
6261,doh,0.03248806878162019
15876,pod,0.03248531973266835
15727,platinum,0.032466324075534445
16915,rct3,0.032466324075534445
7331,evolves,0.03246333277364852
14182,nighttime,0.0324542506506465
4257,coats,0.03245086137570185
10894,inmate,0.03244385367407465
14885,outcomes,0.03244385367407465
22039,ultramature,0.03244385367407465
8527,fright,0.03244385367407465
1834,associate,0.0324332940719524
5287,currently,0.03242976284752057
6668,earthworm,0.032391035492257345
5341,cybersuit,0.032391035492257345
18816,shortage,0.032379287915386024
20442,superiority,0.03237520511708185
16613,pyrotechnics,0.03235390916883031
2755,bloodmoon,0.03235044152310252
18949,sil,0.03235044152310252
19490,sotha,0.03235044152310252
21760,tribunal,0.03235044152310252
2989,bragging,0.032340192277280855
218,1967,0.03233757391635927
22098,unconventional,0.03233757391635927
22712,viet,0.03233757391635927
4638,cong,0.03233757391635927
15035,packaged,0.032332486836640285
5354,cypress,0.032322226088284146
14400,nuances,0.03231900026247522
8416,fragfest,0.032305955996372746
20556,suzuki,0.03230141618947608
2955,boutiques,0.03229004734742463
3358,cafes,0.03229004734742463
2161,bakeries,0.03229004734742463
18116,salons,0.03229004734742463
23839,zorro,0.03228368625297276
20601,swimsuits,0.0322763940698671
12059,leisure,0.0322763940698671
21795,tristram,0.03225587305589894
15329,penalties,0.03225236141330923
23324,windowsbased,0.032251313560575465
5195,crossplatform,0.032251313560575465
7500,expo,0.03225116714148666
7473,explained,0.032236171256246074
11698,kinds,0.03220963729455205
7898,ferociously,0.03220897037796723
14854,osgiliath,0.03220689653069371
22193,unfortunately,0.032205500360285695
3926,chests,0.03220258446313531
2516,berserk,0.03220060300116488
12209,lightspeed,0.03219336407668131
16954,realize,0.032187073896240315
2655,blackmarket,0.03215756138269951
4990,courtyard,0.03215416836248087
2881,boomerang,0.032153282501483846
10552,immensely,0.03215297271965645
14112,neversoft,0.03213523800106078
16429,proud,0.03213011091914294
21512,tops,0.03212957626446215
12697,mana,0.03212619625740534
6467,drifts,0.03210130953681881
12401,longlost,0.03209094560709898
15102,palmont,0.03209039761178335
3380,caliber,0.032071316676243786
1515,antilia,0.032052204341043104
12305,liven,0.032048483025886865
3537,caribbean,0.03203308256892545
1467,ankh,0.032026878970290294
13741,multicolor,0.032026878970290294
21299,thundering,0.032026878970290294
22182,unfinishedonis,0.032024421820304405
21385,timeswith,0.032024421820304405
1930,attheyre,0.032024421820304405
7754,fastandfurious,0.032024421820304405
11810,l3,0.032024421820304405
19782,spunky,0.032024421820304405
6121,disorienting,0.032024421820304405
11344,jaw,0.03201758384972495
5771,dept,0.03199798146946856
10882,initiate,0.03199689358426797
13268,mimic,0.03193793185336575
5554,december,0.03193542801532745
238,1996,0.031931343810649715
13011,mediocrity,0.031897417162315866
3810,chaos,0.03188783020124794
7165,epochs,0.03188425648865554
11404,jima,0.03187141403904021
11280,iwo,0.03187141403904021
18098,saibot,0.0318689826065045
13233,mileena,0.0318689826065045
2226,baraka,0.0318689826065045
21489,tonya,0.0318689826065045
14312,noob,0.0318689826065045
22082,unchained,0.0318689826065045
782,accumulate,0.031837836875562596
13780,multitap,0.03181714349685165
9467,guise,0.031807200384854684
3471,capitalizes,0.031807200384854684
8405,fourway,0.031807200384854684
16255,princely,0.031792495548596415
5383,damacy,0.031792495548596415
15601,pintsized,0.031792495548596415
757,accidentally,0.031792495548596415
17149,refusing,0.03177408145795511
16638,quantum,0.03176977314314571
5757,depiction,0.031766871163032506
7535,external,0.03173000345939604
21834,trove,0.0317105450403612
9064,glitz,0.03167530482853189
17862,rollers,0.03167530482853189
21221,thq,0.031655975489373794
7055,enoughyou,0.031643235749686194
16030,postponedlearn,0.031643235749686194
23730,youout,0.031643235749686194
3793,chancefavors,0.031643235749686194
20497,surgical,0.031643235749686194
23724,youmay,0.031643235749686194
14881,outbursts,0.031643235749686194
2698,bleedconsequences,0.031643235749686194
1243,allywill,0.031643235749686194
23751,youtrust,0.031643235749686194
19553,spaceremend,0.031643235749686194
1372,anddishonor,0.031643235749686194
9168,goodproduct,0.031643235749686194
22268,unnoticedor,0.031643235749686194
474,450mhz,0.031643235749686194
14938,outsmartyour,0.031643235749686194
17546,retrace,0.031643235749686194
22144,undetectedproduct,0.031643235749686194
16278,privilegereserved,0.031643235749686194
14957,overe,0.031643235749686194
654,98mexp,0.031643235749686194
17602,reviewstravel,0.031643235749686194
8774,gamespyminimum,0.031643235749686194
9272,graphicsproduct,0.031643235749686194
21856,trusted,0.031643235749686194
11527,justicevisit,0.031643235749686194
18213,savor,0.031643235749686194
594,800mb,0.031643235749686194
8885,gender,0.031638422089036354
18951,silenced,0.0316306371176532
5806,designator,0.0316306371176532
21362,timedelay,0.0316306371176532
15021,p11,0.0316306371176532
22467,ussocom,0.0316306371176532
22863,voxel,0.0316306371176532
6921,enables,0.03162205291273961
5196,crosstalk,0.03160608897548215
5051,crashing,0.031597730407417784
171,17000,0.03157491458591438
20984,terrific,0.03156453827685482
20399,summoners,0.031562558475821276
15842,plotline,0.03154995690803844
746,accessed,0.03152692308277347
2915,boringplenty,0.03151917369553946
912,adia,0.03151917369553946
7242,estimated,0.03151917369553946
16242,primagen,0.03151917369553946
22428,urbanenvironments,0.03149698105861474
23074,weaponequipped,0.03149698105861474
19960,staunton,0.03149698105861474
4282,coerced,0.03149698105861474
8602,fullyautomatic,0.03149698105861474
16103,precalculated,0.03149698105861474
1481,announcing,0.03148649529567654
14995,overview,0.0314662242594415
19182,sleeves,0.03146303749291226
10979,instruments,0.0314485514571229
17082,redefined,0.03142695787371603
6879,emerges,0.03142508639735907
14104,neutralize,0.03142051363470616
13510,monotonous,0.031416634973348075
22772,virtual,0.03141654253670967
3978,choke,0.03140598796445986
14225,no26935,0.03140493897329714
1052,age031719269358,0.03140493897329714
5085,createafatality,0.03140493897329714
5086,createafighter,0.03140493897329714
22363,upc031719269358,0.03140493897329714
7287,everformat,0.03140493897329714
14506,occult,0.03140162149252885
11309,jail,0.03139208112328922
14137,newtorollercoaster,0.0313580380561398
13399,mixmaster,0.0313580380561398
2237,barf,0.0313580380561398
2898,bootleg,0.03133972301371437
22424,uptown,0.03133972301371437
20538,sushi,0.03133972301371437
19375,socials,0.03133972301371437
18974,simon,0.03133248103394957
4904,corrosive,0.03133005414447214
9201,governments,0.03132850982166462
3171,bthis,0.0313267992105331
9555,halfbrother,0.0313267992105331
13446,modesb,0.0313267992105331
17572,revamps,0.0313267992105331
22648,vergil,0.0313267992105331
7135,environments,0.03132667394750858
10116,hitlers,0.0313216363495778
1016,affair,0.03131340690692941
5198,crouch,0.031311440495520045
1030,aficionados,0.03130777335648173
8078,fits,0.031304573133385874
19479,sororities,0.03129940899485378
8449,fraternities,0.03129940899485378
20075,stops,0.03129194233212452
11472,jubaissue,0.03128999945991073
16886,ravage,0.03128707794816985
5064,craving,0.03128707794816985
12909,matured,0.03128707794816985
16888,ravages,0.03128707794816985
5638,defiance,0.03128707794816985
22986,warriorship,0.03128707794816985
4378,combative,0.03128707794816985
11580,katana,0.03128368634245099
933,admittedly,0.03128001202303964
8302,forcesthe,0.03127741935038035
8345,formats,0.03127558894746427
19455,sonys,0.03127416762155659
22488,utter,0.03127011359287932
23763,yugioh,0.031259670264612606
21266,thrones,0.031230195010095604
11856,lame,0.031229249316112217
8347,formidable,0.031226410777705778
8716,gamea,0.03122114567666278
6110,dislike,0.031207188512087352
20549,suspicious,0.031199201491778874
11508,jung,0.03119535253451433
21764,tricked,0.03117219608979488
23129,wei,0.031165607414362046
23574,wu,0.031165607414362046
18854,showdowns,0.03116426831675086
16410,prostitutes,0.031163805307091983
20348,succeeds,0.031155103800166086
10220,hopefully,0.03114545977196237
10083,hippoand,0.031138202044643567
1450,animalsa,0.031138202044643567
12067,lemurs,0.031138202044643567
9010,giraffe,0.031138202044643567
15424,personalitypacked,0.031138202044643567
18878,shuffleboard,0.031138202044643567
18328,score,0.03112018961899586
14585,offspring,0.031101777207558575
14501,ocarina,0.0311014800711954
18724,shelter,0.03109959689264663
12154,lich,0.031096075061758162
394,30yearold,0.03107397615690507
3495,capturetheflag,0.031054319976362123
6332,doublebarreled,0.031054319976362123
2480,bells,0.031053332509869556
10958,instancing,0.031053332509869556
8284,footprint,0.031053332509869556
7824,featurean,0.031053332509869556
1707,armors,0.031053332509869556
624,90compatible,0.031053332509869556
9388,grounded,0.031053332509869556
5593,decreasing,0.031053332509869556
12852,masking,0.031053332509869556
6621,dyeing,0.031053332509869556
6619,dyed,0.031053332509869556
6618,dye,0.031053332509869556
21406,tinting,0.031053332509869556
14627,oldworld,0.031053332509869556
21456,toggling,0.031053332509869556
10773,infinitely,0.031052952226307055
6909,employers,0.0310510856496974
22769,virginia,0.03104002568108498
2404,bee,0.03103978053444463
18425,sears,0.031032331862155028
16669,queues,0.031023780437305446
19158,slashing,0.03101732173348386
21540,totake,0.03101052636911348
16143,preferences,0.030985169925095913
14720,onslaught,0.030975812708132024
8478,freeman,0.03096466084936401
2427,begging,0.03095490235563287
23073,weaponbased,0.030952065920138397
3987,chop,0.030931911209005077
15115,pandemic,0.030910826496281834
12463,loves,0.030887338797383954
7338,exactly,0.030868222338379304
23768,yunfat,0.03086692825386221
4001,chow,0.03086692825386221
23449,woos,0.03086692825386221
10941,inspector,0.03086692825386221
2831,boiled,0.03086692825386221
7070,ensnared,0.03086692825386221
2757,bloodshed,0.03086692825386221
20811,tattered,0.030863074122957516
10704,independently,0.03085849169975929
785,accumulation,0.030849589000724747
9861,heighten,0.030848383585601675
5108,creatively,0.03083632555386219
9203,governors,0.03080053782000914
10310,housetohouse,0.030795303903421358
466,41st,0.030788450913799167
8637,furnaces,0.030788450913799167
21720,treasonous,0.030788450913799167
1811,assaultlost,0.030788450913799167
14027,necrons,0.030788450913799167
22954,warfrom,0.030788450913799167
6142,disregard,0.030788450913799167
5630,defends,0.030788450913799167
5229,crusadethe,0.030788450913799167
7301,everwarhammer,0.030788450913799167
1730,arrogance,0.030788450913799167
19937,stasis,0.030788450913799167
5462,dawns,0.030788450913799167
10516,illuminating,0.030788450913799167
15691,planetwide,0.030788450913799167
22236,universewarhammer,0.030788450913799167
10586,imperials,0.030788450913799167
22386,upc752919493243,0.030788450913799167
17426,requisites,0.030788450913799167
14238,no49324,0.030788450913799167
9722,harvestingformat,0.030788450913799167
7162,epitome,0.030788450913799167
23218,whilst,0.030788450913799167
23149,wellcrafted,0.030778879765878956
2892,boosting,0.030775003806139203
9332,greenpeak,0.030775003806139203
581,765,0.030775003806139203
5151,crimsonrock,0.030775003806139203
9897,helm,0.030763232125096473
526,5s,0.030756903632688543
726,academies,0.030729895424660383
18080,safari,0.030724806600753177
20167,streetball,0.030716283803571352
15005,owes,0.030702413896811085
8868,geck,0.030702413896811085
9238,grandsire,0.030702413896811085
8968,gettogether,0.03069922041786382
16896,raving,0.03069922041786382
15223,passthemic,0.03069922041786382
3868,charttopping,0.03069922041786382
14574,officially,0.030690411355604148
7974,file,0.030676431990930227
8579,fuji,0.03066513797119626
15983,portion,0.030654880531646528
3096,brightly,0.030650339725066974
5938,dictates,0.030638571290175033
15803,playstations,0.030635381175380408
17479,respectable,0.030633802605662393
22490,uzis,0.030627312015729977
1855,astonishingly,0.030578682243306912
10005,highimpact,0.03056896910382459
6229,doa2,0.030567934600055885
5829,destinations,0.030563593141012035
23739,yourselffitness,0.030553644485158755
12935,maya,0.030553644485158755
16787,railway,0.030528698717828116
12761,mapmaker,0.03050577552552181
4265,cocking,0.03050030285493629
23381,witchking,0.030493819934597436
13981,nazgul,0.030493819934597436
1439,angmar,0.030493819934597436
4561,computers,0.030493398743088575
4882,cornrows,0.03047820881054982
1036,afros,0.03047820881054982
1113,aimlessly,0.03047820881054982
7382,excused,0.03047820881054982
16100,prealpha,0.03047820881054982
775,accordance,0.03047820881054982
3701,celebration,0.03047820881054982
15987,portrayals,0.03047820881054982
10626,improvedplayers,0.03047820881054982
1698,armbands,0.03047820881054982
12285,listened,0.03047820881054982
9781,headbandsamong,0.03047820881054982
5856,detailsas,0.03047820881054982
18821,shortened,0.03047820881054982
11640,keystrokes,0.03047595706106566
700,abrams,0.03047595706106566
20434,superhero,0.03045810052409154
9223,graduate,0.030439038985087163
18173,santos,0.030435911047395115
11683,killings,0.030431495507501113
239,1997,0.030420051491888506
13964,naturally,0.030410971097656985
16467,psx,0.030388591243053303
6292,donaldcopyright,0.03038415788140526
19819,squeaks,0.03038415788140526
264,2000s,0.03038415788140526
2288,basketballs,0.03038415788140526
13557,moreadvanced,0.03038415788140526
21378,timeryan,0.03038415788140526
4208,closing,0.03038415788140526
12965,meager,0.030372460553037176
21829,troubled,0.030372381419348077
7490,explorers,0.030367044716833144
21529,torpedoes,0.03036426532189802
13342,mirkwood,0.030347754986093628
12388,lonely,0.030347754986093628
20110,stout,0.030347754986093628
21206,thorin,0.030347754986093628
10136,hobbiton,0.030347754986093628
19281,smaug,0.030347754986093628
4292,cohorts,0.030347754986093628
6974,endure,0.030346676554146926
14796,orbital,0.030332903493090126
20189,strictly,0.03033051588806246
13929,narration,0.03032197119400524
6076,discomforts,0.03031946613551331
9578,hamburger,0.03031946613551331
19736,spookiness,0.03031946613551331
3546,carmack,0.03031946613551331
8152,fleshseeking,0.03031946613551331
9486,gunmounted,0.03031946613551331
9487,gunn,0.03031946613551331
6827,eleveneyed,0.03031946613551331
11969,lavishly,0.03031946613551331
3760,chaingun,0.03031946613551331
19102,skimpy,0.03031946613551331
3346,cacodemons,0.03031946613551331
6980,enemieseach,0.03031946613551331
9370,groaning,0.03031946613551331
19117,skitter,0.03031946613551331
9786,headlamps,0.03031946613551331
13661,mouthful,0.03031946613551331
10568,imp,0.03031946613551331
7252,ethereal,0.03031946613551331
21797,trites,0.03031946613551331
1914,attackoutweighs,0.03031946613551331
21037,thankful,0.03030853611658393
6559,duelist,0.03030853611658393
5944,didrated,0.03030853611658393
11588,katoissue,0.03030853611658393
21035,thang,0.030277463563510836
15193,parties,0.03026678747572683
19104,skin,0.03026256547904157
19198,slides,0.030248716734617827
17277,remake,0.030246672803348137
14801,orcas,0.030242400525133214
12647,maile,0.03023679075077609
2829,bohlmann,0.03023679075077609
15377,performed,0.03021706215633159
2419,beforelarger,0.030210875436078467
978,adventurerseverquest,0.030210875436078467
10878,inhouse,0.030210875436078467
12337,localization,0.030210875436078467
11170,invitation,0.030205744967948308
15293,pcs,0.030200967791012424
22021,ugly,0.030200207279635544
7211,escaping,0.030197542731152573
4634,confuse,0.03017568152509614
8621,funds,0.03015296637172766
15200,partners,0.0301426615582443
19507,soundly,0.030116458593853045
2944,bounce,0.030089461833301582
12762,mapmaking,0.030089001523475063
11492,julia,0.030089001523475063
21945,twinkle,0.03008712423148225
9881,helghans,0.030087097862099798
9880,helghan,0.030087097862099798
23063,weakness,0.03008283758864197
18639,sexy,0.030076622312886
15712,plate,0.03006324540043016
6218,dkr,0.030053934583372802
11771,kongs,0.030053934583372802
18465,secretsall,0.030053934583372802
15560,pig,0.030053934583372802
10548,immeasurably,0.03002884039100577
13920,napalm,0.030027291312423682
8083,fivestar,0.03002681082234993
20554,suvs,0.0300250841710528
8113,flanking,0.0300242323764256
8796,gamut,0.030018686485849273
23495,worldthe,0.030016492889120575
19125,skurge,0.02999507454710603
1618,aragog,0.02999507454710603
5957,diffendo,0.02999507454710603
2282,basilisk,0.02999507454710603
7450,expeliarmus,0.02999507454710603
11412,jk,0.02999507454710603
6232,dobby,0.02999507454710603
3270,burrow,0.02999507454710603
17939,rowlings,0.02999507454710603
9009,ginny,0.02999507454710603
13644,mountable,0.029994689522405044
1446,animalback,0.029994689522405044
9828,heartthumping,0.029994689522405044
20018,sthe,0.029994689522405044
22348,upagain,0.029994689522405044
17248,relics,0.029984175591503622
5897,device,0.029964836609734282
11834,lackluster,0.029952924696944792
7683,familiarize,0.029945119863265757
563,70s,0.029941364385351128
23051,waypoints,0.029933944912825583
18826,shortrange,0.029930704288072964
22657,versons,0.029926674192775195
3098,brilliance,0.029926674192775195
10075,hinted,0.029926674192775195
18876,shu,0.029912255056826716
19629,spectators,0.029861071142876765
7780,fateful,0.029857593279398395
7388,executive,0.029848883092218118
6496,droids,0.029848709228599068
17919,roulette,0.029825567722627004
10033,highpaced,0.029825567722627004
5047,craps,0.029825567722627004
17861,rolleris,0.029825567722627004
21501,topham,0.029803838636604234
6882,emilys,0.029803838636604234
17321,renders,0.02980233301337894
2491,ben,0.029799358389844353
10588,impervious,0.029793371651121253
20723,takeoff,0.029787390232160652
8845,gauge,0.0297764864348766
23327,winds,0.029771161182945347
9334,greet,0.029768960288155778
18301,schwarzenegger,0.029751743786915977
5948,diehard,0.029742056392871776
3764,chainsawarmed,0.029737771951686334
11914,largerthe,0.029734392706635703
13254,miller,0.029728689147275215
5306,custombuilt,0.029710725070320552
17664,richter,0.029705858120022455
14740,openly,0.02968200509521871
22459,uses,0.029681556134320098
2884,booming,0.02967597160290514
19933,startling,0.029671727344853644
5852,detailed,0.02966756613108347
18307,scientific,0.02966193904925486
18334,scoring,0.029659658628069213
3335,cabatu,0.029654160513263274
21249,threshold,0.029654160513263274
22517,valerie,0.029654160513263274
13967,naturegonewrong,0.029654160513263274
4915,cortez,0.029654160513263274
15550,picturesthe,0.029654160513263274
14481,observations,0.029654160513263274
15143,paradiseor,0.029654160513263274
6202,divide,0.029654160513263274
15545,picturesautonomous,0.029654160513263274
5236,cryengine,0.029654160513263274
15923,polybump,0.029654160513263274
18918,sidesplitting,0.02963744686461946
22454,usercontrolled,0.02963313442173974
21172,thicker,0.029627061534440554
6426,drawbridge,0.029627061534440554
16093,pranks,0.029620487367072793
12454,lounges,0.029620487367072793
3396,camaraderie,0.02961403994166646
20405,sunday,0.029601495619863825
19741,sport,0.02960084390781789
10000,highesttrained,0.0295996767112912
9470,gulf,0.0295996767112912
18391,scudhunting,0.0295996767112912
2522,bestequipped,0.0295996767112912
2155,baghdad,0.0295996767112912
7113,entity,0.029583496224169812
2863,bonecrushing,0.029573630704595934
14133,newspecial,0.029562623594086797
23079,weaponryincluding,0.029562623594086797
19023,singleplayermissionsfrom,0.029562623594086797
988,adverse,0.029562623594086797
8939,genuineskillworms,0.029562623594086797
23704,youan,0.029562623594086797
21654,trajectories,0.029562623594086797
3431,canaffect,0.029562623594086797
2355,bazookasgrenades,0.029562623594086797
23382,with20,0.029562623594086797
3634,catalog,0.029562623594086797
14658,oncooperative,0.029562623594086797
11957,launcherare,0.029562623594086797
23501,wormopaedia,0.029562623594086797
16832,randomlygenerated,0.029562623594086797
19417,solo,0.029556294064847024
4285,coffee,0.029553411166294168
12462,lovers,0.029539572797104254
4930,costumes,0.029538299766968725
9947,heroled,0.02953739489413751
6398,dragonshard,0.02953739489413751
20668,systemwhere,0.02953739489413751
10354,humanbased,0.02953739489413751
16720,raceswartorn,0.02953739489413751
22229,unitsan,0.02953739489413751
18645,shaders,0.02953739489413751
2382,beastsand,0.02953739489413751
699,abovedeliver,0.02953739489413751
21050,theacclaimed,0.02953739489413751
20667,systemthe,0.02953739489413751
18893,siberys,0.02953739489413751
16059,powercoveted,0.02953739489413751
17948,rpgbased,0.02953739489413751
5603,deepbeneath,0.02953739489413751
22049,umbragen,0.02953739489413751
17953,rpgstyle,0.02953739489413751
3273,bury,0.02953739489413751
12203,lightor,0.02953739489413751
16764,ragewindows,0.02953739489413751
14498,obtaining,0.02953739489413751
17951,rpgmodeled,0.02953739489413751
5842,destroythe,0.02953739489413751
11609,keith,0.02953739489413751
17962,rtspowers,0.02953739489413751
5431,darknessproduct,0.02953739489413751
21643,trainable,0.02953739489413751
11481,juggernauts,0.02953739489413751
12259,ling,0.029535929496747756
5956,dieter,0.029535929496747756
13640,moulin,0.029535929496747756
11411,jj,0.029535929496747756
11408,jingjing,0.029535929496747756
9040,glam,0.029535929496747756
18302,schwesterkrank,0.029535929496747756
22314,unsettling,0.029535929496747756
22316,unsolved,0.029535929496747756
11162,investor,0.029535929496747756
15999,positioned,0.029533439628873163
20241,studios,0.029517929910851053
13277,mindboggling,0.02951315109148106
18844,shout,0.02949501046923477
13316,miniquests,0.02948830154137788
10591,implement,0.029472515742660077
10009,highlevel,0.029468392151406
22720,viewable,0.029465545146209523
18728,shenmue,0.02944527189536684
20388,suitwearing,0.02944412895526551
18794,shogun,0.029437177149683184
13493,mongol,0.029437177149683184
19441,sonar,0.029419415277029896
3884,cheap,0.029418001637198217
5504,deadsomethings,0.029407968181217617
9192,gotta,0.029407968181217617
22215,uninvited,0.029407968181217617
11212,irritation,0.029407968181217617
6105,disintegrate,0.029407968181217617
2299,bath,0.029407968181217617
10928,insecticides,0.029407968181217617
16367,promise,0.029401101226483477
6760,efficiency,0.029387610049828043
6034,directors,0.029384028242965404
5816,desktop,0.029384016024503416
14971,overly,0.02935258431029185
20473,supplies,0.02930704714956093
9818,hearing,0.02930640548225005
13549,moptop,0.029275156102519375
5681,delegates,0.029275156102519375
4132,claw,0.029262803069062794
8927,genrerpg,0.02925867041552914
7230,essentially,0.02924992243705885
5184,crossbows,0.029248243303015665
108,115,0.02924442289322151
3816,characteradvancement,0.02924442289322151
13231,mile,0.029242876357016317
18121,salvage,0.02923894464470147
22799,vital,0.029233964663095954
14507,occupation,0.0292329751326306
21289,thug,0.02922291459158097
6996,enforce,0.029221023267435586
5142,crimeridden,0.029221023267435586
13530,montreal,0.029209268032568816
19015,singlecard,0.029187137982977656
6366,downside,0.029186643033829084
9702,harmony,0.02913218019659981
19494,soulcalibur,0.02911509801598706
17379,reporter,0.029107082330681138
16895,ravines,0.029093852208161734
12372,logans,0.029093766143043275
2790,blurred,0.029090719659756542
19814,squaresoft,0.02907843169065191
1289,amazingly,0.02906994881270952
6713,eco,0.029068048504580477
8755,gameplyaevery,0.029066636769833717
5450,dater,0.029066636769833717
10314,hoverboard,0.029066636769833717
16014,possibility,0.029066636769833717
2950,boundless,0.029066636769833717
15169,parked,0.029066636769833717
10280,hotd2,0.02906403310164787
15002,overworld,0.029055423803616177
8704,gallery,0.029053227179271772
4366,colossus,0.02902680315965717
4029,cia,0.029022135506601775
20460,superspies,0.0290069994295266
1819,assess,0.02898267918031326
23680,yesterday,0.02897599236124558
16066,powerhouse,0.028965775370384795
22117,underhanded,0.028963910935881593
18336,scorpion,0.02894661617481387
16773,raiden,0.02894661617481387
20343,subzero,0.02894661617481387
22472,usurped,0.028938382425703176
16389,proper,0.02892831293521031
225,1984,0.028916387169857116
8560,frustrated,0.028912708709246147
19057,sixhour,0.028905555164205683
99,10minute,0.028905555164205683
390,30minute,0.028905555164205683
18183,sarthe,0.028905555164205683
4543,compress,0.028905555164205683
19694,spinouts,0.028905555164205683
14669,onehour,0.028905555164205683
14070,nero,0.02887545634216567
3805,channels,0.02886618942002955
17289,remended,0.028865614819210392
628,911,0.02885089036265624
20119,straighter,0.0288468779619091
3653,cater,0.0288468779619091
17868,romance,0.028842887387227602
9074,gloria,0.028836532529250322
1676,arguably,0.028826382131173004
17999,runand,0.028826382131173004
16911,razorclose,0.028826382131173004
6566,dugout,0.028826382131173004
8503,frequencynot,0.028826382131173004
11708,kinks,0.028826382131173004
15715,platethe,0.028826382131173004
8783,gametuning,0.028826382131173004
14670,oneinning,0.028826382131173004
22801,vitals,0.028826382131173004
3720,cements,0.028826382131173004
9362,gripes,0.028826382131173004
18197,satisfyingly,0.028826382131173004
21883,tuners,0.028817598437996302
4168,climactic,0.02881535533777388
21409,tip,0.028806710910813868
17112,reels,0.02880316465495153
21708,traveling,0.02877238659259227
23220,whimsical,0.02874321144654668
4586,concerned,0.02873429732088425
7466,experimenting,0.028722089936629575
18774,shipwreck,0.028703613441049474
15619,piratesexplore,0.028703613441049474
22067,unavailable,0.028703613441049474
14734,opened,0.02869389941305122
480,480,0.02868727651833101
11587,kato,0.02868727651833101
20965,terada,0.02868727651833101
4322,collectable,0.02868727651833101
3741,cepter,0.02868727651833101
8355,forseen,0.02868727651833101
3742,cepters,0.02868727651833101
11542,kaida,0.02868727651833101
10093,hiroaur,0.02868727651833101
13918,naoyuki,0.02868727651833101
11576,kasuya,0.02868727651833101
11498,jump,0.028682649602681035
3706,celenheim,0.028664704415305726
14908,outlanders,0.028664704415305726
6930,enclave,0.028664704415305726
18012,runofthemill,0.028655663132363486
15152,paranoia,0.028647467952391124
14777,opted,0.02864596902669024
3373,calamities,0.02864518062375297
20407,sunlight,0.028641335715434254
18991,simulates,0.02863865584649187
9089,glowing,0.02862964382471829
13386,mistress,0.02861079949336343
4611,conferences,0.028605682015325304
12618,magazines,0.028598947864168923
13621,motivational,0.028577513995813084
10863,ingredient,0.028577513995813084
3866,charting,0.028577513995813084
3981,cholesterol,0.028577513995813084
14429,nutrition,0.028577513995813084
23122,weekly,0.028577513995813084
23665,yearnew,0.028577513995813084
17165,regimen,0.028577513995813084
9701,harmonix,0.028568398607881487
17052,recording,0.028568398607881487
10859,ingenious,0.028554613084320887
10719,indiscernible,0.02854803190932748
22219,uniquely,0.02854374343660131
533,60fps,0.028537628479281606
13262,millionsas,0.028529587459448256
12686,malibu,0.028529587459448256
21358,timebased,0.028529587459448256
8767,gamesminimum,0.028529587459448256
14715,onproduct,0.028529587459448256
4229,clueshelp,0.028529587459448256
13525,montanas,0.028529587459448256
21566,touncover,0.028529587459448256
2804,boardwalk,0.028529587459448256
21847,trueidentity,0.028529587459448256
2602,bine,0.028529587459448256
17859,rollerblades,0.028529587459448256
13869,mysteryproduct,0.028529587459448256
13239,miley,0.028529587459448256
13240,mileyand,0.028529587459448256
10822,informationmiley,0.028529587459448256
7970,figured,0.02852347615424693
22287,unraveled,0.02852347615424693
23145,wellas,0.02852195623074507
17221,relate,0.028511872421420174
15848,plow,0.028508882295726446
20864,teamsponsored,0.028508882295726446
8443,frankfurts,0.028502366616934068
13453,modifiable,0.028502366616934068
13145,metric,0.028502366616934068
13520,monsterslayerforhire,0.028502366616934068
23564,writings,0.028502366616934068
6345,doubts,0.028502366616934068
22961,warios,0.028497500678239498
8448,fratello,0.02848719235951409
4205,closes,0.028446571361100136
2113,backdraft,0.028446571361100136
23442,woodpecker,0.028446571361100136
7552,extravagant,0.02844249212397486
7147,eons,0.02841723830412245
6177,district,0.028411734309738385
12781,marcus,0.02839768927585999
9594,hamstersproduct,0.02839329709473891
9595,hamstersystem,0.02839329709473891
9596,hamsterz,0.02839329709473891
1415,andtrain,0.02839329709473891
5326,cutproduct,0.02839329709473891
23390,withits,0.02839329709473891
7569,eyeopening,0.028381032371001366
11382,jessica,0.028372358644102473
10413,hygiene,0.028342467025704178
12330,lobby,0.02832978777732824
14882,outcast,0.02831489184010027
4238,clutches,0.0283137949485555
18814,shores,0.028309637880592108
6245,documents,0.028297106007823553
8332,forging,0.02829624161138641
9425,gt4,0.028281033511240894
10341,hugely,0.028279746142220695
3157,bruno,0.02827834264304248
14175,nightmares,0.028277505127573627
13739,multiboot,0.02826627768781571
12562,m16a2,0.02826627768781571
13408,mm,0.02826627768781571
18930,sig,0.02826627768781571
19827,ssg,0.02826627768781571
4449,commit,0.02825614129912493
6571,dump,0.028178903488620427
15325,pelletmunching,0.028162218385963795
2669,blading,0.028162218385963795
13119,messages,0.028160181401610473
16337,programmer,0.028154360627530815
18123,salvation,0.028154360627530815
1230,allpowerful,0.028149747796698564
16568,purists,0.02813522564183587
5526,deaths,0.02813171860179514
1588,appointed,0.02811993668827044
4328,collection1,0.02811993668827044
3613,cassima,0.02811993668827044
7838,featuresincludes,0.02811993668827044
8557,fruit,0.02811993668827044
2969,boxed,0.02811993668827044
13555,mordack,0.02811993668827044
3490,captor,0.02811993668827044
20658,system6,0.02811993668827044
18563,separating,0.02811993668827044
7784,father5,0.02811993668827044
8290,foradventure,0.02811993668827044
14710,onlineproduct,0.02811993668827044
18929,sierra,0.02811993668827044
8768,gamesnow,0.02811993668827044
3085,bride3,0.02811993668827044
11701,king2,0.02811993668827044
18585,seriesproduct,0.02811993668827044
3023,bravest,0.02811993668827044
11707,kingsquest,0.02811993668827044
13110,mermen,0.02811993668827044
10353,human4,0.02811993668827044
20759,tamriel,0.02811738383167082
8199,flourish,0.02810969823293792
4123,classicera,0.028098461893418372
20834,tbyrl,0.028096981089686286
12956,mclaren,0.028096981089686286
17795,robbers,0.028096981089686286
9267,graphicsintensive,0.028096981089686286
3191,buddys,0.028096981089686286
6512,drove,0.028096981089686286
11429,johnq,0.028096981089686286
20268,stuttered,0.028096981089686286
12886,matchmaking,0.028082967006562376
20540,suspects,0.028078371713467654
22173,unexplained,0.028078371713467654
197,1930,0.028078371713467654
17634,reworked,0.028068287582004584
3584,carter,0.02806349176021168
886,adaptive,0.02806349176021168
18589,seriously,0.0280427967458096
23166,wellpaced,0.02803305443993219
9988,highclass,0.028027968281629248
22998,washing,0.028019460884274934
16689,quirkiness,0.028019460884274934
22156,unearthing,0.028019460884274934
2633,birthright,0.028014497577129528
4999,covered,0.027995867402337955
9421,gsr,0.02798582138854748
62,07nissan,0.02798582138854748
7183,eradicate,0.027976862023808384
14641,omnipotent,0.027952987320279277
8654,fusion,0.027952987320279277
8902,generous,0.02792694204921864
808,acknowledge,0.027921189778818002
1200,allaround,0.02791478604489916
21538,tossing,0.027911660320904853
14250,noahs,0.027907281090567292
4914,cortexs,0.027907281090567292
10331,hubs,0.027907281090567292
6994,energize,0.027907281090567292
13297,minibosses,0.027907281090567292
1692,arksized,0.027907281090567292
23498,worldyou,0.027907281090567292
8483,freeroam,0.027907281090567292
13175,mickey,0.02790412096725987
9141,golden,0.0278643214326321
14485,obsessed,0.027836544090346457
1325,ammunition,0.027832778629966654
2070,awhile,0.027808922413514965
5012,cowardly,0.02780201960775711
1571,appeared,0.027767683442699555
12514,luke,0.027754812826964917
13556,mordor,0.027754338408132982
20767,tanker,0.027748311818596248
4715,constructed,0.02767774333983369
20650,syndrome,0.027676551056135906
20957,tense,0.02767350884552654
10115,hitler,0.027671154774272014
14278,nominated,0.027663994541303267
20291,sub,0.027659916519428042
8913,genocide,0.027636827852946994
15852,pluck,0.02763643366805553
21992,typically,0.02763378510749133
8272,foolish,0.027630234854395044
13379,mist,0.0276287671987676
10913,innumerable,0.027626578146548786
23061,weakened,0.027600841039350406
9249,graphic,0.02759652980495736
9175,gordon,0.027591109060912142
10703,independent,0.027586116981256185
11507,june,0.027572484839092047
16538,punish,0.02756994760863801
12834,marv,0.02756133152674656
3839,characterspecific,0.027557407987148588
17256,religious,0.02755199677868919
15663,plagued,0.027541351641231865
12933,maxs,0.027516702420563484
18899,sickest,0.027512999385234008
4675,consequence,0.02750517394672636
22499,vacation,0.027490801210281992
2964,bowling,0.027485090660088623
6743,educational,0.027469190031851377
13636,motorsport,0.027448877307665414
479,48,0.02744055801916663
20361,sucks,0.027439345234794108
2659,blackstyle,0.027439345234794108
6279,domestic,0.027439345234794108
8239,foethey,0.027439345234794108
4187,cloak,0.027439345234794108
18106,sake,0.027439345234794108
1486,anonymity,0.027439345234794108
12397,longest,0.02742550275758178
16691,quirky,0.027423853234750745
4821,convoluted,0.027413760978377978
21514,topselling,0.027408204353607114
17214,reis,0.027401410597252925
15474,phantasy,0.02739692093711049
22237,universities,0.027391457954758242
20861,teamsalong,0.027355041764263646
21897,turf,0.027347572879252408
14042,neglect,0.027343396053972926
6521,drum,0.027333145219985283
18846,shovel,0.02732589106823037
21608,tracked,0.027323743903941648
13255,millersubscribe,0.027305839446107996
16652,queens,0.027301551899480362
11979,lawyer,0.027297865741294246
2008,automaton,0.027297865741294246
1849,asteroid,0.027287182851579796
23012,watchers,0.0272871698510995
1031,aforementioned,0.02728715952675879
918,adjustable,0.027279612354398717
2325,battleforged,0.02727744782482616
15421,personalitieseach,0.02727744782482616
14086,nests,0.02727744782482616
5846,destructionondemand,0.02727744782482616
2988,braggig,0.02727744782482616
10029,highlyskilled,0.02727744782482616
19163,slaughtering,0.02727744782482616
16819,rampaging,0.02727744782482616
19800,squadleader,0.02727744782482616
23099,weasley,0.027244545091517487
14909,outlandish,0.027235444193017676
7123,entrusted,0.027232691616941307
10595,implementing,0.027221572896207594
17787,roams,0.02719753525182034
2848,bomberman,0.027193256166688842
16281,prix,0.02719028113747881
16873,rates,0.027143382497494983
16102,prebuilt,0.02713584156830085
19271,smartdriving,0.02713584156830085
19084,skeptical,0.02713584156830085
21607,trackchances,0.02713584156830085
3012,brandname,0.02713584156830085
16140,preferable,0.02713584156830085
6498,drool,0.02713584156830085
16132,predictable,0.027134277072338783
4692,consistently,0.02713403336205815
717,abundant,0.027132214976290876
19467,sopwith,0.02712881022469532
12839,marvels,0.027114700324351152
9300,graveyards,0.0271059101491203
1864,asymmetrical,0.027096570058561007
21636,tragic,0.027088142225426014
15858,plumbing,0.027067349890458746
1323,ammo,0.027062350173837558
6534,dss,0.027036637476235397
2686,blasting,0.02701136220140065
22671,veterans,0.02701097909763888
19550,spacelab,0.027008251215989387
2284,bask,0.027008251215989387
19905,starcon,0.027008251215989387
11328,janitorial,0.027008251215989387
18389,scs,0.027008251215989387
18172,santiago,0.027008251215989387
17021,recipient,0.027008251215989387
22822,vohauls,0.027008251215989387
17183,regulations,0.027008251215989387
1713,arnoid,0.027008251215989387
15444,pestulon,0.027008251215989387
18352,scow,0.027008251215989387
13919,nap,0.027008251215989387
7260,eureka,0.027008251215989387
18181,sarien,0.027008251215989387
17738,rippers,0.027008251215989387
19906,starconfederacy,0.027008251215989387
1623,arcada,0.027008251215989387
18395,scumsoft,0.027008251215989387
13547,mop,0.027008251215989387
1624,arcadas,0.027008251215989387
5536,debts,0.027008251215989387
12820,marshaled,0.027008251215989387
13848,mutation,0.027008251215989387
1473,annihilator,0.027008251215989387
18166,sanitation,0.027008251215989387
4892,corpsman,0.027008251215989387
11816,labion,0.027008251215989387
16687,quirk,0.027008251215989387
15497,phleebhut,0.027008251215989387
19593,speak,0.027004471066484622
22626,vendetta,0.02700177004814725
18553,sensors,0.02699717850148239
22518,valiant,0.026969537801704784
17873,romantic,0.026965895952408163
11289,jacked,0.02696343918235677
13016,medusa,0.026962870448015326
543,64bit,0.026961504833741375
532,600mhz,0.026961504833741375
12163,lifeblood,0.026961504833741375
925,admiral,0.026961504833741375
11790,kriegsmarine,0.026961504833741375
4721,consultant,0.026961504833741375
4722,consultants,0.026961504833741375
7217,escorts,0.026961504833741375
13962,natowindows,0.026961504833741375
10792,informationan,0.026961504833741375
1845,assure,0.026961504833741375
11062,internetlan,0.026961504833741375
1316,americanconvoys,0.026961504833741375
17273,remainat,0.026961504833741375
17156,regardedas,0.026961504833741375
550,650mb,0.026961504833741375
11186,inwwii,0.026961504833741375
1521,antisubmarine,0.026961504833741375
18996,simulationsilent,0.026961504833741375
429,3dgraphics,0.026961504833741375
19002,simulatorproduct,0.026961504833741375
21070,thecritically,0.026961504833741375
23729,youngest,0.026940855816094227
21890,tupac,0.026937791748860188
18140,samuel,0.026937791748860188
4401,comedian,0.026937791748860188
10443,icet,0.026937791748860188
18668,shakur,0.026937791748860188
6433,dre,0.026937791748860188
6169,distraction,0.026916387682275496
1153,akin,0.026897090335211433
17842,rogues,0.026893781392803358
9593,hamsters,0.026870260487040925
1688,arise,0.026859013913826685
1009,aerospace,0.026857790482764286
3705,celebritys,0.026856824535817145
7625,factories,0.026833540156642455
20212,strongest,0.02682379369226184
14366,notion,0.026818452105922493
15514,phrase,0.02681575182106838
6112,dismantle,0.026815564062340917
5566,decipher,0.02681469592145448
19183,slender,0.02681469592145448
18653,shadowokage,0.02681469592145448
3080,brewing,0.026813917871210183
4612,confidence,0.02680276423696585
18852,showcasing,0.02679762496796614
18384,scrolls,0.02677288326750681
22949,warehouses,0.02675005421479048
15386,perimeter,0.02675005421479048
19277,smashes,0.026746133315706865
11992,lcie,0.02672570099188914
15140,paradigms,0.02672570099188914
8958,gestalt,0.02672570099188914
19994,steering,0.02670765471047385
13744,multidisciplinary,0.026687730536473397
5223,crumpled,0.026687730536473397
6074,disciplinesprove,0.026687730536473397
16728,racingexperience,0.026687730536473397
17520,resultschoose,0.026687730536473397
6060,disasterone,0.026687730536473397
2782,blueprints,0.026687730536473397
13154,mettle,0.026687730536473397
15791,playredefined,0.026687730536473397
6866,embodies,0.026687730536473397
4450,commitment,0.026687730536473397
16381,proof,0.026687730536473397
21478,tomorrows,0.02667674612379015
7525,extension,0.026671149893275785
1294,amazoncouk,0.026657045532220165
4475,companion,0.02664521517051728
14673,oneman,0.026614150391130242
11233,isles,0.026611561293723072
18863,shrapnel,0.026597925968130685
9991,highenergy,0.02659123913438343
20414,sunshine,0.0265910471416556
6214,dizzying,0.026581671128465708
14021,necris,0.02658163061748526
881,adaptation,0.026562726033554605
15928,polyphony,0.02655448699791404
1296,ambiance,0.026553906627725755
21693,transports,0.026546722712401386
7763,fastest,0.026524506905137565
1657,ardania,0.026505720142053026
7434,expansionever,0.026505720142053026
2290,basking,0.026505720142053026
7721,fantasys,0.026505720142053026
23723,youmajesty,0.026505720142053026
5232,crushedvelvet,0.026505720142053026
10892,inlcuded,0.026505720142053026
8920,genrecreating,0.026505720142053026
4718,constructions,0.026502387795498784
5688,delights,0.026496350385472968
23660,yarn,0.026485494495107464
11863,lancer,0.026484642397520977
23701,yorkshire,0.026479673840462695
2638,bite,0.026472561492680933
11168,invisibility,0.02646054776263487
83,1024,0.026455325179781112
582,768,0.026455325179781112
14292,nonhuman,0.026449619665990666
17703,righteousness,0.026444549260266664
22462,ushers,0.026439211570377524
13370,missioncomplete,0.026430173133722642
8787,gameworld,0.026415771120120918
2497,bend,0.026413053832790925
7608,facetoface,0.026404292005634693
2552,beware,0.02640194302395811
417,360s,0.026400136347408575
21281,throwers,0.026382033520075128
8791,gamingin,0.026382033520075128
2673,blame,0.026382033520075128
16818,rampages,0.026382033520075128
6000,dinghies,0.026382033520075128
19890,standoffs,0.026382033520075128
4424,commanderdemolish,0.026382033520075128
2201,bandages,0.026382033520075128
2695,bleak,0.026382033520075128
20190,stries,0.026382033520075128
22947,wardamaged,0.026382033520075128
13337,minutest,0.026382033520075128
6757,effectsrealistically,0.026382033520075128
17342,repairs,0.026382033520075128
564,70ton,0.026382033520075128
8108,flamethrowing,0.026382033520075128
20919,telephones,0.026382033520075128
3227,bulletriddled,0.026382033520075128
14073,nervejangling,0.026382033520075128
15024,pa,0.02638088220157523
23781,zapping,0.02636699008179468
16269,priority,0.02635957849400966
19771,springfields,0.026339438654502393
7702,fancy,0.026333217624359768
7635,fade,0.026332397457636787
22001,tyson,0.026332397457636787
20820,taunting,0.026322635224687318
11857,lament,0.02631008911103655
112,11th,0.02631008911103655
3624,castlevanias,0.02631008911103655
18177,sara,0.02631008911103655
22142,undetected,0.026285312819440687
16732,rack,0.026272632123083624
15356,peppered,0.026261087555814938
2005,automate,0.02625608206372842
8784,gamewere,0.02625608206372842
14491,obsolete,0.02625608206372842
5697,dellamonica,0.02625608206372842
21043,thatin,0.02625608206372842
397,32000,0.02625608206372842
23227,whirlpool,0.026237941135237565
17569,reuniting,0.026237941135237565
12364,locusts,0.026237941135237565
21593,toxic,0.026237941135237565
18963,simcities,0.026237941135237565
12966,meal,0.02623557284659545
22486,utmost,0.02623282490526021
8339,forincluding,0.026230985722430177
7289,everimportant,0.026230985722430177
3249,bungee,0.026230985722430177
8180,float,0.02622416108406658
2662,bladder,0.0261999849281144
16474,psychic,0.026198031218035295
19130,skylines,0.0261830197201805
17560,retuned,0.02618264979775428
11581,katanas,0.02618264979775428
5040,crank,0.026181880095602673
15317,peek,0.026181171016010564
18820,shortcuts,0.02617901693726513
16909,raziels,0.026178954773446873
5124,creep,0.026159709527098136
20029,stiffarm,0.026157974195602233
14294,nonlethal,0.02615595984051908
23329,windshields,0.02615097276383815
20454,supersized,0.02615097276383815
14205,nissans,0.02615097276383815
7892,fenders,0.02615097276383815
5317,custompainted,0.02615097276383815
12473,lowered,0.02615097276383815
21405,tinted,0.02615097276383815
10196,hondas,0.02615097276383815
940,adorned,0.02615097276383815
4433,commence,0.02615097276383815
21597,toyotas,0.02615097276383815
21765,trickedout,0.02615097276383815
7899,ferrari,0.026138328484604425
1283,amassing,0.026136891495406617
17798,robbins,0.026114827841737024
11692,kilmic,0.026114827841737024
22332,untimely,0.02610952764949862
20109,storythe,0.02609840787421359
11812,la,0.026089097363448166
18267,scene,0.026088322167548392
21204,thompson,0.026075569191922904
16580,pursuing,0.026074792759648285
1188,align,0.026069727843554016
16656,query,0.026067688602106544
9979,hieroglyph,0.026067688602106544
3117,brittle,0.026067688602106544
17900,rosetta,0.026067688602106544
19665,sphinxs,0.026067688602106544
18874,shrouding,0.026067688602106544
19427,solvedbr,0.026067688602106544
15136,papyrus,0.026067688602106544
17461,resin,0.026067688602106544
6049,disappearedbr,0.026067688602106544
2794,blythe,0.026067688602106544
4320,colleaguebr,0.026067688602106544
6547,dubiously,0.026067688602106544
8804,gangsterridden,0.026054421644409773
8803,gangsterfilled,0.026054421644409773
7528,extensively,0.026054421644409773
9572,hallways,0.026050908781007614
10784,influencing,0.02603374491320308
2412,befell,0.026009791263498835
10249,horrorfilled,0.026009791263498835
4975,coupled,0.026008665685588187
4868,cord,0.025995178988973605
12984,measures,0.025985443653274962
2913,boring,0.02597107587642637
2700,bleedingedge,0.025967480399548933
683,abilities,0.025964874999772226
15952,popped,0.025959404447600563
7351,excellence,0.025942612966848227
11340,jasmine,0.025939767803371334
1686,ariel,0.025939767803371334
2476,belle,0.025939767803371334
4034,cinderella,0.025939767803371334
22975,warped,0.025906390257385115
16051,powder,0.025861845824855133
5188,crossfire,0.025835882183646967
14515,occurrences,0.02579679546805373
10845,informer,0.02577296786148808
5164,criticallyacclaimed,0.025766252515428835
20383,suitably,0.025750305375994154
7697,fanatical,0.02574574308695452
13487,mon,0.02573932710932237
9245,grants,0.025737468397067868
16439,provider,0.02573734850211286
16038,potent,0.02571773779511641
11114,intro,0.025704387952593156
12996,mechjockeys,0.02568432358349724
12994,mechasavants,0.02568432358349724
5597,dedication,0.02568432358349724
7305,everyoneat,0.02568432358349724
19351,snowed,0.02568432358349724
23789,zealously,0.02568432358349724
15195,parting,0.02568432358349724
2320,battlebots,0.02568432358349724
5747,departments,0.02568432358349724
21508,topped,0.02568432358349724
20230,struts,0.02568432358349724
22120,underliterallyby,0.02568432358349724
20876,techmechy,0.02568432358349724
2217,bankrollnot,0.02568432358349724
12210,lightweight,0.02568432358349724
12016,learningcurve,0.02568432358349724
5924,diagnostic,0.02568432358349724
7304,everyday,0.02568385251526993
2791,blurring,0.025680255590095822
2972,boxes,0.02567827153508835
20519,surrounds,0.02567508123357788
9730,hastings,0.025672337873518816
9336,greg,0.025672337873518816
18304,sciencefiction,0.025670794305865437
5777,derail,0.025670027366895155
18474,security,0.02566882058529625
10003,highflying,0.02565371827350947
13678,movie,0.02565204750000267
777,accordingly,0.02563067478384475
11839,ladies,0.02562999351979909
12075,lenneth,0.025625908000114127
7508,exposition,0.025609284696039566
11121,introductions,0.025605498897168757
565,71,0.025603297275535557
18567,sequel,0.02560248414934713
5524,deathmatchfeaturing,0.02558828852956829
4956,counterstrikes,0.02558828852956829
10129,hl2s,0.02558828852956829
7136,environmentsand,0.02558828852956829
12186,lightassaultheavy,0.02558828852956829
22534,valves,0.02558828852956829
10611,impress,0.02557896597145162
20643,synch,0.025571406784617442
10442,icecream,0.02557056053442612
1982,australia,0.025542308462730166
17896,ropes,0.02552865339685758
19797,squabbling,0.02552787562046926
14640,omits,0.02552787562046926
10776,inflexible,0.02552787562046926
5434,darkvision,0.02552787562046926
15181,parry,0.02552787562046926
10089,hireling,0.02552787562046926
1438,angleyoull,0.02552787562046926
3833,characterseye,0.02552787562046926
438,3es,0.02552787562046926
20638,symbols,0.02552787562046926
13095,mercifully,0.02552787562046926
771,accomplishes,0.02552787562046926
21400,tinker,0.02552787562046926
12230,limitation,0.02552787562046926
10720,indisputably,0.02552787562046926
5210,crpgs,0.02552787562046926
9913,henchman,0.02552787562046926
18791,shoehorn,0.02552787562046926
6243,documentation,0.02552787562046926
2667,blademasters,0.025525359619611367
9490,gunners,0.025525359619611367
333,24x,0.025515270516169558
22970,warn,0.025512335720344514
4693,consisting,0.025475603443815397
13682,movielike,0.025475292900905538
6718,economics,0.025467331169981046
21714,treacherous,0.025460837754441135
6605,dwarfs,0.025453479519088437
8842,gatling,0.02542459705603598
12061,lelia,0.02540681636857144
2624,biplane,0.02540681636857144
6247,dodges,0.02540681636857144
1163,albatross,0.02540681636857144
506,50th,0.02540681636857144
8877,geldra,0.02540681636857144
19226,sloppy,0.025405780824235946
22026,uka,0.02539425397263664
6953,endeavor,0.025376338899736166
7096,entertainmentthe,0.025355935648147254
16969,reaper,0.025354196088336684
2463,belgium,0.02534982974977382
7128,envelopment,0.02534982974977382
21886,tunisia,0.02534982974977382
12147,libya,0.02534982974977382
8028,fireandmaneuver,0.02534982974977382
4753,contextually,0.02534982974977382
21336,tightknit,0.02534982974977382
17230,relax,0.02534254455405277
4963,country,0.025338466778680922
17908,rotate,0.025320012518980528
20539,suspect,0.025317617303809634
286,2009,0.02530213356043214
16560,purchasing,0.025300481537541806
11354,jean,0.025273111664972522
792,accustomed,0.025262540058594875
5120,credited,0.02525618192060636
10044,highrisk,0.025255572861578358
8139,flaws,0.02525241736138917
8282,footie,0.025248397247309425
20384,suite,0.025248397247309425
512,54,0.025248397247309425
19853,staggeringly,0.025248397247309425
18540,sends,0.025233741935576138
16248,prime,0.025232055112575688
15027,pace,0.02523043994801168
18496,seenproduct,0.025222097773974682
14861,othersuse,0.025222097773974682
15678,planesfly,0.025222097773974682
14713,onlychoose,0.025222097773974682
18613,settingsplay,0.025222097773974682
8646,furthermore,0.025222097773974682
15788,playmultiplay,0.025222097773974682
7835,featuresfly,0.025222097773974682
9718,harshest,0.025222097773974682
7246,etcplay,0.025222097773974682
14762,opponentsplay,0.025222097773974682
6908,employee,0.025222097773974682
15148,parameter,0.025222097773974682
23355,winterengage,0.025222097773974682
2057,awardsfight,0.025222097773974682
13373,missionsplay,0.025222097773974682
2556,bf109,0.025222097773974682
18614,settingssee,0.025222097773974682
2342,battlesdestroy,0.025222097773974682
14412,numbering,0.025222097773974682
13122,messerschmitt,0.025222097773974682
15679,planestake,0.025222097773974682
15674,planerecord,0.025222097773974682
4619,confines,0.02522009094862926
1541,ao,0.025203949853688658
9766,haydens,0.02519938956937157
11926,lasria,0.02519938956937157
10449,ico,0.025175600194738634
20685,tackle,0.02516120679739475
14494,obstacles,0.025140938452423354
21575,tournamentstyle,0.02512531427944678
22676,vi,0.02512320701959719
15593,pink,0.025119514700875225
5644,defining,0.025117105135895084
3757,chad,0.025109029211948186
2250,barraged,0.025083933394123303
17284,remembered,0.025083933394123303
14912,outlays,0.025083933394123303
7106,enticed,0.025083933394123303
15665,plagues,0.025064139912004745
12131,lian,0.025058075795415052
23618,xing,0.025058075795415052
7029,enhances,0.025055340279852054
2668,blades,0.025053878465461834
23097,weasel,0.025044863109885646
13797,munitions,0.025044579601474035
3006,braking,0.025043341750045387
6977,enduro,0.025043341750045387
11590,kawasaki,0.025043341750045387
18229,scaled,0.025043341750045387
8321,forested,0.025043341750045387
15906,polaris,0.025043341750045387
8651,furycontains,0.025043341750045387
23644,yamaha,0.025043341750045387
19184,sleuthing,0.02503028105191464
21462,tokai,0.025026947268008682
20419,sunwells,0.025025120718017102
11536,kaelthas,0.025025120718017102
11535,kael,0.025025120718017102
1739,arthas,0.025025120718017102
6135,displays,0.02502356474260378
6165,distortion,0.025023408669706586
16644,quarter,0.025015017018049437
16671,quickanddirty,0.025015017018049437
19315,snaps,0.025015017018049437
19026,sings,0.025015017018049437
9131,goforbroke,0.025015017018049437
6311,doordie,0.025015017018049437
7953,fiesta,0.025015017018049437
11513,juniorcollege,0.025015017018049437
6837,eliminationstyle,0.025015017018049437
7941,fieldgoal,0.025015017018049437
18264,scenarioeven,0.025015017018049437
8447,frat,0.025015017018049437
2407,beefed,0.025015017018049437
16770,rahrah,0.025015017018049437
20113,straddles,0.025015017018049437
1548,apc,0.025015017018049437
9940,heroesaragorn,0.025012488799690237
21809,troll,0.025012488799690237
21782,trilogys,0.025012488799690237
9005,gimliwith,0.025012488799690237
18184,saruman,0.025012488799690237
10301,hoursonend,0.025011334155577342
498,500mb,0.025010721018135427
23113,wed,0.02499605866723265
13347,mischievous,0.02498379689835487
13889,na,0.02498377577725254
2793,blurs,0.02497539143405475
23059,wayward,0.024971934879936288
19863,stalin,0.02496688461517187
2609,biomechanical,0.024966097980578045
20853,teaming,0.024965605461836786
1984,authentic,0.02496435853067509
14735,openended,0.02494089353838853
23662,yavin,0.024938724957637954
11016,intensive,0.024937279743231035
13521,monstrosities,0.024933286807500753
3179,bucket,0.02492039981150627
8295,forced,0.024919765010205753
20917,telekinetic,0.024918613433907222
5390,damnation,0.024917033510200103
4183,clips,0.02491356981646659
9337,gregsonwilliams,0.024912924646234295
215,1960s,0.024912924646234295
20466,superweapon,0.024912924646234295
6694,eater,0.024912924646234295
12712,mandolorian,0.024899468198468652
9677,hardest,0.024890765469327312
4393,combo,0.02488615737898547
9397,grouped,0.02488452815652453
17428,res,0.02485897456370254
15538,pickupandplay,0.024857790224864746
16992,rebellious,0.024847688712422225
22611,vehicleslots,0.024841201984891825
6106,disintegration,0.024841201984891825
10730,indonesia,0.024841201984891825
4998,coverage,0.024841201984891825
14375,novalogics,0.024841201984891825
19721,splits,0.024841201984891825
13982,nazi,0.024830685053509372
20027,sticky,0.02482470866190422
13210,midways,0.02481991226443584
22693,viciousterrorist,0.024813388537025888
10838,informationveteran,0.024813388537025888
1198,alivethe,0.024813388537025888
14135,newterritory,0.024813388537025888
11272,ittakes,0.024813388537025888
15725,platformsystem,0.024813388537025888
19127,skydiving,0.024813388537025888
18093,sagaproduct,0.024813388537025888
7461,experiencethe,0.024813388537025888
21195,thisbefore,0.024813388537025888
2535,bestsellingsam,0.024813388537025888
3823,characterproduct,0.024813388537025888
1424,andyoull,0.024813388537025888
18162,sandstorm,0.024813388537025888
13833,mustcarefully,0.024813388537025888
6850,elven,0.024790457973079636
16048,pouring,0.024788126389813377
2780,bluecollar,0.024788126389813377
16765,ragged,0.024788126389813377
23699,yorkers,0.024788126389813377
23459,worker,0.024788126389813377
7107,enticing,0.024781625727572556
863,activisions,0.024768025811481072
10988,integrate,0.024761390961190673
20916,telekinesis,0.024760869333297453
15779,playful,0.024727449152664824
3875,chassis,0.02471819039277523
15199,partnered,0.02471819039277523
16057,powerboosting,0.02471819039277523
1886,atlanta,0.02471819039277523
14733,opencity,0.02471819039277523
12177,lifestyles,0.02471819039277523
21783,trims,0.02471819039277523
4007,chrome,0.02471819039277523
2240,barker,0.02471413681731504
11374,jeremiah,0.02471413681731504
11195,ireland,0.02471413681731504
3689,cds,0.02470913623411489
21876,tumble,0.024698287872318765
23369,wiser,0.024687951412099344
9571,hallway,0.024687784669689718
18163,sandy,0.02467557855947548
20248,stumbled,0.024669399257322703
6923,enact,0.02466515742471201
9615,handhelds,0.02466291916853463
15274,payers,0.02466291916853463
22937,wap,0.024660001874543938
6219,dlinemen,0.024660001874543938
3354,cadre,0.024660001874543938
4884,corp,0.024660001874543938
22214,unintimidating,0.024660001874543938
588,7on7,0.024660001874543938
16618,qbs,0.024660001874543938
4192,clockjust,0.024660001874543938
15041,packer,0.024660001874543938
2580,bigleague,0.024660001874543938
16545,punting,0.024660001874543938
21310,tiburon,0.024660001874543938
14256,nobodies,0.024660001874543938
16913,rbs,0.024660001874543938
23570,wrs,0.024660001874543938
9022,givens,0.024660001874543938
21264,throats,0.024660001874543938
22694,vick,0.024660001874543938
12251,lineman,0.024660001874543938
20246,stuffing,0.024660001874543938
5010,cow,0.024658513907811375
7021,engulfed,0.024646421645776746
6753,effectiveness,0.02462745569177597
20593,swept,0.024607842897678537
16179,preseason,0.024605502109012477
1586,applying,0.024605502109012477
21284,throwitdown,0.024605502109012477
11171,invitational,0.024605502109012477
12913,maui,0.024605502109012477
14362,noticeably,0.02459289485724322
12363,locust,0.024590866493519426
742,accepted,0.024572373711047184
11757,ko,0.02457224445530182
7121,entries,0.02457004471675746
16207,pressuresensitive,0.024560190008238
15060,padseven,0.024560190008238
12258,lineups,0.024560190008238
1015,afc,0.024560190008238
14143,nfc,0.024560190008238
17916,rougher,0.024560190008238
20741,talentscour,0.02454756281946828
21069,theconstruction,0.02454756281946828
10465,ideologueslaunch,0.02454756281946828
4786,controla,0.02454756281946828
16306,procuring,0.02454756281946828
1737,artactivities,0.02454756281946828
8690,gainnotoriety,0.02454756281946828
18061,saboteurs,0.02454756281946828
14040,nefariousmaster,0.02454756281946828
23756,youyoure,0.02454756281946828
6018,diplomats,0.02454756281946828
9028,gizmosproduct,0.02454756281946828
20894,technoresearch,0.02454756281946828
14473,obnoxious,0.02454756281946828
10813,informationhow,0.02454756281946828
1096,ahworld,0.02454756281946828
13315,minionsicecold,0.02454756281946828
10919,inrealtime,0.02454756281946828
14103,neutral,0.024536516413161295
21962,twohanded,0.024524350842162843
2862,bonecrunching,0.02451950714149196
1422,andy,0.024513557745195497
14576,offline,0.024512575621133792
9239,grandtheftautoesque,0.0244999584806209
9161,goodcopbadcop,0.0244999584806209
8735,gamejon,0.0244999584806209
19334,snoop,0.0244999584806209
832,actiondrivingshooter,0.0244999584806209
21216,thoughtout,0.0244999584806209
468,420,0.0244999584806209
6157,distinction,0.0244999584806209
16858,raps,0.0244999584806209
4072,cityscape,0.0244999584806209
4006,christopher,0.0244999584806209
22903,walken,0.0244999584806209
13722,mugging,0.0244999584806209
16540,punishes,0.0244999584806209
11294,jackings,0.0244999584806209
22404,uphold,0.0244999584806209
3230,bullettime,0.0244999584806209
14001,nearlyuseless,0.0244999584806209
13375,missiontypes,0.0244999584806209
21031,th,0.024494815977259794
8649,furtive,0.024484535693036238
3854,charlemagne,0.024484535693036238
4811,convert,0.024484535693036238
4659,conqueror,0.024484535693036238
10971,instruct,0.024484535693036238
12206,lightsabers,0.024473365840248104
2379,beasties,0.024456215233228377
6226,dna,0.02444506954996562
4070,cityproduct,0.024439331663061566
1209,alleys,0.02443259191379863
20000,steinmyer,0.024430006824302162
17470,resonate,0.024430006824302162
22461,usher,0.024430006824302162
2532,bestseller,0.024430006824302162
13102,merged,0.024430006824302162
10893,inline,0.024430006824302162
19999,steinmeyer,0.024430006824302162
16493,publications,0.024430006824302162
16994,rebirth,0.024430006824302162
19252,slum,0.024413091125296056
12008,leans,0.024405318491387325
11916,largescale,0.02440512029414283
12645,mail,0.02436682852318704
14303,nonplaying,0.024347899319649126
3274,bus,0.024319368091583308
22426,upwards,0.024317045339833625
19214,slipknot,0.0243135030444969
23127,weezer,0.0243135030444969
20032,stiles,0.024309527696654575
2157,bagyou,0.024309527696654575
23204,wheeled,0.024309527696654575
22046,ultrasound,0.024309527696654575
12484,lows,0.024309527696654575
6240,doctors,0.024309527696654575
8876,gel,0.024309527696654575
1505,antibiotic,0.024309527696654575
18231,scalpel,0.024309527696654575
21731,treatments,0.024309527696654575
10046,highs,0.024309527696654575
15062,page,0.024287033842008136
2242,barn,0.024280565392046906
14313,noon,0.024276022211590302
7732,farmland,0.024270025935882823
3500,caravan,0.024270025935882823
3400,camel,0.024270025935882823
303,208,0.024270025935882823
10976,instrument,0.024270025935882823
18999,simulationthe,0.024270025935882823
18269,scenerythe,0.024270025935882823
1004,aerobatics,0.024270025935882823
1139,airportsitll,0.024270025935882823
8224,flyfrom,0.024270025935882823
11496,jumbo,0.024270025935882823
312,21000,0.024270025935882823
11390,jetranger,0.024270025935882823
4142,clearance,0.024270025935882823
1128,aircraftthe,0.024270025935882823
8745,gameother,0.024270025935882823
22593,vectors,0.024270025935882823
7730,farmhouses,0.024270025935882823
388,300s,0.024270025935882823
17166,regina,0.024256481980451848
1977,aural,0.024251673847365863
13146,metro,0.0242507711729799
12588,machinegunner,0.024215713416592885
17266,reluctant,0.024195391617847752
15185,participant,0.024195391617847752
17399,reptilian,0.024195391617847752
2911,boreeach,0.024195391617847752
13349,misery,0.024195391617847752
1589,appoints,0.024195391617847752
828,actionbased,0.024195391617847752
14425,nursed,0.024195391617847752
18402,sds,0.024195391617847752
19701,spires,0.024195391617847752
6145,disrupter,0.024195391617847752
16567,purify,0.024195391617847752
2121,backgrounds,0.024180546252573543
22238,university,0.024177972729940208
8625,funky,0.024176299571546475
2525,bestknown,0.0241708056174433
9960,hey,0.02416599852316612
23462,working,0.02416108336753492
20049,stir,0.024149867701680636
17740,ripping,0.024145495822249768
16622,qlab,0.024144952445398965
16889,ravaging,0.024082138140555796
1297,ambience,0.024068632574169704
11998,leaderboards,0.024061544455806078
4086,civilizations,0.024052028184643595
7856,fedual,0.024048392086311654
19548,spacefaring,0.024044446300891354
7272,evasive,0.02404397737181599
20490,surface,0.024036035397727303
2038,avoided,0.024002347202762862
16099,preacher,0.02399361006571866
9505,gunslinger,0.02399361006571866
13141,methods,0.023989603002933322
3128,broke,0.023979582678095124
16855,rappel,0.023971357183604356
19690,spinechilling,0.023944552457029165
13898,nails,0.023944552457029165
20782,taping,0.023944552457029165
5997,dimlylit,0.023944552457029165
17643,reznor,0.023944552457029165
21747,trent,0.023944552457029165
5304,cushionsjoshua,0.023944552457029165
235,1995,0.023928032111222762
19311,snakes,0.023913697362013465
19710,splash,0.023895142600930185
8505,frequently,0.023888501656171887
11330,janssen,0.023888499074376734
10689,incorrectlyis,0.023888499074376734
1482,annoy,0.023888499074376734
4440,commentaryalthough,0.023888499074376734
16894,ravenslike,0.023888499074376734
15000,overwhelmingly,0.023888499074376734
16879,ratingsnfl,0.023888499074376734
20745,talked,0.023888499074376734
2679,blanketed,0.023888499074376734
12605,madeand,0.023888499074376734
6213,dizzily,0.023888499074376734
17103,redskins,0.023888499074376734
371,2kthe,0.023888499074376734
11113,intriguingperfect,0.023888499074376734
18793,shoestring,0.023888499074376734
17934,routinely,0.023888499074376734
11752,knowthe,0.023888499074376734
12247,linebackers,0.023888499074376734
9113,goblin,0.023882776712744386
10741,industrys,0.0238691654222293
1275,alyx,0.02384841636509012
22946,warda,0.023815753492022217
4587,concerning,0.02381346548469006
15305,pearly,0.02381346548469006
8285,footprints,0.02381346548469006
13489,monasteries,0.02381346548469006
16290,problematic,0.02381346548469006
6307,doomfrantic,0.02381346548469006
11184,invulnerability,0.02381346548469006
9854,hedouble,0.02381346548469006
22274,unplayable,0.02381346548469006
20794,tarot,0.02381346548469006
78,100x,0.02381346548469006
22076,uncanny,0.02381346548469006
6185,disturbingly,0.02381346548469006
3686,cdcopy,0.02381346548469006
18867,shrift,0.02381346548469006
16563,purgatory,0.02381346548469006
23172,wellschooled,0.02381346548469006
6308,dooms,0.02381346548469006
7390,exemplified,0.02381346548469006
9694,harkens,0.02381346548469006
6336,doubledamage,0.02381346548469006
9728,haste,0.02381346548469006
9493,gunning,0.023811551414103935
20277,stylenero,0.023772853025992153
9191,gothicflavored,0.023772853025992153
22284,unquestionable,0.023772853025992153
3800,changeup,0.023772853025992153
18370,scree,0.023767078784024554
16244,primals,0.023767078784024554
8196,florist,0.023765406269074717
7488,exploremove,0.023765406269074717
10975,instructor,0.023765406269074717
11490,jukebox,0.023765406269074717
13858,mysims,0.023765406269074717
11654,kickboxing,0.023765406269074717
13859,mysimsits,0.023765406269074717
8494,freight,0.02372343682580863
21641,trails,0.023700000365453146
4125,classified,0.02369525697663097
707,absolutely,0.023673936116594536
19313,snapped,0.023673192891662878
3614,cast,0.0236686856970504
13684,moviequality,0.02366053449914675
17135,reflections,0.02365480140661755
16546,pup,0.023635054674451268
2813,boba,0.0236155703640555
22696,victims,0.02360960258668761
2957,bow,0.023602851828841497
10991,integrating,0.023600792840175185
1838,assorted,0.023580559517308326
17155,regarded,0.02357993815072177
15275,paying,0.023576576607741262
18771,shipping,0.023561116942208485
2565,bidding,0.023559304748824506
15822,pledging,0.023558965930367572
5619,defeating,0.02355623954712994
1536,anymore,0.02355459083156889
14841,ornaments,0.023546107038494496
18127,samanosuke,0.02352226151746444
799,achievements,0.023517613053833864
22647,verge,0.023508703180876733
22837,volcanoes,0.023499866808847296
11098,intoa,0.023482380990464992
5253,cues,0.023468679355222292
9446,guerillas,0.023458473024914883
18634,sewer,0.023458473024914883
11983,layers,0.023458473024914883
7539,extorting,0.023448062313476025
14757,operator,0.023448062313476025
3841,characterthe,0.023448062313476025
8932,genthe,0.023448062313476025
2931,bothaffects,0.023448062313476025
11097,intimidationwield,0.023448062313476025
839,actionmafia,0.023448062313476025
7981,filmbased,0.023448062313476025
4540,compounds,0.023448062313476025
23056,waythe,0.023448062313476025
4677,consequencesuse,0.023448062313476025
14822,organizationthe,0.023448062313476025
16079,powerthrough,0.023448062313476025
17001,rebuilt,0.023448062313476025
19152,slaps,0.023446118786925655
9224,graffiti,0.023446118786925655
5087,createagoal,0.023446118786925655
19760,spraypaint,0.023446118786925655
5088,createagraphic,0.023446118786925655
5089,createapark,0.023446118786925655
9359,grinds,0.023446118786925655
20775,tantrums,0.023446118786925655
16358,projectiles,0.023446118786925655
4605,conduct,0.02344458760775812
2966,bowser,0.023441961318255548
23209,wheeltowheel,0.023431748533334785
19623,specifics,0.02342154439347441
9841,heavier,0.023409995953110965
20569,swashbuckling,0.02339573128840319
9043,glance,0.023392877181481777
5880,detroit,0.023392289362374377
5334,cyber,0.023362119611446904
11237,isoccupied,0.02335988617842186
5161,critic,0.02335988617842186
5165,criticcharacter,0.02335988617842186
17500,restaurantsand,0.02335988617842186
1408,andsheneeds,0.02335988617842186
16016,possibleserve,0.02335988617842186
11119,introducing3,0.02335988617842186
21163,thetopto,0.02335988617842186
21972,twotable,0.02335988617842186
2063,awayproduct,0.02335988617842186
8081,fivedifferent,0.02335988617842186
23399,withtheir,0.02335988617842186
2696,blearyeyed,0.02335988617842186
17446,reservations,0.02335988617842186
10631,improveyour,0.02335988617842186
20012,stereos,0.02335988617842186
3107,bringsout,0.02335988617842186
10803,informationdiner,0.02335988617842186
8197,flos,0.02335988617842186
21441,tobuild,0.02335988617842186
21092,theirparty,0.02335988617842186
7997,finance,0.02335988617842186
9308,greasy,0.02335988617842186
1274,alwaysrightproduct,0.02335988617842186
21143,therestaurant,0.02335988617842186
502,50different,0.02335988617842186
17501,restaurantsit,0.02335988617842186
9924,herdesk,0.02335988617842186
19738,spoon,0.02335988617842186
16588,pushingpaper,0.02335988617842186
1375,andending,0.02335988617842186
18595,serveher,0.02335988617842186
20526,survivalmode,0.02335988617842186
6186,ditched,0.02335988617842186
14667,onegame,0.02335988617842186
9778,hdtv,0.023350662207192438
18849,showboating,0.02333722322342755
3696,cel,0.02333722322342755
487,4s,0.023317271667853356
20285,stylistically,0.023299465979726024
19199,sliding,0.02329228269188698
16559,purchases,0.023274049192839326
4946,counterfeit,0.023274049192839326
4770,contraband,0.023274049192839326
16020,postage,0.023274049192839326
9399,groupsand,0.023274049192839326
16665,questionsyours,0.023274049192839326
13749,multiitem,0.023274049192839326
19878,stamps,0.023274049192839326
15616,pirated,0.023274049192839326
3197,buffed,0.023274049192839326
6079,discounted,0.023274049192839326
12214,likehan,0.023274049192839326
11972,lawin,0.023274049192839326
17433,resealed,0.023274049192839326
9726,hasselhoff,0.023274049192839326
11824,labyrinthine,0.023262707022166373
6973,endurance,0.02326142598761484
4041,cinematicquality,0.02325009027633804
13027,megamart,0.023249045274453668
18160,sandlot,0.023249045274453668
14948,ovens,0.023249045274453668
9758,hawaii,0.023249045274453668
12336,localeshome,0.023249045274453668
4130,claus,0.023249045274453668
8552,frosting,0.023249045274453668
5276,cupcakes,0.023249045274453668
4608,confectionary,0.023249045274453668
6370,downturn,0.023249045274453668
5277,cupid,0.023249045274453668
18507,seized,0.023244390477082526
23096,wears,0.023242762818529467
21459,toilet,0.023241857115161777
14447,obedience,0.023234389191190346
6819,elementsfire,0.023233809053591202
15359,perathia,0.023233809053591202
15360,perathiaa,0.023233809053591202
1148,airyou,0.023233809053591202
23605,xboxyou,0.023233809053591202
2493,bench,0.023231641268778528
19321,sneaky,0.023220476243888205
858,activated,0.023199972411435583
2844,bombastic,0.023190117007687045
3384,california,0.023185761294421646
17829,rockstars,0.023185761294421646
13478,molyneux,0.023183899844013058
23199,whats,0.023166542406025885
12266,linked,0.02316375283933952
15603,pioneer,0.023159847385186692
18936,sigil,0.02315781567323798
13246,militia,0.023149914413061426
16160,premium,0.023099599018201408
6864,emblems,0.023087133218020486
17704,rightful,0.023087133218020486
14923,outposts,0.0230818706660805
3321,bypass,0.023079048663869794
8236,focusing,0.023075661060152998
2866,boneshattering,0.023075550739800176
20846,teachings,0.023052956490985436
8001,finder,0.02304372955239415
3604,cases,0.023040058230217746
9356,grind,0.023039217770711804
22888,waging,0.023038431223907432
2283,basis,0.02302328277226125
23797,zeppelins,0.023023098916630735
17241,relentlessly,0.02293229408799775
4801,conventional,0.022932121894460894
12841,mary,0.022927801615592616
23659,yards,0.022927801615592616
6230,doa2s,0.022925950101609784
20706,tagteambattle,0.022925950101609784
7282,eventually,0.022920997686601417
22320,unstable,0.022914276110184706
21933,tweak,0.02290794511619459
14379,novels,0.022907685029838976
20357,suck,0.02288443261619959
21554,touched,0.022878097578850454
1193,alis,0.022875905447067302
9769,haymaker,0.022875905447067302
1759,arturo,0.022875905447067302
11284,jabs,0.022875905447067302
21312,ticker,0.022875905447067302
8844,gatti,0.022875905447067302
7226,espnews,0.022875905447067302
1529,antonio,0.022875905447067302
2256,barrera,0.022875905447067302
17722,ringing,0.022875905447067302
6326,doses,0.022866377065134835
16573,purr,0.02280496054369496
17876,romeoare,0.02280496054369496
15462,peugeot,0.02280496054369496
19642,speedsters,0.02280496054369496
13086,mercedes,0.02280496054369496
8050,firmslike,0.02280496054369496
11379,jerking,0.02280496054369496
17776,roadhandling,0.02280496054369496
10039,highprofile,0.02280496054369496
14074,nerveracking,0.02280496054369496
2036,avid,0.02280496054369496
9603,handbrake,0.02280496054369496
22408,uploading,0.02280496054369496
16027,posting,0.02280496054369496
18393,sculpted,0.02280496054369496
8241,fogging,0.02280496054369496
7766,fastlap,0.02280496054369496
9179,gorgeously,0.02280496054369496
22111,undercarriage,0.02280496054369496
2956,bouts,0.022794803311299034
22197,unheard,0.022780112243194987
20191,strife,0.022773501422624687
19474,sorceror,0.022773501422624687
7914,feud,0.022773501422624687
19967,steadily,0.022773501422624687
9523,gwendolyn,0.022773501422624687
3036,breach,0.022767930188462064
8052,firsthand,0.02276488649845691
16370,promising,0.02274425038221773
10415,hype,0.022741900702220125
21130,theology,0.022732774563901537
18406,seafaring,0.022732774563901537
11142,inventing,0.022732774563901537
22755,vincis,0.022732774563901537
15922,polos,0.022732774563901537
608,850000,0.022732774563901537
12085,leonardo,0.022732774563901537
998,aegis,0.022732774563901537
1644,archers,0.022732774563901537
9122,godlike,0.02271992874296934
8220,flyableaircraft,0.022708252758953624
10430,hypothetical,0.022708252758953624
23197,whatif,0.022708252758953624
15081,paintschemes,0.022708252758953624
1617,arado,0.022708252758953624
17637,rewriting,0.022708252758953624
1614,ar234,0.022708252758953624
10499,il10,0.022708252758953624
22876,vvs,0.022708252758953624
15585,pilotscan,0.022708252758953624
318,229,0.022708252758953624
11334,japaneseoccupied,0.022708252758953624
18027,russiaproduct,0.022708252758953624
11643,khalkin,0.022708252758953624
6600,dvdproduct,0.022708252758953624
7109,entireglobe,0.022708252758953624
3690,ceaseless,0.022708252758953624
22272,unparallel,0.022708252758953624
13886,n1k2,0.022708252758953624
11667,kiev,0.022708252758953624
12706,manchuria,0.022708252758953624
10814,informationil2,0.022708252758953624
13214,mig9,0.022708252758953624
14596,ofprevious,0.022708252758953624
19350,snowcovered,0.022708252758953624
13504,monlyheld,0.022708252758953624
14281,nomonhan,0.022708252758953624
14509,occupiedeurope,0.022708252758953624
9139,gol,0.022708252758953624
1126,aircraftand,0.022708252758953624
20229,strut,0.022706521855628548
15207,pasadena,0.022695064913819604
542,640x480,0.02269225905843649
10837,informationvelociraptor,0.02269225905843649
21079,thefascinating,0.02269225905843649
21755,triassic,0.02269225905843649
23457,workbookwindows,0.02269225905843649
15093,paleo,0.02269225905843649
23707,youcan,0.02269225905843649
16490,pterrance,0.02269225905843649
12017,learningproduct,0.02269225905843649
2409,beenfascinated,0.02269225905843649
16264,printable,0.02269225905843649
544,64bitli,0.02269225905843649
1367,andcretaceousproduct,0.02269225905843649
16265,printer,0.02269225905843649
17855,rolf,0.02269225905843649
19997,stegosaurus,0.02269225905843649
2265,barter,0.022681908244840808
16827,rancid,0.022672028008560642
6504,dropkick,0.022672028008560642
9707,haro,0.022672028008560642
22659,vert,0.022672028008560642
15345,pennywise,0.022672028008560642
103,10time,0.022672028008560642
5662,deftones,0.022672028008560642
129,1300,0.022672028008560642
9099,gnarliest,0.022672028008560642
13806,murphys,0.022672028008560642
20171,streetriding,0.022672028008560642
11705,kingpin,0.022662699029146353
14985,overtaken,0.0226601499204273
22313,unseen,0.02264363429129373
16658,questing,0.022637584218216135
12691,mama,0.022631566034422835
7198,erratic,0.022616810444833872
705,absent,0.022609054196271964
21680,translated,0.022609054196271964
7517,exquisite,0.022578185658422834
13178,micromanage,0.022568073898596188
3043,breakdown,0.022568073898596188
12495,lucas,0.02256740846687764
22868,vr,0.022559136761144755
12920,maxed,0.022536094759689474
22175,unfair,0.022536094759689474
11381,jerseys,0.022527380928116614
17902,roster,0.022524623895653576
4997,cover,0.022522994219645164
21,007inspired,0.022513416169562435
14180,nightshade,0.022513416169562435
19600,spearheaded,0.022513416169562435
14078,nervetingling,0.022513416169562435
5612,deepsea,0.022513416169562435
12690,malprave,0.022513416169562435
14461,objectivesagent,0.022513416169562435
14060,nemeses,0.022513416169562435
21869,tub,0.02249061299541427
21436,tnam,0.02248279441272376
4911,corsair,0.02248279441272376
19828,ssive,0.02248279441272376
21297,thunderchief,0.02248279441272376
1130,airdefense,0.02248279441272376
666,a6,0.02248279441272376
12577,ma,0.02248279441272376
14750,operati,0.02248279441272376
667,a7,0.02248279441272376
220,1972,0.02248279441272376
18062,sabre,0.02248279441272376
12327,loadouts,0.02248279441272376
18571,sequential,0.02248279441272376
11960,launchin,0.02248279441272376
14717,ons,0.02248279441272376
23650,yankee,0.02248279441272376
19128,skyhawk,0.02248279441272376
7586,f8,0.02248279441272376
9651,hanoi,0.02248279441272376
217,19651968,0.02248279441272376
13215,migcap,0.02248279441272376
665,a4,0.02248279441272376
21033,thailand,0.02248279441272376
7578,f100,0.02248279441272376
11124,intruder,0.02248279441272376
7579,f105,0.02248279441272376
7232,essex,0.02248279441272376
22716,vietnames,0.02248279441272376
17396,reptile,0.022467604159940664
19733,spontaneous,0.022465512051726592
3328,c4,0.02246213687642727
19578,spark,0.02246213687642727
18943,signed,0.022452277011122616
19445,songsformat,0.022452277011122616
22381,upc712725003692,0.022452277011122616
19419,solos,0.022452277011122616
14214,no07015901,0.022452277011122616
11613,kelsi,0.022452277011122616
21429,titlefeatures,0.022452277011122616
16209,prestigious,0.022452277011122616
6655,earns,0.02244828883866854
16189,preserve,0.02244365143725679
17881,rondo,0.02240813171809179
2830,boil,0.022396492754131265
18631,severe,0.022396136904663428
5916,dexterity,0.022395788353080367
3782,chambers,0.02238422008333599
7491,explores,0.02237060825864405
16535,punching,0.022368084276673368
8257,followers,0.022365849681747464
11552,kanes,0.022357875580050406
9031,gla,0.022357875580050406
22013,ubisofts,0.02232717680237744
2737,blocked,0.022313595653933392
15141,paradise,0.022295500998282262
12301,liveaction,0.022289562980509776
23557,wristbands,0.02227774806671576
13484,momentumbased,0.02227774806671576
20779,taped,0.02227774806671576
9678,hardesthitting,0.02227774806671576
16249,primed,0.022261616518508442
8088,fixes,0.02225623188436599
13936,nary,0.02225623188436599
4441,commentaryit,0.02225623188436599
16997,rebounds,0.02225623188436599
18841,shouldnegotiations,0.022230463482178466
22139,underway,0.022230463482178466
1045,afunny,0.022230463482178466
17854,roleyou,0.022230463482178466
23743,yourskills,0.022230463482178466
10832,informationsin,0.022230463482178466
14810,orderedto,0.022230463482178466
9734,hatching,0.022230463482178466
15787,playmaneuver,0.022230463482178466
15696,planned2010,0.022230463482178466
22899,wakeup,0.022230463482178466
16856,rappelling,0.022230463482178466
7641,failproduct,0.022230463482178466
3342,cabrero,0.022230463482178466
19008,sincity,0.022230463482178466
7770,fastroping,0.022230463482178466
11241,isstraightforward,0.022230463482178466
10762,infernoreturn,0.022230463482178466
1312,amemory,0.022230463482178466
11226,isin,0.022230463482178466
11197,irina,0.022230463482178466
15731,playa,0.022230463482178466
10052,hightechequipment,0.022230463482178466
14105,nevada,0.022230463482178466
14276,nolonger,0.022230463482178466
1273,alvarez,0.022230463482178466
22595,vegasthere,0.022230463482178466
7125,entryblindcover,0.022230463482178466
21909,turningvegas,0.022230463482178466
20733,takeyou,0.022230463482178466
21129,theobservatory,0.022230463482178466
11931,lasthope,0.022230463482178466
21152,theseeds,0.022230463482178466
5316,custommaster,0.022230463482178466
20982,terriblywrong,0.022230463482178466
21220,thousandsmore,0.022230463482178466
21166,theworld,0.022230463482178466
2455,beingcreated,0.022225772302260468
1392,andmystery,0.022225772302260468
5294,cursedisland,0.022225772302260468
3318,bya,0.022225772302260468
15579,pillarspinning,0.022225772302260468
2632,birthplace,0.022225772302260468
5368,daggersprinting,0.022225772302260468
7815,fearsyou,0.022225772302260468
9752,havespawned,0.022225772302260468
21161,thetimelinehunted,0.022225772302260468
16187,presentproduct,0.022225772302260468
20389,sultans,0.022225772302260468
9723,hasalready,0.022225772302260468
9724,hasbeen,0.022225772302260468
10019,highlightsone,0.022225772302260468
12732,manipulation,0.022225772302260468
21149,thesands,0.022225772302260468
21190,thirds,0.022225772302260468
21710,travelpast,0.022225772302260468
10393,hurlhim,0.022225772302260468
21533,tosave,0.022225772302260468
21142,theresonly,0.022225772302260468
21147,therun,0.022225772302260468
14608,oftime,0.022225772302260468
7203,es,0.022225772302260468
5988,dim,0.022225772302260468
23731,youproduct,0.022225772302260468
4939,counsel,0.022225772302260468
6510,dropsyour,0.022225772302260468
1414,andthe,0.022225772302260468
21148,thesacred,0.022214770215064662
5471,daysafter,0.022214770215064662
10097,hissafety,0.022214770215064662
22525,valleyin,0.022214770215064662
17437,researchers,0.022214770215064662
5686,delighted,0.022214770215064662
9931,herintrepid,0.022214770215064662
22538,vampiresit,0.022214770215064662
21101,thelocation,0.022214770215064662
16257,princesfamily,0.022214770215064662
10101,historians,0.022214770215064662
17330,rennesle,0.022214770215064662
9029,gk3,0.022214770215064662
21100,thelions,0.022214770215064662
10386,hunterwe,0.022214770215064662
17331,renneslechateau,0.022214770215064662
17332,renneslechateaubut,0.022214770215064662
21640,trailgabriel,0.022214770215064662
18232,scam,0.022214770215064662
873,acurrently,0.022214770215064662
21458,tohobnob,0.022214770215064662
21861,truths,0.022214770215064662
23735,yourlevel,0.022214770215064662
5009,covetous,0.022214770215064662
3307,butwill,0.022214770215064662
14650,onceat,0.022214770215064662
3879,chateauthe,0.022214770215064662
18467,sect,0.022214770215064662
13562,morefrom,0.022214770215064662
18493,seemto,0.022214770215064662
5875,dethroned,0.022214770215064662
14385,nowfinally,0.022214770215064662
13866,mysterybased,0.022214770215064662
22337,unveiled,0.022214770215064662
2466,beliefthe,0.022214770215064662
11109,intrigueblood,0.022214770215064662
1420,andwinds,0.022214770215064662
11936,lasttheyre,0.022214770215064662
14871,ought,0.022214770215064662
8430,francein,0.022214770215064662
11372,jensens,0.022214770215064662
11266,itproduct,0.022214770215064662
17597,reviewers,0.022214770215064662
17756,ritters,0.022214770215064662
11663,kidnappers,0.022214770215064662
8676,gabrielwatches,0.022214770215064662
11371,jensen,0.022214770215064662
11176,invitinggabriel,0.022214770215064662
1080,aging,0.022207983710941185
507,51,0.022207631215957573
13227,miku,0.022197342533694875
7540,extortion,0.022190292092883965
18822,shorter,0.022189895869290058
20022,sticker,0.022188454187001057
20023,stickers,0.022188454187001057
14524,octavianus,0.022180461141574827
20317,subquests,0.022168111883949522
23435,wondrous,0.02212762601298804
3315,buzz,0.022121929210383095
19067,sizzle,0.02210684696730517
20552,susumu,0.02209959453514971
994,advisor,0.02209959453514971
23260,whup,0.02209959453514971
12899,matshushita,0.02209959453514971
14656,oncetrusted,0.02209959453514971
8763,gamesave,0.02209959453514971
8703,gallant,0.02209959453514971
18672,shambles,0.02209959453514971
18044,ryo,0.02208395443947709
11589,katosubscribe,0.022080999794072947
19681,spikes,0.02206037189671279
23702,yoshi,0.02205612434235089
13796,municipality,0.022027116508077225
7725,fared,0.022027116508077225
17516,resultant,0.022027116508077225
14875,outages,0.022027116508077225
22526,valleys,0.022027116508077225
5041,cranked,0.022027116508077225
5393,dams,0.022027116508077225
13649,mountaintop,0.022027116508077225
10699,increments,0.022027116508077225
10411,hydroelectric,0.022027116508077225
9690,hardwon,0.022027116508077225
3258,burgeoning,0.022027116508077225
14979,oversee,0.022027116508077225
6324,dos,0.022027116508077225
10333,hudakspotmedia,0.022027116508077225
8384,foulups,0.022027116508077225
1260,alteration,0.022027116508077225
13048,meltdown,0.022027116508077225
15400,permit,0.022027116508077225
16578,pursuers,0.022025613761881554
6560,duelists,0.022021002673397537
20256,stunningly,0.022017015858437895
14986,overtheshoulder,0.02201622366054354
12962,mcqueen,0.022006075939626547
16746,radiator,0.022006075939626547
15622,piston,0.022006075939626547
15927,polygons,0.022001755246500047
5510,dealing,0.021978829673612487
1127,aircrafts,0.021967542849694342
15932,pond,0.021946542168244106
5018,coyote,0.021946542168244106
5415,dankweed,0.021946542168244106
9171,goofing,0.021946542168244106
22917,walnut,0.021946542168244106
1102,aichi,0.021939341411226342
12604,maddoxs,0.021939341411226342
22028,uks,0.021939341411226342
5456,dauntless,0.021939341411226342
18223,sbd,0.021939341411226342
663,a20,0.021939341411226342
22164,unequaled,0.021939341411226342
4383,combatsimulation,0.021939341411226342
5357,d3a1,0.021939341411226342
22514,val,0.021939341411226342
9890,hellcat,0.021939341411226342
2548,betty,0.021939341411226342
8669,g4m2,0.021939341411226342
251,1c,0.021939341411226342
7585,f6f,0.021939341411226342
14619,okinawa,0.021939341411226342
20446,supermarine,0.021939341411226342
18407,seafire,0.021939341411226342
10501,il2style,0.021939341411226342
6268,doll,0.021928963795383578
8501,freq,0.02192188445104015
17648,rhythmaction,0.02192188445104015
16641,quarashi,0.02192188445104015
17296,remixes,0.02192188445104015
18003,rundmc,0.02192188445104015
17297,remixing,0.02192188445104015
2962,bowie,0.02192188445104015
5953,dieselboy,0.02192188445104015
182,182,0.02192188445104015
9600,hancock,0.02192188445104015
6711,eclectic,0.02192188445104015
9922,herbie,0.02192188445104015
7255,ethernetmodem,0.02192188445104015
15676,planescape,0.021915614834880318
11685,killorbekilled,0.021902726325030878
17822,rockin,0.021901708500496123
10405,hut,0.02189532064474229
14085,nestled,0.021878365936462828
1920,attempting,0.021871877789264804
15979,portaltm,0.021868925542374996
17847,rolebased,0.021868925542374996
5722,demoman,0.021868925542374996
1702,arming,0.021868925542374996
13968,naughty,0.021850467618004996
8336,forgot,0.02182198966342294
17508,restoring,0.021816378638036107
7307,everyones,0.02181150299714044
18035,ruthlessefficiency,0.021798567378131156
16273,prisonersin,0.021798567378131156
1876,athl,0.021798567378131156
2365,beachwood,0.021798567378131156
15453,petitions,0.021798567378131156
8000,financialclout,0.021798567378131156
10260,horsez,0.021798567378131156
6033,directorbeachwood,0.021798567378131156
2629,birdy,0.021798567378131156
10629,improveproduct,0.021798567378131156
21134,theother,0.021798567378131156
7172,equestrianschool,0.021798567378131156
23246,whoinhabits,0.021798567378131156
17674,ridding,0.021798567378131156
7274,evenchina,0.021798567378131156
23123,weekof,0.021798567378131156
10070,himgain,0.021798567378131156
17280,remedial,0.021798567378131156
23120,weekday,0.021798567378131156
23308,willhave,0.021798567378131156
21074,theend,0.021798567378131156
10984,intakeof,0.021798567378131156
675,abbey,0.021798567378131156
9754,havewanted,0.021798567378131156
8011,finestthoroughbredsmeanwhile,0.021798567378131156
15455,petitors,0.021798567378131156
1255,alsace,0.021798567378131156
5962,differentactivities,0.021798567378131156
21151,theschool,0.021798567378131156
20857,teammatesset,0.021798567378131156
11533,k6iii,0.021798567378131156
609,850mhz,0.021798567378131156
728,academyproduct,0.021798567378131156
13310,minimum,0.021798216048016524
176,17yearold,0.02179189538653413
232,1991,0.021777825487156437
19322,snes,0.021777825487156437
16637,quantities,0.021777708522366296
22932,wanting,0.021751849309704703
2954,bout,0.021730857664997247
20787,taras,0.02167987922778234
12265,linkable,0.02167987922778234
4261,cobis,0.02167987922778234
11398,jewels,0.021674772507094868
15950,popcap,0.021674772507094868
7879,fellows,0.021674772507094868
15612,pirahna,0.021674772507094868
18373,screensaver,0.021674772507094868
20623,swordfish,0.021674772507094868
8065,fishfood,0.021674772507094868
10925,insaniquarium,0.021674772507094868
1186,aliensfortunately,0.021674772507094868
15344,penny,0.021674772507094868
23837,zorf,0.021674772507094868
10114,hitech,0.021666508429698
3779,challenging,0.02165536281218464
3508,carcombat,0.021655046869662856
17361,replayable,0.021629784596722032
14183,nightvision,0.021613193001764355
13357,mismanagement,0.021603306324205488
7042,enjoys,0.021603306324205488
10726,individuallyincluding,0.021603306324205488
6904,empirewide,0.021603306324205488
15001,overwhelmingyoull,0.021603306324205488
15888,pointdefense,0.021603306324205488
19197,sliders,0.021603306324205488
894,addictiveexpect,0.021603306324205488
14886,outcomethe,0.021603306324205488
17224,relations,0.021603306324205488
10426,hyperspace,0.021603306324205488
19910,starfaring,0.021603306324205488
18149,sanctions,0.021603306324205488
9080,gloryisnt,0.021603306324205488
16316,productivity,0.021603306324205488
5578,declare,0.021603306324205488
16315,productive,0.021603306324205488
8615,functioning,0.021603306324205488
20824,taxes,0.021603306324205488
20974,terraforming,0.021603306324205488
7019,engrossed,0.021603306324205488
21910,turnlimits,0.021603306324205488
15916,polite,0.021603306324205488
22688,viceroy,0.021603306324205488
16159,premisechoosing,0.021603306324205488
10607,impose,0.021603306324205488
1493,antarans,0.021603306324205488
23500,wormholes,0.021603306324205488
3050,breakthrough,0.021601522750414735
1862,asunder,0.02159042193092541
11149,inventors,0.021577410208036205
4528,compliment,0.02157673691748283
8581,fulfilled,0.021551913778985392
471,44,0.02155043620840064
4374,combatants,0.021547928953619577
4222,clubhouse,0.021543366250419218
13650,mounted,0.021542760995700933
20939,temporary,0.021542672559479593
14034,needlessly,0.021524260157372983
3162,brutalize,0.021509555307822434
2992,brainbusters,0.021509555307822434
3979,chokeslams,0.021509555307822434
21294,thumbtacks,0.021509555307822434
5493,ddts,0.021509555307822434
15933,pondo,0.021509555307822434
12963,mdogg,0.021509555307822434
2777,bludgeon,0.021509555307822434
16354,prohibition,0.021509555307822434
18063,sabu,0.021509555307822434
8832,gashes,0.021509555307822434
16056,powerbombs,0.021509555307822434
17974,rudeboy,0.021509555307822434
16974,rearrange,0.021509555307822434
19554,spaces,0.021508907549569602
14343,nosgoth,0.021501772269830424
11183,involving,0.021493468651972953
1299,ambient,0.021493414262718714
15237,patches,0.02147768647033817
13912,nano,0.02147587088662058
5176,cromwell,0.02147587088662058
6715,ecological,0.02147587088662058
9232,grandest,0.02147587088662058
16152,prehistory,0.02147587088662058
8773,gamespycoms,0.02147587088662058
15607,pip,0.02147587088662058
15543,pictureinpicture,0.02147587088662058
6898,empireexpanding,0.02147587088662058
1206,alleviate,0.02147587088662058
3631,cataclysm,0.02147587088662058
20330,subterfuge,0.021474703281112187
7285,everevolving,0.021472221905008575
11518,junkyards,0.021462241105348206
14443,nyquist,0.021455884322639375
16702,rabbit,0.021434466743251626
12642,maid,0.021427138068969783
19979,stealthily,0.02142504261836831
18747,shifters,0.02142504261836831
3229,bulletsflying,0.02142504261836831
4933,cougar,0.02142504261836831
7197,errant,0.02142504261836831
12898,matrixstyle,0.02142504261836831
8780,gamesyou,0.02142504261836831
19211,slinking,0.02142504261836831
2544,betterknown,0.02142504261836831
13648,mountainside,0.02142504261836831
18254,scat,0.02142504261836831
5058,crate,0.02142504261836831
10421,hyperengrossing,0.02142504261836831
22095,unconscious,0.02142504261836831
10579,impediments,0.021420860364072772
14359,nothings,0.02141561186113294
23678,yep,0.02141561186113294
11342,java,0.02141561186113294
2692,blazingly,0.02141561186113294
19189,slicing,0.02141561186113294
13167,mic,0.02141561186113294
20592,sweltering,0.02141561186113294
22601,veggies,0.02141561186113294
7629,factoryfresh,0.02141561186113294
11562,karaokemad,0.02141561186113294
13168,miccontrolled,0.02141561186113294
2364,beachgoer,0.02141561186113294
178,180,0.02141561186113294
15759,playercreated,0.02140227339460863
11742,knockingout,0.02140227339460863
15912,policy,0.02140227339460863
8413,fractured,0.02140227339460863
21790,triples,0.02140227339460863
684,abilitiesfrom,0.02140227339460863
22201,unifies,0.02140227339460863
13991,nds,0.02139126683499241
3137,bros,0.02139069468677444
13885,n1,0.02138734171642541
10156,holland,0.021356322382733023
4795,controlsairdrop,0.021352379277783537
4381,combatready,0.021352379277783537
1131,airdrop,0.021352379277783537
19400,soldierdynamic,0.021352379277783537
22798,visualsengage,0.021352379277783537
4384,combattruetolife,0.021352379277783537
11599,keegan,0.021352379277783537
10002,highfidelity,0.021352379277783537
22571,varsity,0.021352379277783537
604,82nd,0.021352379277783537
17265,reloading,0.021352015835287844
22619,vein,0.021352015835287844
15795,playseries,0.021335129002485034
20161,streaks,0.021335129002485034
13301,minidiamond,0.021335129002485034
16136,predicts,0.021335129002485034
21827,trots,0.021335129002485034
23652,yanks,0.021335129002485034
1109,ailing,0.021335129002485034
7676,fameandrew,0.021335129002485034
3801,changeups,0.021335129002485034
11293,jacking,0.021330573219420574
14510,occupy,0.02130628944221737
1509,antics,0.021305349110272334
6486,driver,0.021296760115409024
5979,digitally,0.02128534755411049
13219,migs,0.02127680220309565
15303,peaks,0.02126054382795202
6706,eccoas,0.021259283851632813
19943,stately,0.021259283851632813
18427,seascapes,0.021259283851632813
6328,dotime,0.021259283851632813
21685,translucent,0.021259283851632813
2937,bottlenose,0.021259283851632813
18752,shimmering,0.021259283851632813
21919,turtles,0.021259283851632813
21139,therell,0.021259283851632813
23004,wasted,0.021259283851632813
6275,dolphinsincluding,0.021259283851632813
4708,conspired,0.021259283851632813
17233,relaxing,0.021259283851632813
4144,clearer,0.021259283851632813
14888,outcroppings,0.021259283851632813
18476,sedate,0.021259283851632813
17204,reinstate,0.021259283851632813
6564,duets,0.021247920638501772
5402,dances,0.021247920638501772
15770,playerspecific,0.021245251025005827
7277,evenly,0.02124407576395709
6143,disrupt,0.02124407576395709
4552,compute,0.02124387512671975
20239,studio,0.021242484829257703
17639,rex,0.021240920964724762
23762,yugi,0.021239003720594837
21779,triggers,0.021228664337580798
617,90,0.021204436664827728
8212,fluid,0.02120264148164879
16646,quarterbacks,0.02119603444773742
5425,darkcloud,0.021186810017222595
5591,decoys,0.021181410799368923
776,according,0.02117845635951049
20345,succeeded,0.021166923844390825
16885,raucous,0.02115104647935819
21959,twodimensional,0.021141465018910822
12316,lizards,0.021123689436179763
9739,haughty,0.021118381667697975
4664,conquerstyle,0.021118381667697975
2347,battlezone,0.021118381667697975
8788,gameyou,0.021118381667697975
5752,dependent,0.021118381667697975
4570,conceivable,0.021118381667697975
3842,characteryet,0.021118381667697975
3862,charnel,0.021118381667697975
4158,clichd,0.021118381667697975
15986,portray,0.021118381667697975
10852,infrequently,0.021118381667697975
20152,stratos,0.021118381667697975
2561,bicker,0.021118381667697975
22825,voiced,0.021118381667697975
2529,bestows,0.021118381667697975
23429,wonderfully,0.021112346134477135
5890,developer,0.021081533927144847
10283,hoth,0.021079762739411242
21706,traveled,0.021077412683664167
15156,parasite,0.0210702707119781
8620,fundamentals,0.02106239080781922
17281,remedied,0.02106239080781922
16412,protagonist,0.021060193087500532
22549,vanish,0.021033566442486572
13996,nearest,0.021033566442486572
19615,speciallytuned,0.021026246832565147
18039,rx78,0.02102451791493576
15582,piloted,0.02102451791493576
11649,khushrenada,0.02102451791493576
16261,principality,0.02102451791493576
19749,spot,0.021011772342592296
3350,caddies,0.02099554037160918
48,06ferrari,0.0209893660414106
57,07bmw,0.0209893660414106
9740,haul,0.020985078506180883
4949,counterintuitive,0.02097906695590393
17314,renaming,0.020971249702497665
12707,mand,0.02097002340078734
18905,sidecars,0.020955625401782443
7039,enjoyed,0.020933669821215806
23293,wilderness,0.020932643053177064
5559,deceptively,0.020924395497890356
5928,dialog,0.020920495816523887
12752,manuals,0.020918824309900247
21675,transforms,0.020918292093923187
9438,guarantees,0.020911254426275096
9945,heroism,0.02091096334951218
20302,subjugate,0.020902725167337054
17945,royalty,0.020902725167337054
1639,archadian,0.020902725167337054
5379,dalmasca,0.020902725167337054
16080,powerto,0.020891028254779235
23114,wedge,0.0208878541956286
3317,bwings,0.0208878541956286
20818,tauntauns,0.0208878541956286
3931,chewie,0.0208878541956286
3494,capturethebase,0.0208878541956286
9599,han,0.0208878541956286
2465,beliefs,0.02088067619467711
22563,variation,0.020878822643346968
16157,premiere,0.020871681491009656
20584,sweep,0.020870757048628917
17026,reclaim,0.020834558289930038
3337,cabbies,0.020797269145269203
3343,cabs,0.020797269145269203
20833,tazi,0.020797269145269203
13023,megabucks,0.020797269145269203
10855,infused,0.020797269145269203
3735,centralnow,0.020781749571114738
4796,controlyou,0.020781749571114738
5084,createafan,0.020781749571114738
14712,onlinetake,0.020781749571114738
13435,modeplayers,0.020781749571114738
10570,impacted,0.020781749571114738
21911,turnover,0.020781749571114738
16198,presnap,0.020781749571114738
16183,presentationyour,0.020781749571114738
20021,stickchange,0.020781749571114738
7919,fewer,0.020769060754081588
17113,reenact,0.02076249854986588
9246,grapefruit,0.020750680395139127
7918,feverishly,0.020750680395139127
2239,bark,0.02075023376093558
4310,collaborate,0.020745978697429734
20646,synchronized,0.020745978697429734
19902,star,0.02072196792038489
4779,contribute,0.020710642464634943
1484,annoying,0.02067681598313494
226,1985,0.02067315132374988
21393,timor,0.020670772088054404
17607,revive,0.02066228746349936
2058,awardwinner,0.020650904616368003
13837,mustplay,0.020645575270742567
22402,upgrading,0.020645295336208572
2897,booths,0.02064480449447566
11768,konamis,0.020625468635990442
5919,di,0.02062390797634115
3101,brilliantly,0.020620018830073104
6769,eggs,0.020605404412740207
734,acceleration,0.020572789263230043
6359,downloaded,0.02056188306936572
17358,replacing,0.020555193050014856
7483,exploratory,0.020547418374234586
13161,mgs4,0.02053793645868733
17499,restaurants,0.020528200884021353
18409,seahorse,0.02051212231884606
10105,histories,0.02048496857862243
13554,morally,0.020483635453739213
6117,disney,0.020468032504642176
22678,vibe,0.020453407340880563
15190,particular,0.02045255179036289
14776,opt,0.020444489096895994
22302,unrest,0.020444489096895994
13243,militarily,0.020444489096895994
11029,interacts,0.020444489096895994
6880,emerging,0.02043460801456531
2029,avenged,0.020427289212762174
8506,fresh,0.020427024383993825
17201,reinforce,0.020422463143645084
16853,rapier,0.020404917524641426
12808,marley,0.020404917524641426
5727,demonpirate,0.020404917524641426
6327,dot,0.020385074998158087
6592,dutch,0.0203705257883161
2231,barbed,0.020355768071127853
23360,wire,0.020355768071127853
18167,sanity,0.020346280664563395
16880,ratingt,0.020339751862786647
3625,castro,0.020334289495700222
8982,ghoststhe,0.020334289495700222
9748,havana,0.020334289495700222
2510,beretsare,0.020334289495700222
6517,drugfunded,0.020334289495700222
14483,observe,0.020324063717187865
2984,brad,0.020316507302321905
11045,intergalactic,0.02031412481595155
14386,nowhes,0.020300589110139364
15690,planetslife,0.020300589110139364
6363,downonhisluck,0.020300589110139364
16121,predator,0.020300589110139364
15962,populates,0.020300589110139364
18191,satiate,0.020300589110139364
794,acertain,0.020300589110139364
19706,spiritwalk,0.020300589110139364
1381,andhundreds,0.020300589110139364
441,3hour,0.020300589110139364
16605,puzzlesproduct,0.020300589110139364
21476,tommys,0.020300589110139364
9234,grandfather,0.020300589110139364
8795,gamplay,0.020300589110139364
1786,aspace,0.020300589110139364
21023,texassized,0.020300589110139364
21131,theorganic,0.020300589110139364
20847,teachingsand,0.020300589110139364
9655,happend,0.020300589110139364
11369,jenny,0.020300589110139364
13959,nativeamericans,0.020300589110139364
5529,deathwalk,0.020300589110139364
21165,theunthinkable,0.020300589110139364
7799,favorproduct,0.020300589110139364
17447,reservationtommy,0.020300589110139364
15686,planetoids,0.020300589110139364
15978,portalsfreeing,0.020300589110139364
10827,informationprey,0.020300589110139364
23247,whoknowswhere,0.020300589110139364
6677,easilyproduct,0.020300589110139364
19560,spacewarping,0.020300589110139364
10096,hisgrandfather,0.020300589110139364
21041,thatcannot,0.020300589110139364
8172,flipped,0.020300589110139364
22025,uk,0.02030053918787349
18094,sagas,0.0202905305251253
12060,leisurely,0.020290364483893347
13466,moes,0.020290364483893347
9325,greedy,0.020290364483893347
18346,scour,0.020279799016667176
1561,apparent,0.02027273708476256
14194,ninetynine,0.02027254135875167
22292,unrealistic,0.020268825635494484
3385,californian,0.020229592911781023
16033,postures,0.020229592911781023
6610,dwelling,0.020229592911781023
16029,postnuclearwar,0.020229592911781023
7669,fallouts,0.020229592911781023
18638,sexual,0.020229592911781023
5894,developments,0.020229592911781023
19285,smg,0.020229592911781023
9306,grease,0.020229592911781023
18326,scorcher,0.020229592911781023
12573,m72,0.020229592911781023
3681,caws,0.020229592911781023
22584,vault13,0.020229592911781023
12569,m3a1,0.020229592911781023
12451,louisville,0.020229592911781023
19248,slugger,0.020229592911781023
18523,selfsufficient,0.020229592911781023
13351,misfits,0.020229592911781023
8850,gauss,0.020229592911781023
4650,connections,0.02022257053073535
10828,informationrequires,0.02021402941224287
7653,fairy,0.02021002040684142
16738,radata,0.02021002040684142
17691,ridley,0.02021002040684142
166,16th,0.02021002040684142
929,admires,0.02021002040684142
18896,sicily,0.020207021994112256
473,450,0.020193725358267
8193,florence,0.02019242666772295
6732,edinburgh,0.02019242666772295
5302,curves,0.020190696089711867
15069,painful,0.02018990174441642
17692,rife,0.020187682955316692
21872,tucked,0.02018723054269207
10349,hulks,0.020185553233484792
10347,hulkbusters,0.020185553233484792
694,abomination,0.020185553233484792
7299,everthe,0.020185553233484792
16552,puppies,0.020180695855064636
5850,detachable,0.02016652390470764
20826,taxicab,0.02016652390470764
11039,interface90,0.02016652390470764
1202,allconsuming,0.02016652390470764
14136,newtonian,0.02016652390470764
8217,flux,0.02016652390470764
17913,rotting,0.02016652390470764
18028,rust,0.02016652390470764
22576,vaster,0.02016652390470764
2148,badlands,0.02016652390470764
19557,spacesim,0.02016652390470764
1444,angular,0.02016652390470764
3754,cgi,0.02016652390470764
4555,computerassisted,0.02016652390470764
8221,flybywire,0.02016652390470764
13997,nearinfinite,0.02016652390470764
17912,rotational,0.02016652390470764
1697,armaments,0.02014915003770161
10047,highscore,0.020138428976823802
22873,vulgus,0.020138428976823802
7395,exes,0.020138428976823802
13097,mercs,0.020138428976823802
7389,exed,0.020138428976823802
17558,retrospective,0.020138428976823802
9981,higemaru,0.020138428976823802
2611,bionic,0.020138428976823802
10418,hyperactive,0.02011892043821225
1585,apply,0.020113591837487205
3239,bumped,0.020109608072802765
1471,annihilate,0.020100807582365637
15656,placed,0.020100103279259488
11458,journeyacross,0.020083291327704055
13084,mephisto,0.020083291327704055
21851,trump,0.020077370077496205
9882,helghast,0.020058065241399834
20240,studiograde,0.020058065241399834
14505,occlusion,0.020058065241399834
22800,vitality,0.0200524580865324
16226,prevents,0.0200524580865324
12020,leatherclad,0.0200524580865324
23432,wonderlandesque,0.0200524580865324
2258,barrier,0.020029677227080104
20708,tai,0.020025146041507385
10876,inhome,0.020025146041507385
1006,aerobics,0.020025146041507385
3473,capoeira,0.020025146041507385
23693,yoga,0.020025146041507385
6264,dojo,0.020025146041507385
23795,zen,0.020025146041507385
12367,loft,0.020025146041507385
8587,fullinteractive,0.020025146041507385
12029,ledge,0.02000722599460966
3030,brawling,0.019997205659581872
3714,cellshaded,0.019993152100898668
11650,ki,0.019993152100898668
2856,bona,0.019985576419622474
23137,weirder,0.019985576419622474
8389,fountains,0.019985576419622474
7935,fide,0.019985576419622474
355,2d,0.019984149425899878
1968,auditory,0.019978938419461034
13170,michaels,0.019959050624507146
14091,nets,0.019950762119820362
1852,aston,0.019945094910186624
6386,drag,0.019932431334986157
23450,woostyle,0.01992673099500004
23532,wrapped,0.01991528611631062
22819,vocals,0.019911661627283708
21356,timeand,0.01990491445808162
9798,headsets,0.019890143328111683
9386,groundbased,0.019890143328111683
15684,planetbyplanet,0.019890143328111683
1902,atst,0.019890143328111683
13586,morphs,0.01987434600424292
16283,prizes,0.019869325182994967
21902,turmoil,0.019866222103834593
20938,temporarily,0.019854388126652994
9783,headers,0.019851625586138077
16631,qualification,0.019851625586138077
1598,approached,0.019850569919827466
9270,graphicsnot,0.019846342781125157
13931,narrativedriven,0.019843428620570456
1801,assailants,0.019832350143626314
5870,determines,0.01981348258720193
1291,amazoncom,0.019811753726318784
7153,epicsized,0.0198019708970688
5813,desire,0.0197991308129562
16758,rag,0.019798224419746664
7990,filters,0.019797828539296337
16672,quicker,0.019776586082287762
11967,lavish,0.019765075339864296
10402,husky,0.0197588202767688
4637,confusion,0.019754698620050356
9036,gladiatorstyle,0.019745821286493517
12893,mates,0.019732427453990432
21140,thereof,0.019732427453990432
2473,belka,0.019732427453990432
2905,bordering,0.019732427453990432
17628,reward,0.019725431066297473
23014,watching,0.01971035135442175
8141,fled,0.019707700922521276
14287,nonetheless,0.019696162491385515
22177,unfamiliarity,0.019696162491385515
2337,battlenet,0.019689524736985067
13738,multibillion,0.01968702192675883
20322,subsides,0.01968702192675883
11070,interrupts,0.01968702192675883
19700,spirals,0.01968702192675883
18632,severed,0.01968702192675883
16109,preceding,0.019684127376092004
18107,sakimoto,0.019661966914319384
20289,styluswide,0.019661966914319384
999,aegyl,0.019661966914319384
10120,hitoshi,0.019661966914319384
3347,cactuars,0.019661966914319384
13978,navigator,0.019661966914319384
21748,trespassers,0.019661966914319384
14652,oncehidden,0.019661966914319384
7923,ffxii,0.019661966914319384
15051,pacts,0.019661966914319384
12066,lemures,0.019661966914319384
15335,penelo,0.019661966914319384
21724,treasureseeking,0.019661966914319384
8713,gambits,0.019661966914319384
23393,withnew,0.019661966914319384
3972,chocobos,0.019661966914319384
1458,animationallnew,0.019661966914319384
20105,storymodified,0.019661966914319384
12321,llyud,0.019661966914319384
23617,xiis,0.019661966914319384
4964,countryevents,0.0196496464749211
6446,dreamsproduct,0.0196496464749211
10259,horsewindows,0.0196496464749211
10797,informationcongratulations,0.0196496464749211
17690,ridingschool,0.0196496464749211
11154,investigate,0.019630030887783576
2919,borrow,0.019614086117548363
23102,weave,0.019600968551321738
20942,tenacious,0.019596806926163494
20316,subplots,0.01959345300611811
7148,eowyn,0.01954446463029132
11367,jenkins,0.019525315813392907
19796,squabble,0.01951677073501297
16642,quarrels,0.01951677073501297
19323,snickering,0.01951677073501297
12411,lookout,0.019495402579407583
18340,scotlands,0.019480681617018183
14976,overridden,0.019480681617018183
2993,brainchild,0.019480681617018183
831,actiondriving,0.019480681617018183
20427,supercops,0.019480681617018183
13142,meticulous,0.019480681617018183
2307,baton,0.019477427038300393
3183,buckles,0.019453832593230677
19834,stables,0.019453832593230677
753,accessorize,0.019453832593230677
13295,miniadventures,0.019453832593230677
4893,corral,0.019453832593230677
12713,manes,0.019453832593230677
18075,saddles,0.019453832593230677
21993,typing,0.019452141477641332
15105,palmsweating,0.019452141477641332
2447,behemoths,0.019452141477641332
22294,unrealtv,0.019452141477641332
9664,harass,0.019452141477641332
9508,gunsreload,0.019452141477641332
9891,hellions,0.019452141477641332
3149,browser,0.019452141477641332
11236,isntmore,0.019452141477641332
23601,xan,0.019452141477641332
20883,technoarenas,0.019452141477641332
16449,proxy,0.019452141477641332
19300,smorgasbord,0.019452141477641332
12971,meaner,0.019452141477641332
12549,luxuryrevup,0.019452141477641332
7116,entrants,0.019452141477641332
21123,themunreal,0.019452141477641332
12866,masterfully,0.019452141477641332
20886,technogladiator,0.019452141477641332
2253,barreling,0.019452141477641332
8415,fragdealing,0.019452141477641332
1501,anti,0.019452141477641332
1685,arid,0.019452141477641332
1267,altfire,0.019452141477641332
15650,pixomatic,0.019452141477641332
14781,optimizationsthe,0.019452141477641332
17318,renderer,0.019452141477641332
6130,disperses,0.019452141477641332
7704,fanfavorite,0.019452141477641332
11890,laptop,0.019452141477641332
1706,armorplated,0.019452141477641332
12679,malcolm,0.019452141477641332
6236,docking,0.019452141477641332
2721,bliss,0.019452141477641332
1998,authors,0.019452141477641332
22913,walldodging,0.019452141477641332
17702,rightclick,0.019452141477641332
2041,avril,0.019452141477641332
11789,kriegor,0.019452141477641332
19081,skeletal,0.019441813998084888
10502,ilink,0.019441813998084888
8045,firewire,0.019441813998084888
4697,consolefriendly,0.019441813998084888
3993,chord,0.019441813998084888
8297,forcegiven,0.019441813998084888
12804,markets,0.019441813998084888
23070,weaned,0.019441813998084888
13699,mrated,0.019441813998084888
5913,devouring,0.019416482815094362
8691,gains,0.019407945472940374
19947,static,0.019400352180418905
10279,hotd,0.01937602342187614
21187,thirdparty,0.01937602342187614
5678,delay,0.01935953279786385
18969,similar,0.019329203297422395
19781,spun,0.01931376341034608
10587,imperialwalker,0.019302018145175227
3768,chairs,0.019293077198069927
17872,romans,0.01927965674545632
23812,zit,0.01927965674545632
2478,bellic,0.01927965674545632
5955,diet,0.019276482713431575
23603,xbox360,0.019272361221593776
2835,boldly,0.019271982626031737
6807,electromagnetic,0.019268851541617404
4515,complaints,0.019260835800009035
13443,modernwar,0.01925736820172399
16382,propaganda,0.01925736820172399
19954,stattracking,0.01925736820172399
19730,sponsored,0.01925736820172399
10291,hotswap,0.01925736820172399
9834,heatseaking,0.01925736820172399
14478,obscured,0.01925736820172399
331,24player,0.01925736820172399
13378,missles,0.01925736820172399
12289,lit,0.019247620441496784
18059,sabotaging,0.019243544829222935
229,1987,0.0192294413508487
19505,soundgreat,0.019213817707904014
16332,profound,0.01921303637003774
8326,forewarned,0.01921303637003774
22300,unresolved,0.01921303637003774
17028,reclusive,0.01921303637003774
4625,conflictsa,0.01921303637003774
3695,ceilings,0.01921165234866973
3533,cares,0.01921165234866973
14472,oblivious,0.01921165234866973
5809,designers,0.019204725898560406
6722,eddie,0.019196916139094862
145,1500,0.019195023802635044
11006,intend,0.019190435831426454
125,12th,0.019190435831426454
110,1191,0.019190435831426454
20482,suppressing,0.019190435831426454
10073,hinder,0.019190435831426454
18036,ruthlessness,0.019190435831426454
1258,altair,0.019190435831426454
10274,hostilities,0.019190435831426454
7505,exposed,0.019187858561364082
7638,fail,0.019183086129242667
12879,matched,0.01917868243709447
11557,kansas,0.019175707589857365
12568,m3,0.019174995174015885
3031,brawls,0.019165646044787727
12356,lockon,0.01915944464228224
1791,asphaltcovered,0.01915739777200262
16735,rad,0.01915739777200262
16762,rageinspired,0.01915739777200262
5350,cylinders,0.01915739777200262
9354,grimms,0.01915739777200262
7710,fantasies,0.01915739777200262
5779,derbies,0.01915739777200262
22604,vehiclemounted,0.01915739777200262
5748,departs,0.01915739777200262
21435,tm,0.01915739777200262
9076,glories,0.01915739777200262
19087,skid,0.01915739777200262
16177,prequels,0.01915739777200262
3577,carsmashing,0.01915739777200262
20922,televised,0.019141414256645416
10545,imitation,0.019141414256645416
23686,yevgeny,0.019141414256645416
9815,heaps,0.019141414256645416
9688,hardtop,0.019141414256645416
22045,ultrasmooth,0.019141414256645416
12332,lobs,0.019141414256645416
1050,agassi,0.019141414256645416
22056,umps,0.019141414256645416
996,advisory,0.019141414256645416
23424,womens,0.019141414256645416
15936,pongstyle,0.019141414256645416
2451,behindtheshoulder,0.019141414256645416
13693,moy,0.019141414256645416
1629,arcadenot,0.019141414256645416
23681,yesteryear,0.019141414256645416
18137,sampras,0.019141414256645416
21277,throughthelegs,0.019141414256645416
9091,glued,0.019141414256645416
13381,mistaken,0.019141414256645416
4980,courier,0.019141414256645416
4134,clay,0.019141414256645416
14456,objectionable,0.019141414256645416
2182,ballbounce,0.019141414256645416
11537,kafelnikov,0.019141414256645416
2123,backhand,0.019141414256645416
21569,touring,0.019141414256645416
4623,conflicting,0.01912419469361714
7765,fastforwarding,0.01912419469361714
11528,justifiably,0.01912419469361714
22501,vacations,0.01912419469361714
7764,fastforward,0.01912419469361714
8089,fixing,0.01912419469361714
1189,aligned,0.01912419469361714
19838,stacking,0.01912419469361714
14688,onestory,0.01912419469361714
3772,challengekeeping,0.01912419469361714
11560,karan,0.01911458883639348
14622,oldest,0.01911458883639348
10057,hiigara,0.01911458883639348
15486,phenomenasome,0.01911458883639348
20328,subsystems,0.01911458883639348
19068,sjet,0.01911458883639348
7410,exiles,0.01911458883639348
5154,crippled,0.01911458883639348
8526,frigate,0.01911458883639348
19549,spacegiant,0.01911458883639348
5406,dangeradd,0.01911458883639348
13465,modules,0.01911458883639348
15123,panning,0.01911458883639348
9684,hardships,0.01911458883639348
14011,nebulaepulse,0.01911458883639348
11586,katia,0.01910178537682683
1682,argwyll,0.01910178537682683
10273,hostiles,0.019101239379851986
7871,fehlauer,0.01909466774924144
8495,freighters,0.019084777640501177
22108,undeniably,0.019078214451512674
23155,welldeveloped,0.01907367249309872
21808,trojan,0.019058190186179356
4941,counter,0.019047573997836083
19175,sleep,0.019043733128702514
14172,nightlife,0.01904124387405693
4404,comers,0.019011961591871705
17005,recall,0.01900593379268926
17373,replicate,0.01899811901075459
23253,whoop,0.018971781172628203
21032,thai,0.018971781172628203
23241,whittle,0.018971781172628203
13712,muay,0.018971781172628203
9133,goh,0.018971781172628203
11479,judo,0.018971781172628203
16632,qualify,0.018971781172628203
12589,machinery,0.018970717917337822
23309,william,0.018964114484148486
1134,airout,0.01895864070633834
9637,handtoball,0.01895864070633834
19942,stategy,0.01895864070633834
3015,braodcast,0.01895864070633834
12528,lunge,0.01895864070633834
19746,sportstm,0.01895864070633834
16197,presis,0.01895864070633834
1355,analyzes,0.018950983248695052
20175,strengthen,0.018946671223935976
8338,forhire,0.01893194079891403
7520,exspetsnaz,0.01893194079891403
20691,tact,0.01893194079891403
1831,assisting,0.01893194079891403
6103,dishonor,0.01893194079891403
478,47,0.01893194079891403
16036,potatoes,0.018930863161666006
3308,buu,0.018920705044511592
10414,hyjal,0.018918225101026587
12355,locking,0.018916063071950807
8634,fur,0.018913964967628177
20983,terrier,0.01890896986246023
18730,shepherd,0.01890896986246023
3951,chile,0.018902961973648456
12536,lurking,0.018895433767389058
12231,limitations,0.01889371096007555
18636,sex,0.018892254586327695
22083,unchanged,0.01888517143183468
20081,storied,0.018870017683911
11101,intoxicating,0.01886931484476583
11758,kobe,0.018857994547616004
10700,incurred,0.018857994547616004
6408,drain,0.018857994547616004
4934,couldve,0.018857994547616004
14723,onthecourt,0.018857994547616004
19764,sprewell,0.018857994547616004
6099,disgust,0.018857994547616004
11019,intentionally,0.018857994547616004
17496,restarted,0.018857994547616004
7619,facsimile,0.018857994547616004
3906,cheers,0.018857994547616004
1072,aggravate,0.018857994547616004
8530,frighteningly,0.018857994547616004
2289,basketballsimulation,0.018857994547616004
4289,cohesion,0.018857994547616004
8009,finessebased,0.018857994547616004
6242,document,0.018857994547616004
18329,scoreand,0.018857994547616004
9836,heave,0.018857994547616004
6028,directionpassing,0.018857994547616004
23154,welldetailed,0.018857994547616004
2109,backboardbreaking,0.018857994547616004
11945,latrell,0.018857994547616004
3169,bryant,0.018857994547616004
5683,delicious,0.018857994547616004
9622,handler,0.018857994547616004
19644,speedups,0.018857994547616004
7333,ewing,0.018857994547616004
16032,postseason,0.018857994547616004
16218,prettiest,0.018857994547616004
12538,luscious,0.018857994547616004
9106,goalies,0.018840916921384395
1303,ambitions,0.018837915744877327
16119,precursor,0.018828668149820506
4754,continent,0.01882667106469064
21280,throwback,0.01881971229021069
9608,handedly,0.018816213351155346
19366,soars,0.018816213351155346
14216,no1,0.018816213351155346
3827,charactersall,0.018811996113496463
20455,supersleuth,0.018811996113496463
9973,hideand,0.018811996113496463
11850,lakeside,0.018811996113496463
17748,risen,0.018811996113496463
8148,fleshandblood,0.018811996113496463
698,abounds,0.018809994731795107
18622,setup,0.018801422156014342
22536,vampireproof,0.0188003570206548
15306,peasant,0.0188003570206548
19459,soontobedead,0.0188003570206548
9925,herds,0.0188003570206548
12540,lushly,0.0188003570206548
22570,variously,0.0188003570206548
17884,rooftopand,0.0188003570206548
17045,reconquer,0.0188003570206548
7861,feedleaping,0.0188003570206548
4188,cloaked,0.0188003570206548
5398,dancelike,0.0188003570206548
459,40000setting,0.01879220073971121
22249,unleashingmassive,0.01879220073971121
16485,psyker,0.01879220073971121
11268,itsdisposal,0.01879220073971121
23468,workshops,0.01879220073971121
18671,shalt,0.01879220073971121
11217,isadorakios,0.01879220073971121
458,40000dawn,0.01879220073971121
17961,rtshundreds,0.01879220073971121
5429,darkfuture,0.01879220073971121
11187,inyour,0.01879220073971121
21103,themalevolent,0.01879220073971121
1980,austerespace,0.01879220073971121
23745,yoursquads,0.01879220073971121
5364,daemons,0.01879220073971121
1410,andsoon,0.01879220073971121
7933,fictionbat,0.01879220073971121
12711,mander,0.01879220073971121
14675,onemandmentthou,0.01879220073971121
13396,mixedforces,0.01879220073971121
16718,racescommand,0.01879220073971121
1527,antivehicle,0.01879220073971121
1516,antipersonnel,0.01879220073971121
2341,battlescarred,0.01879220073971121
20305,submander,0.01879220073971121
896,addingheavy,0.01879220073971121
22956,wargeardesigned,0.01879220073971121
2322,battlefieldfour,0.01879220073971121
8400,fourraces,0.01879220073971121
19551,spacemarine,0.01879220073971121
16850,rapidfiring,0.01879220073971121
20675,tableau,0.01879220073971121
10023,highlightssquadbased,0.01879220073971121
10839,informationwarhammer,0.01879220073971121
2415,beforeclosing,0.01879220073971121
23238,whitehot,0.01879220073971121
8674,gabrielangelos,0.01879220073971121
14838,orkseldar,0.01879220073971121
14836,ork,0.01879220073971121
20699,tacticscommand,0.01879220073971121
15711,platartarus,0.01879220073971121
8657,futuregothic,0.01879220073971121
1696,armament,0.01879220073971121
3811,chaoswele,0.01879220073971121
767,accompany,0.018792148673352726
16659,question,0.01878862476157448
6863,emblem,0.018786770632660876
9536,hackandslash,0.018786144569931384
2795,bmovies,0.018782578447992773
5614,def,0.018777735098334098
13402,miyu,0.01877021120348657
14863,otori,0.01877021120348657
20907,teenage,0.018757388478179995
17141,reformed,0.018751246595746365
10903,innocent,0.01874430391807867
7659,fake,0.01873246402374031
6891,emotions,0.018715412128935516
3266,burning,0.018714375506809794
21766,trickier,0.018698893490888532
1017,affairs,0.018675304370698323
18947,signing,0.018672777169233573
4373,combata,0.018658442368641434
13280,mindnumbing,0.018658442368641434
23676,yelling,0.018658442368641434
20541,suspend,0.018658442368641434
9496,gunplayraven,0.018658442368641434
12769,maprainbow,0.018658442368641434
519,57,0.018658442368641434
10698,incremental,0.018658442368641434
4278,codenamed,0.018658442368641434
10157,holler,0.018658442368641434
6065,disbeliefa,0.018658442368641434
1106,aidriven,0.018658442368641434
20765,tango,0.018658442368641434
19978,stealthier,0.018658442368641434
2235,barebones,0.018658442368641434
10749,inexplicably,0.018658442368641434
15604,pioneered,0.018658442368641434
7213,eschews,0.018658442368641434
15806,playthere,0.018658442368641434
4317,collapsing,0.018658442368641434
22213,uninterrupted,0.018655233007369668
7439,expatriate,0.01859207236861747
13212,mielke,0.01857663142710308
5601,deemed,0.018566699721636732
21145,thermo,0.018566699721636732
17548,retreats,0.018566699721636732
18651,shadowfilled,0.018566699721636732
20517,surroundingsand,0.018566699721636732
20572,swatturn,0.018566699721636732
18661,shaft,0.018566699721636732
19975,stealthbattle,0.018566699721636732
5745,deny,0.018566699721636732
20995,terrordriven,0.018566699721636732
14324,norman,0.018566699721636732
1681,argus,0.018566699721636732
22270,unofficial,0.018566699721636732
19382,sodano,0.018566699721636732
3818,characterdriven,0.018566699721636732
18078,sadono,0.018566699721636732
17444,resentment,0.018566699721636732
16936,readypandora,0.018566699721636732
10954,installs,0.018566699721636732
19489,soth,0.018566699721636732
13247,militias,0.018566699721636732
4536,composers,0.018566699721636732
11312,jakarta,0.018566699721636732
21652,traitor,0.018566699721636732
4590,concertone,0.018566699721636732
1491,antagonists,0.018566699721636732
13115,mesmerized,0.018566699721636732
16931,readiness,0.018566699721636732
9253,graphicallyrich,0.018566699721636732
11214,irving,0.018566699721636732
1526,antius,0.018566699721636732
23741,yourselfrevolutionary,0.018566699721636732
21394,timorese,0.018566699721636732
18353,scpt,0.018566699721636732
20341,subverted,0.018566699721636732
16427,prototypes,0.018566699721636732
21229,threatat,0.018566699721636732
11854,lambert,0.018566699721636732
4030,ciatrained,0.018566699721636732
11470,jt,0.018566699721636732
23156,welldirected,0.01855991158032578
21995,tyrannosaur,0.01855991158032578
243,1999and,0.01855991158032578
16892,ravenous,0.01855991158032578
16775,raiderand,0.01855991158032578
3874,chasms,0.01855991158032578
2523,bestforgotten,0.01855991158032578
14384,nowfamous,0.01855991158032578
13546,moore,0.01855991158032578
1520,antiquities,0.01855991158032578
5175,croftfamous,0.01855991158032578
5705,demanded,0.01855991158032578
11445,jonesthink,0.01855991158032578
11107,intricately,0.01855991158032578
5711,demi,0.01855991158032578
21309,tibetan,0.01855991158032578
17365,replaymoderate,0.018559456424718488
15903,poker,0.018534409762878616
13787,multiverse,0.018526252924345447
6235,dock,0.018525770471110804
19468,sora,0.018512295148833152
5296,cursor,0.01850263993210662
15734,playabilityfamiliar,0.018463794006634678
4513,complaining,0.018463794006634678
2124,backhanded,0.018463794006634678
12358,lockpicker,0.018463794006634678
19458,soontobe,0.018463794006634678
10242,horrifically,0.018463794006634678
8318,foresight,0.018463794006634678
4435,commences,0.018463794006634678
10355,humancontrolled,0.018463794006634678
18392,sculpt,0.018463794006634678
9587,hammers,0.018463794006634678
20031,stiffness,0.018463794006634678
21928,tvirus,0.018463794006634678
12855,masonsubscribe,0.018463794006634678
13766,multiplayerconcepta,0.018463794006634678
13791,munched,0.018463794006634678
8880,gemrated,0.018463794006634678
23138,weirdly,0.018463794006634678
12837,marveling,0.018463794006634678
19179,sleepless,0.018463794006634678
7089,entertainmententertaining,0.018463794006634678
17477,respawn,0.018463794006634678
23211,wheres,0.018463794006634678
4880,cornerstone,0.018463794006634678
4848,coordinating,0.018463794006634678
12353,lockers,0.018463794006634678
6361,downloads,0.018456459483627563
11122,introductory,0.01845601503956616
9166,goodness,0.018439038391889703
834,actionexplorationfightingdriving,0.018435243925739742
23563,writingdirecting,0.018435243925739742
19504,soundfx,0.018435243925739742
10896,inmovie,0.018435243925739742
21975,tx,0.018433210984923953
5335,cyberdyne,0.018433210984923953
299,2023,0.018433210984923953
4655,connor,0.018433210984923953
6131,displacement,0.018433210984923953
20670,t100,0.018433210984923953
20889,technologically,0.018433210984923953
21057,theatrical,0.018433210984923953
6053,disappointing,0.018430153796301994
20571,swats,0.01842206260403248
7661,fakeout,0.01842206260403248
10433,ia,0.01842206260403248
22418,upsets,0.01842206260403248
521,59,0.01842206260403248
17102,redshirt,0.01842206260403248
17147,refuse,0.018415563387727416
4614,configurable,0.0184087155130807
21777,triggered,0.0184087155130807
19543,spacebased,0.0184087155130807
11192,ip,0.0184087155130807
5545,decals,0.0184087155130807
4331,collector,0.018402134339015684
19132,skyrise,0.018402134339015684
1545,apartment,0.018402134339015684
5475,daywith,0.018402134339015684
23844,zurgbut,0.018402134339015684
19212,slinky,0.018402134339015684
9586,hamm,0.018402134339015684
12534,luring,0.018402134339015684
6119,disneypixars,0.018402134339015684
2547,betterthanaverage,0.018402134339015684
15562,piggy,0.018402134339015684
20059,stomp,0.018402134339015684
16203,pressing,0.018399115830014006
21295,thumping,0.018398941267596385
4199,close,0.018384464106329473
7380,excursion,0.01837943241691287
6657,ears,0.018377418921635046
13068,menacing,0.01837213048008375
2982,bra,0.018370400569458097
7811,fearing,0.018353872871586123
17910,rotating,0.018351846994627087
434,3dscrolling,0.01834730539704588
7509,exposure,0.018302628008904556
1174,alex,0.018301486969004428
22421,uptempo,0.018296602736288168
8244,foils,0.018285044129839747
6305,doomarang,0.018285044129839747
17110,reefs,0.018285044129839747
8555,frostyrang,0.018285044129839747
3590,cartoonlike,0.018285044129839747
8111,flamorang,0.018285044129839747
5389,damn,0.018280058704807013
11110,intrigueincludesthe,0.018278257710178453
21081,theforever,0.018278257710178453
19423,solutionguideforever,0.018278257710178453
11885,lanser,0.018278257710178453
21276,throughsurreal,0.018278257710178453
914,adifferent,0.018278257710178453
10841,informationwhen,0.018278257710178453
21154,thesidethere,0.018278257710178453
23493,worldstake,0.018278257710178453
17465,resol,0.018278257710178453
7530,extentof,0.018278257710178453
1364,andbeauty,0.018278257710178453
11460,journeyproduct,0.018278257710178453
23433,wonderous,0.018278257710178453
7275,evenhappens,0.018278257710178453
14299,nonparallel,0.018278257710178453
23392,withminimum,0.018278257710178453
4604,condors,0.018278257710178453
14300,nonparalleldimensions,0.018278257710178453
13401,mixwith,0.018278257710178453
9458,guideis,0.018278257710178453
22770,virtool,0.018278257710178453
13877,mythictree,0.018278257710178453
122,12gb,0.018278257710178453
11295,jacklanser,0.018278257710178453
11042,interfaces,0.018278257710178453
9805,headwaters,0.018278257710178453
9806,headwaterswhile,0.018278257710178453
13817,mushroom,0.018266783516175413
9279,grapple,0.0182592187863405
15908,poles,0.018255375679297216
3941,chiefs,0.01824295047170428
1735,arsenals,0.018224389738445892
22831,voip,0.018224389738445892
10519,illusions,0.018224389738445892
22815,vmu,0.018213658977030336
8202,flower,0.018203487066913528
1829,assistance,0.01819632151377128
13204,midride,0.01819586364807952
21380,timesaving,0.01819586364807952
9870,heinously,0.01819586364807952
21974,twowheel,0.01819586364807952
4628,confound,0.01819586364807952
8142,fledgling,0.018193218918589136
12424,loot,0.018189044049233685
12923,maximize,0.018182495168093265
10679,incomparable,0.018182436234985295
12399,longing,0.01817472920810816
12425,looting,0.018171105284615404
12639,maharajah,0.018171105284615404
20544,suspensefilled,0.018171105284615404
17078,redeem,0.018171105284615404
16011,possessor,0.018171105284615404
697,abound,0.018165656548413973
2702,blended,0.01816104688888535
5172,critters,0.018153540604046444
20588,sweetheart,0.018141204945464152
12702,managers,0.018140904276467418
18010,runners,0.018135280165512517
10372,humorthe,0.018128907599227417
7684,familiarpolitician,0.018128907599227417
12027,lechucks,0.018128907599227417
19194,slickyet,0.018128907599227417
23556,wrist,0.018120694596207243
9574,halos,0.018120204730679868
10369,humongous,0.018115206960133
3949,childrens,0.018099740795903343
6747,eerily,0.018089269504353443
8450,fraught,0.018089269504353443
12339,locally,0.01808794538927571
605,845,0.01807294822921058
1235,alltheres,0.01807294822921058
15113,panama,0.01807294822921058
22636,venice,0.01807294822921058
19636,speedboat,0.01807294822921058
19193,slicks,0.01807294822921058
4948,counterintelligence,0.01807294822921058
21893,turbocharged,0.018067389418377953
10489,iiface,0.01806064939799495
10094,hirohitohidden,0.01806064939799495
10809,informationformed,0.01806064939799495
201,1940,0.01806064939799495
14340,norway,0.01806064939799495
13829,mussolini,0.01806064939799495
14332,northafrican,0.01806064939799495
14833,originalsquadbased,0.01806064939799495
18424,searing,0.01806064939799495
12255,linesinfiltrate,0.01806064939799495
21094,theirsproduct,0.01806064939799495
7836,featureshidden,0.01806064939799495
21450,toeliminate,0.01806064939799495
4965,countryitsabout,0.01806064939799495
9956,het,0.01806064939799495
19604,specialair,0.01806064939799495
1797,asquad,0.01806064939799495
23496,worldwar,0.01806064939799495
2323,battlefieldfrom,0.01806064939799495
19359,soak,0.01806064939799495
16523,pulverizing,0.018041549579347574
10379,hunks,0.018041549579347574
22413,uppercuts,0.018041549579347574
19097,skillfully,0.018041549579347574
73,100foottall,0.018041549579347574
1496,antennas,0.018041549579347574
19149,slams,0.018041549579347574
16522,pulverize,0.018041549579347574
21316,tidal,0.018041549579347574
72,100feettall,0.018041549579347574
2321,battlefield,0.0180136322458093
1653,archrival,0.018012459916506324
9437,guaranteeing,0.017970319122104204
14623,oldfashioned,0.017969969939175257
5234,crust,0.01795168190000147
3251,bungies,0.01795168190000147
21686,transmissions,0.01795168190000147
6092,discussed,0.01795168190000147
2502,benefited,0.01795168190000147
16307,prodigious,0.01795168190000147
17207,reintroduced,0.01795168190000147
5011,cowan,0.01795168190000147
12054,lehto,0.01795168190000147
9295,graumans,0.01795168190000147
9209,gpurun,0.01795168190000147
9395,groundwill,0.017940894265787787
12666,makefrom,0.017940894265787787
19078,skates,0.01794046300927507
17355,replaced,0.017932180435459064
7955,fifth,0.017927727245501773
10714,indie,0.017925095943254175
12531,lured,0.017916418888047195
12334,locale,0.01790291008098688
10361,humankinds,0.0179020497186868
4051,circular,0.017885640164491564
18694,shark,0.017877612130794526
13598,moscow,0.01786555387270187
9860,height,0.01785755268788352
16414,protected,0.017855458236326928
17553,retriever,0.017851491326667794
20060,stomping,0.017846437694543242
5152,cringe,0.017846437694543242
7102,enthusiasm,0.017846437694543242
2773,blowouts,0.017846437694543242
16660,questionable,0.017846437694543242
12261,lingering,0.017846437694543242
16944,realisticlooking,0.017846437694543242
2530,bestplaying,0.017846437694543242
2889,boos,0.017846437694543242
15891,pointers,0.017820022744183463
15342,penned,0.017820022744183463
23271,widespread,0.017820022744183463
20461,superspy,0.017820022744183463
21009,testing,0.017817616879442378
5872,detested,0.017817133543331212
18154,sanctums,0.017817133543331212
5030,cracks,0.01780876234180613
19597,speaks,0.017805683112716787
10388,hunts,0.017802906432816984
7006,engages,0.01779189293372587
1904,attach,0.01778417393254769
22976,warproduct,0.01778417393254769
15830,plex,0.01778417393254769
7753,fastaction,0.017779681405842938
12465,loving,0.01776821814618985
2368,beagle,0.017736532779011934
22297,unreleased,0.017735310606517438
13082,menvironment,0.017733393307101074
19891,standout,0.017728006890257497
8633,funtofly,0.017681460671774223
16323,professionalstyle,0.017681460671774223
203,1941,0.017681460671774223
1988,authenticlooking,0.017681460671774223
22993,wartime,0.017681460671774223
19020,singlemission,0.017681460671774223
15031,pacifics,0.017681460671774223
3905,cheerleaders,0.01768120295911118
8279,footballs,0.01768120295911118
2221,banner,0.017664587111286375
16154,prelude,0.017663744742261536
18453,secondrate,0.017663744742261536
8618,fund,0.017663744742261536
12832,martins,0.017663744742261536
9222,gradual,0.017663744742261536
17369,replaysactually,0.017663744742261536
136,140plus,0.017663744742261536
4919,corvettes,0.017663744742261536
17324,renditions,0.017663744742261536
13140,methodical,0.017657591226889036
7073,ensures,0.017657223724380458
1468,anklebreaking,0.017653780236152723
7041,enjoyment,0.017647802438297833
1002,aerial,0.01764265371596369
15476,pharaoh,0.01763513469300559
12889,mate,0.01763239989981266
9512,gusto,0.017621806612152735
19908,stardom,0.017621806612152735
19913,starfish,0.017621806612152735
5887,devastationa,0.017621156426391327
5033,crafter,0.017621156426391327
22134,understood,0.017621156426391327
16907,razed,0.017621156426391327
5408,dangerously,0.017621156426391327
5784,dereth,0.017621156426391327
17453,reshaped,0.017621156426391327
19854,stahl,0.017613295547445236
15869,pmcs,0.017603945355665493
19033,sinnoh,0.01759815227839181
18361,scrappydoo,0.017574861814332574
15557,pier,0.017574861814332574
8532,frights,0.017574861814332574
15219,passion,0.01756586816510264
7855,fedora,0.017564345239018217
4176,climbs,0.017564345239018217
23275,wielded,0.017564345239018217
19986,steamy,0.017564345239018217
21752,trialanderror,0.017563960878162466
22151,undrentide,0.017557652056364042
3980,choking,0.017557652056364042
4264,cockatrice,0.017557652056364042
3231,bullheaded,0.017557652056364042
1590,appraise,0.017557652056364042
23512,worshipping,0.017557652056364042
9709,harper,0.017557652056364042
6577,dungeonmastering,0.017557652056364042
19421,solstice,0.017557652056364042
6963,endles,0.017557652056364042
22315,unshakable,0.017557652056364042
3391,callused,0.017557652056364042
21347,tilesets,0.017557652056364042
13463,modular,0.017557652056364042
2206,bandits,0.01755376550458483
18132,sample,0.017550100332414633
18569,sequence,0.017534425115734307
1302,ambition,0.017505139175857512
18485,seeing,0.017476187491888437
2072,awkwardly,0.01747338318328308
13355,misjudge,0.01747338318328308
22052,umd,0.017456835351115824
5411,dangersto,0.01744486315800637
15311,ped,0.01744486315800637
17303,remoteit,0.01744486315800637
14110,neverbeforeused,0.01744486315800637
15688,planetseach,0.01744486315800637
23084,weaponsbut,0.01744486315800637
12125,leviathans,0.01744486315800637
9705,harnesses,0.01744486315800637
4907,corrupting,0.01744486315800637
4909,corrupts,0.01744486315800637
23648,yank,0.01744486315800637
18147,samusyoull,0.01744486315800637
11961,launching,0.01744486315800637
6410,drains,0.01744486315800637
10198,honed,0.017443591076352828
1359,ancestors,0.017443591076352828
23475,worlddepends,0.017443591076352828
1365,andbreathtaking,0.017443591076352828
14495,obstructions,0.017443591076352828
11010,intensebat,0.017443591076352828
10819,informationkameo,0.017443591076352828
12928,maximumcapacity,0.017443591076352828
21811,trollking,0.017443591076352828
14592,ofmonsters,0.017443591076352828
18934,sightsproduct,0.017443591076352828
11715,kitchen,0.017442256931626564
7357,exceptional,0.01743782619946379
3558,carpathian,0.017431613721613955
5833,destinyand,0.017431613721613955
9755,having,0.017426864564589212
7049,enlists,0.01742110506851758
16035,potato,0.017415029713152435
18531,semiautomatic,0.017412280249340138
7201,eruptions,0.017408165672186185
13818,mushroomsliterally,0.017408165672186185
13896,nailbiting,0.017408165672186185
8469,freefire,0.017408165672186185
21603,tracers,0.017408165672186185
6658,earsplitting,0.017408165672186185
19362,soaks,0.017408165672186185
12155,lid,0.017408165672186185
14955,overdo,0.017400601477890017
13574,moreupdated,0.017400601477890017
18233,scamper,0.017400601477890017
7693,familythey,0.017400601477890017
3663,catzweather,0.017400601477890017
21106,thembreed,0.017400601477890017
523,5new,0.017400601477890017
4214,clothingproduct,0.017400601477890017
13304,minigamescreate,0.017400601477890017
3068,breedzscottish,0.017400601477890017
21119,themproduct,0.017400601477890017
21733,treatz,0.017400601477890017
4491,compatibleowners,0.017400601477890017
14166,nightbackwards,0.017400601477890017
2815,bobtail,0.017400601477890017
12912,mau,0.017400601477890017
12838,marvelousnew,0.017400601477890017
9274,graphicssimply,0.017400601477890017
5344,cyclesexperience,0.017400601477890017
15821,pledge,0.017400601477890017
10016,highlightslitterznow,0.017400601477890017
1377,andfrolic,0.017400601477890017
936,adopted,0.017400601477890017
23733,yourdesktopproduct,0.017400601477890017
23732,yourcatzcatz,0.017400601477890017
11722,kittenzneverseenbefore,0.017400601477890017
12297,litterz,0.017400601477890017
937,adoption,0.017400601477890017
3542,carlos,0.01738615751565309
19025,singles,0.01738615751565309
16768,ragol,0.01736988553889005
15398,permeates,0.017361793320274745
19225,slopes,0.017324726594197676
12359,locks,0.017304221673338015
21093,theirs,0.017302532591618184
8756,gameproduct,0.017297798184607478
23057,waythrough,0.017297798184607478
4312,collaboration,0.01729508623610526
9042,glamour,0.017292935005861074
10143,hokey,0.017291570715059764
20187,strewn,0.01726299667325901
2471,believed,0.017203429524315285
10298,hourglass,0.017196394283640285
20293,subareas,0.017187869193656048
4765,continuesproduct,0.017187035953488645
23742,yoursingle,0.017187035953488645
1335,amphibioustroop,0.017187035953488645
21068,thecliffs,0.017187035953488645
2845,bombedout,0.017187035953488645
10677,incoming,0.017187035953488645
17821,rocketsplay,0.017187035953488645
21269,throughbombedout,0.017187035953488645
10723,individualize,0.017187035953488645
19220,slog,0.017187035953488645
14331,northafrica,0.017187035953488645
23671,yearspanning,0.017187035953488645
18497,seenthrough,0.017187035953488645
2055,awardscall,0.017187035953488645
2417,beforein,0.017187035953488645
15126,panserschreck,0.017187035953488645
830,actioncommand,0.017187035953488645
8380,foughtaloneand,0.017187035953488645
17242,relentlesslypush,0.017187035953488645
18327,scorching,0.017187035953488645
23586,wwiitanks,0.017187035953488645
7012,engineinfinity,0.017187035953488645
1413,andstolen,0.017187035953488645
10795,informationcall,0.017187035953488645
8408,foxholes,0.017187035953488645
4626,conflictsthe,0.017187035953488645
18053,sa,0.017187035953488645
7150,epiclooking,0.01715955039239954
3372,calamari,0.01715955039239954
21078,theexhilarating,0.01715673842234366
13568,morespecifications,0.01715673842234366
1986,authenticequipment,0.01715673842234366
92,1080i,0.01715673842234366
4674,consent,0.01715673842234366
15454,petitive,0.01715673842234366
9460,guidethem,0.01715673842234366
8754,gameplaymodes,0.01715673842234366
21067,thechallenging,0.01715673842234366
14708,onlinemultiplayer,0.01715673842234366
11681,killerspin,0.01715673842234366
6625,dynamiccharacter,0.01715673842234366
14839,ormemory,0.01715673842234366
20951,tennislike,0.01715673842234366
19748,sportwith,0.01715673842234366
16115,precisionaccuracy,0.01715673842234366
10425,hyperrealisticphysics,0.01715673842234366
11668,kiic,0.01715673842234366
15222,passport,0.01715673842234366
12306,liverequires,0.01715673842234366
568,720p,0.01715673842234366
18837,shotsand,0.01715673842234366
15451,petitionchoose,0.01715673842234366
17063,recreatesthe,0.01715673842234366
5805,designationnote,0.01715673842234366
12882,matchexperience,0.01715673842234366
8351,foronline,0.01715673842234366
14399,ntsc,0.01715673842234366
12309,liveservices,0.01715673842234366
20679,tabletennis,0.01715673842234366
25,0180p,0.01715673842234366
15162,parental,0.01715673842234366
21042,thatdelivers,0.01715673842234366
22180,unfiltered,0.01715673842234366
15449,peting,0.01715673842234366
16946,realistictable,0.01715673842234366
12809,marleythreepwood,0.017156460774049306
1347,anachronistic,0.017156460774049306
19274,smarts,0.01714286496862052
4288,coherent,0.017135106436255952
6590,dust,0.017130808464638582
173,175,0.017122559717021688
11351,jealous,0.017111152452156154
4944,counterattack,0.017103503118317254
14920,outofcontrol,0.017103503118317254
7387,execution,0.017095610583369163
16236,pride,0.017091750191016164
4594,concludes,0.017091186966391794
19324,sniff,0.017086947012836882
4778,contrastridden,0.017085251659492078
22718,vietnams,0.017085251659492078
22078,uncensored,0.017085251659492078
2699,bleeding,0.017085251659492078
23026,waterlogged,0.017085251659492078
13248,militiawomen,0.017085251659492078
19974,stealthbased,0.017085251659492078
9673,hardedged,0.017085251659492078
15057,paddy,0.017085251659492078
14435,nvas,0.017085251659492078
1899,atrocious,0.017085251659492078
4131,claustrophobic,0.017085251659492078
7170,equals,0.017075211662040676
10619,impreza,0.017071491932692015
12346,locationsparis,0.017053791223019414
10204,honk,0.017053791223019414
16739,raddest,0.017053791223019414
13710,mtv,0.017053791223019414
18865,shredding,0.017053791223019414
5094,createaskater,0.017053791223019414
14275,nollies,0.017053791223019414
9048,glasses,0.017053791223019414
3719,cement,0.017053791223019414
8904,genes,0.017041054914465083
14970,overlords,0.017019373561419856
15179,parodies,0.017019373561419856
11203,irony,0.017019373561419856
20346,succeedevil,0.017019373561419856
13173,michelle,0.017013471506604382
16821,ramparts,0.017009826058935328
17668,ricochet,0.01700267166652238
4110,clansmen,0.016999524298800337
13676,movesrun,0.016999524298800337
19155,slashare,0.016999524298800337
19187,sliceanddice,0.016999524298800337
9896,hellspawn,0.016999524298800337
10576,impatient,0.016999524298800337
14486,obsession,0.016999524298800337
14469,obliterating,0.016999524298800337
13714,muchkill,0.016999524298800337
23811,zipping,0.016999524298800337
11674,killand,0.016999524298800337
1465,animestyle,0.016999524298800337
6663,earthquake,0.016999524298800337
18381,scripting,0.016999524298800337
8636,furiouslyeach,0.016999524298800337
21212,thoughspinning,0.016999524298800337
22924,wanderer,0.016996720213259653
14391,nsa,0.016982221287788795
4436,commendable,0.0169663043717873
19901,staples,0.0169663043717873
3081,brian,0.016963302627329587
6043,disabling,0.016958329938230036
15460,petulant,0.016958329938230036
13333,mints,0.016958329938230036
17976,rue,0.016958329938230036
5696,delivery,0.016950889677446943
4957,counterterrorism,0.016947475075875726
20949,tenkaichi,0.016941682409473614
15701,plantandcut,0.01693784164897566
17701,rightanalog,0.01693784164897566
10644,inair,0.01693784164897566
19561,spacing,0.01693784164897566
11083,intervention,0.01693784164897566
1208,alleyoops,0.01693784164897566
16590,putback,0.01693784164897566
14554,offball,0.01693784164897566
20272,styleall,0.01693784164897566
21410,tipin,0.01693784164897566
10013,highlightreel,0.01693784164897566
5202,crowding,0.01693784164897566
11625,kept,0.01690879071882848
16436,proves,0.016902407116833277
15397,permanently,0.016884711752247754
17790,roasting,0.01688109350795068
3654,caterer,0.01688109350795068
12822,marshmallows,0.01688109350795068
21454,toga,0.01688109350795068
21111,themescowboy,0.01688109350795068
3843,charades,0.01688109350795068
15714,plates,0.01688109350795068
3422,campfire,0.01688109350795068
2108,bachelorette,0.01688109350795068
3363,cages,0.01688109350795068
5538,debutante,0.01688109350795068
9974,hideaway,0.01688109350795068
11827,lace,0.016877294137698475
6367,downsides,0.016875826723108108
15362,percentage,0.016875826723108108
1014,afar,0.016858367041474587
11075,interspersed,0.01685797898769885
505,50s,0.01684774472984523
4818,convince,0.016846405135532063
12398,longevity,0.016818770274043385
18525,seller,0.016809775835275004
20884,technocyte,0.01679959304624773
7160,episodes,0.016788483101922276
13232,mileage,0.016782160940430398
8211,fluctuating,0.016782160940430398
4620,confining,0.016782160940430398
2711,blinders,0.016782160940430398
12906,matthias,0.016782160940430398
8324,foreverconceptrun,0.016782160940430398
3082,bribe,0.016782160940430398
2331,battlehardened,0.016782160940430398
8178,flittering,0.016782160940430398
4437,commended,0.016782160940430398
4402,comedies,0.016782160940430398
13085,merc,0.016782160940430398
8095,fizzles,0.016782160940430398
8361,fortifications,0.016782160940430398
3164,brutalizing,0.016782160940430398
14045,negligible,0.016782160940430398
23281,wiggle,0.016782160940430398
20582,swedish,0.016782160940430398
12183,lifting,0.016782160940430398
12488,loyalties,0.016782160940430398
9259,graphicsapart,0.016782160940430398
12474,lowering,0.016782160940430398
14570,officerated,0.016782160940430398
6006,dinking,0.016782160940430398
23249,wholesale,0.016782160940430398
17927,rousing,0.016782160940430398
15735,playabilitygreat,0.016782160940430398
3907,cheese,0.016782160940430398
17349,repercussions,0.016782160940430398
14974,overpowered,0.016782160940430398
7099,entertainmentyour,0.016782160940430398
19403,soldiersforhire,0.016782160940430398
9605,handcuffed,0.016782160940430398
19237,slowing,0.016780513506368853
20094,storybehindthestory,0.01674474315721276
22919,walt,0.016738065367558938
13055,memberships,0.01673775264564424
13160,mgs2,0.01673773019299457
13159,mgs,0.01673773019299457
15167,parisian,0.01673065762053221
21561,toughen,0.01671555366743837
16741,radiance,0.01671555366743837
8769,gamespanning,0.01671555366743837
11086,interweaving,0.01671555366743837
22677,viable,0.01671555366743837
19070,skank,0.01671555366743837
11782,kosmos,0.01671555366743837
18765,shions,0.01671555366743837
15736,playabilityincreased,0.01671555366743837
4275,coddling,0.01671555366743837
10542,imbalance,0.01671555366743837
10487,iiconceptgive,0.01671555366743837
5647,definitelyrated,0.01671555366743837
12382,lolly,0.01671555366743837
15494,philosophical,0.01671555366743837
5819,despair,0.01671555366743837
13265,milquetoasts,0.01671555366743837
11339,jarring,0.01671555366743837
4412,comically,0.01671555366743837
1442,angstridden,0.01671555366743837
4784,contrived,0.01671555366743837
9372,grodinsresume,0.01671555366743837
10483,ignoring,0.01671555366743837
7415,existential,0.01671555366743837
7516,expressive,0.01671555366743837
20616,switchups,0.01671555366743837
16164,preparation,0.01671555366743837
17080,redeems,0.01671555366743837
16668,queue,0.01671555366743837
10646,inane,0.01671555366743837
4824,cooing,0.01671555366743837
9264,graphicsdespite,0.01671555366743837
17059,recovery,0.01671555366743837
20660,systematically,0.01671555366743837
342,25hour,0.01671555366743837
21250,threw,0.01671555366743837
7048,enlisting,0.016694238727983448
10359,humanitys,0.01669365230276172
3134,brood,0.016690775567757034
20319,subscribe,0.016685131820163783
580,7600,0.016683413415860104
11564,karazhan,0.016683413415860104
1883,athlong,0.016683413415860104
16368,promised,0.016683413415860104
14088,nether,0.016683413415860104
13015,medivhs,0.016683413415860104
14080,nerzhul,0.016683413415860104
6302,dooku,0.016664868950900243
8818,gargoyle,0.016647462729349645
1488,answered,0.016643751229518857
20509,surrealistic,0.016623843088462185
19918,starkly,0.016623843088462185
10890,injustice,0.016623843088462185
15894,pointofview,0.016623843088462185
18362,scraps,0.016623843088462185
9864,heightens,0.016623843088462185
20487,surefire,0.016623178972017746
19215,slipping,0.016615846662623647
22113,underdark,0.016615846662623647
375,2nd,0.016615846662623647
8388,fountain,0.016597772441331964
14346,nostalgic,0.01657575552041083
22431,urgently,0.01655767667914273
22105,undeadcompete,0.01655767667914273
14806,orcish,0.01655767667914273
16719,raceshumans,0.01655767667914273
17178,regrouped,0.01655767667914273
7538,extinguish,0.01655767667914273
21548,totem,0.01655767667914273
12162,lifeall,0.01655767667914273
20933,tempesta,0.01655767667914273
21740,tremble,0.01655767667914273
1046,againrising,0.01655767667914273
8027,fireand,0.01655767667914273
18129,samanthas,0.01655767667914273
4511,complacent,0.01655767667914273
7219,eskimo,0.01655767667914273
22703,victoryand,0.01655767667914273
3451,cans,0.016556024043571232
17613,revolutionary,0.01655469512408841
21885,tuning,0.016552620303910574
22455,usercreated,0.016541501973324907
11316,jaks,0.01653340894369496
17693,riffs,0.01653160653145663
9553,halen,0.01653160653145663
18626,sevenfold,0.01653160653145663
8510,fret,0.01653160653145663
7791,fault,0.016526299330391563
7801,favourite,0.01650652243736252
3925,chest,0.01650642554056115
3176,buck,0.016505372262358382
7555,extreme,0.016504691549637223
7673,falters,0.016489438746972757
7911,fettfather,0.016485534535388556
7912,fettplayers,0.016485534535388556
7235,establishes,0.016485534535388556
9002,gills,0.01648220108403421
19719,splintering,0.01648220108403421
1777,asianthemed,0.01648220108403421
1668,arenathe,0.01648220108403421
5667,degenerate,0.01648220108403421
15278,payments,0.01648220108403421
1957,atypical,0.01648220108403421
6788,ejecting,0.01648220108403421
2190,ballparks,0.01648170706045969
10401,hushed,0.016474379629057116
10990,integrates,0.016474379629057116
19058,sixman,0.016474379629057116
4103,clancyinspired,0.016474379629057116
6352,downed,0.016474379629057116
19404,soldiersthe,0.016474379629057116
1309,ambushing,0.016474379629057116
9627,handpick,0.016474379629057116
22042,ultranationalists,0.016474379629057116
12256,linesrescuing,0.016474379629057116
2010,automobiles,0.01646869207964373
13431,modelsfrom,0.01646869207964373
411,356,0.01646869207964373
15968,porches,0.01646869207964373
21446,toddlers,0.01645913653213262
7009,engineer,0.016454672649948078
21727,treated,0.016447000309882037
21942,twilight,0.01642609604804379
13899,naito,0.016411899069702578
22255,unloading,0.016411899069702578
4287,coffin,0.016411899069702578
1464,animeinspired,0.016411899069702578
6458,dressingeverything,0.016411899069702578
15372,perforated,0.016411899069702578
23661,yasuhiro,0.016411899069702578
7821,featruing,0.016411899069702578
2735,blockbster,0.016411899069702578
23439,woo,0.016411899069702578
1803,assassinate,0.016407190513946852
6612,dwindling,0.016403778011581775
6175,distributed,0.01639764962848941
8653,fused,0.01639404423150272
9501,gunship,0.016344244354078174
20980,terrible,0.01633181328840318
18111,salesman,0.016328070500510054
2710,blind,0.016327019872018785
20182,stretch,0.01632579567714938
499,501st,0.016298100262220394
22476,utapau,0.016298100262220394
20090,stormtroopers,0.016298100262220394
5036,crafts,0.016298100262220394
2328,battlefronts,0.016298100262220394
22630,venerable,0.016284872091971707
3973,chocolate,0.01628062768228856
2924,bosses,0.016278213188559494
18187,satchel,0.016265112151960002
1964,audio,0.016259740194855155
19666,spice,0.01625767685070981
14997,overwhelm,0.01623910080794554
4838,cooper,0.016234768027756752
13485,momo,0.01622712532532325
6776,eibach,0.01622712532532325
14102,neuspeed,0.01622712532532325
14523,octane,0.01622712532532325
1000,aem,0.01622712532532325
10158,holley,0.01622712532532325
21895,turbonetics,0.01622712532532325
9322,greddy,0.01622712532532325
1965,audiobahn,0.01622712532532325
10128,hks,0.01622712532532325
13897,nailing,0.01622712532532325
16729,racingexplode,0.01622712532532325
20168,streetglo,0.01622712532532325
19571,sparco,0.01622712532532325
15525,piaa,0.01622712532532325
5477,dazz,0.01622712532532325
2484,belong,0.01622712532532325
10032,highoctane,0.01622712532532325
19124,skunk2,0.01622712532532325
7043,enkei,0.01622712532532325
15019,oz,0.01622712532532325
22116,undergrounds,0.01622712532532325
2596,bilstein,0.01622712532532325
16730,racingheat,0.01622712532532325
10886,injen,0.01622712532532325
16910,razor,0.01622712532532325
6040,dirt,0.01622474681030679
3324,bystanders,0.0162028002239228
12478,lowliest,0.016195517746128672
19336,snot,0.016195517746128672
7141,environmentsplaces,0.016195517746128672
13501,monkeyforahead,0.016195517746128672
12684,malformed,0.016195517746128672
19247,slugforabutt,0.016195517746128672
16583,pusfilled,0.016195517746128672
7905,festering,0.016195517746128672
6787,ej,0.016195517746128672
11087,intestinal,0.016195517746128672
16294,problemto,0.016195517746128672
9424,gt2,0.016187440200495357
2796,bmw,0.016187440200495357
23772,z4,0.01617580599119712
4011,chronoplast,0.01617577815768285
12350,lockandkey,0.01617577815768285
22299,unremembered,0.01617577815768285
15578,pillars,0.01617577815768285
7543,extradimensional,0.01617577815768285
534,60framespersecond,0.01617577815768285
22065,unattainable,0.01617577815768285
22158,unearths,0.01617577815768285
7506,exposes,0.01617577815768285
5911,devour,0.01617577815768285
7592,fabricants,0.01617522076155126
1244,almalexia,0.01617522076155126
23420,wolvesjust,0.01617522076155126
13654,mournhold,0.01617522076155126
9121,godkings,0.01617522076155126
19420,solstheim,0.01617522076155126
2708,blight,0.01617522076155126
22915,wallpaper,0.016172014873729938
22623,velociraptors,0.01617098798696788
16133,predictably,0.016169519745472486
1804,assassinating,0.016168786958179634
9088,glow,0.01615442850396062
8630,funproduct,0.01615442850396062
14084,nestle,0.01615442850396062
12518,lumberjack,0.01615442850396062
10062,hiking,0.01615442850396062
11259,itemsoutfits,0.01615442850396062
1765,aseasonal,0.01615442850396062
5589,decorlight,0.01615442850396062
15751,playcelebrate,0.01615442850396062
9102,gnomecomplete,0.01615442850396062
20372,sugarplums,0.01615442850396062
1654,archthe,0.01615442850396062
20931,temperature,0.01615442850396062
21630,traditionaleuropean,0.01615442850396062
19957,statuettespice,0.01615442850396062
19177,sleepercheongsam,0.01615442850396062
1718,aroundthe,0.01615442850396062
8375,foryour,0.01615442850396062
11224,isguaranteed,0.01615442850396062
19846,staffhuge,0.01615442850396062
8554,frostyits,0.01615442850396062
8553,frosty,0.01615442850396062
21320,tidingswindows,0.01615442850396062
7263,europeanstyle,0.01615442850396062
17731,rioski,0.01615442850396062
10153,holidayedition,0.01615442850396062
7907,festive,0.01615442850396062
10155,holidaysproduct,0.01615442850396062
1219,allneweuropeanstyle,0.01615442850396062
15652,pjs,0.01615442850396062
1238,alltrees,0.01615442850396062
21196,thiscollection,0.01615442850396062
13385,mistletoe,0.01615442850396062
18170,santaeven,0.01615442850396062
19100,skillsholiday,0.01615442850396062
7837,featuresholiday,0.01615442850396062
17198,reindeer,0.01615442850396062
1935,attireartic,0.01615442850396062
7554,extravaganzasize,0.01615442850396062
3436,candles,0.01615442850396062
6252,doesntstop,0.01615442850396062
15506,photographers,0.016148928032714865
5440,darts,0.016144481339203164
14030,needed,0.01613956928939749
298,2021,0.016125656780287732
6965,endlessly,0.016125656780287732
5336,cybernetic,0.016125656780287732
16985,reawakens,0.016125656780287732
4284,coexists,0.016125656780287732
7741,fasa,0.016125656780287732
13024,megacorporation,0.016125656780287732
12998,mechwarrior,0.016125656780287732
16984,reawakened,0.016125656780287732
17772,rna,0.016125656780287732
496,5000year,0.016125656780287732
17205,reinterpreted,0.016125656780287732
13560,moreefficient,0.016125656780287732
18909,sidelined,0.016125656780287732
10167,hologram,0.016125656780287732
10053,highvelocity,0.016125656780287732
22792,vistabased,0.016125656780287732
13713,muchbeloved,0.016125656780287732
23808,ziggurat,0.016125656780287732
418,360towindows,0.016125656780287732
15918,politically,0.016107252093923007
21517,torch,0.016098996700412215
5220,cruising,0.01609576183389497
2641,bits,0.016089479100008793
9955,hesitation,0.016087659082283073
5050,crashes,0.016078662551620326
12602,maddening,0.016073820765737774
12792,mariostyle,0.016071622420446154
18912,sideon,0.016071622420446154
15441,pervades,0.016071622420446154
23159,wellearned,0.016071622420446154
19587,sparx,0.016071622420446154
7654,fairylands,0.016071622420446154
1604,approximations,0.016071622420446154
8492,freezes,0.016071622420446154
11071,intersect,0.016048672260340204
15704,planting,0.016043026102202262
8863,gearbox,0.0160300659729051
7610,facial,0.01602932809361897
14643,onair,0.0160292825790963
615,8mb,0.0160292825790963
1478,announcements,0.0160292825790963
2112,backdoor,0.0160292825790963
23689,yields,0.0160292825790963
20003,stenbuck,0.016026102170521552
6957,ender,0.016026102170521552
11519,jupiter,0.016026102170521552
8648,furthest,0.016026102170521552
1207,alley,0.016022657292106803
14915,outlining,0.015998103456427035
3924,chesster,0.01597502491064253
3950,childs,0.01597502491064253
11068,interrupt,0.01597502491064253
5925,diagonal,0.01597502491064253
21460,toilets,0.01597502491064253
4743,contentthis,0.01597502491064253
19887,standin,0.01597502491064253
23173,wellsuited,0.01597502491064253
2837,bologna,0.01597502491064253
601,813,0.01597502491064253
11004,intelligym,0.01597502491064253
21001,terzio,0.01597502491064253
20760,tamrielformat,0.01595147594338825
8925,genreno,0.01595147594338825
14219,no12060,0.01595147594338825
22366,upc093155120600,0.01595147594338825
934,adolescent,0.015946651634543237
4616,configurations,0.015927849187296155
4572,conceived,0.015918603862045962
16356,projectile,0.015917803306793217
20156,stray,0.015915058173603742
14454,objectcollecting,0.015896247774298208
4231,clump,0.015896247774298208
3223,bulldozers,0.015896247774298208
2191,ballrolling,0.015896247774298208
10432,hysterical,0.015896247774298208
21274,throughoutfrom,0.015896247774298208
17944,royally,0.015896247774298208
714,absurdity,0.015896247774298208
20402,sumo,0.015896247774298208
4730,contagious,0.015896247774298208
8412,fraction,0.015896247774298208
11859,lamp,0.015896247774298208
13691,mowers,0.015896247774298208
3132,brontosauruses,0.015896247774298208
20282,stylings,0.015896247774298208
13969,nautical,0.015893398810645023
16463,psp,0.015889719579003515
14204,nissan,0.01586722160536231
11274,ityour,0.015837652414265945
21587,townfeaturesbuild,0.015837652414265945
18848,showbiz,0.015837652414265945
20604,swingers,0.015837652414265945
13729,mulitmedia,0.015837652414265945
386,300mhz,0.015837652414265945
20122,straightshooting,0.015837652414265945
11273,ituse,0.015837652414265945
656,98seme2000xp,0.015837652414265945
9793,headphones,0.015837652414265945
3603,caseratingteenrun,0.015837652414265945
11255,itcreate,0.015837652414265945
13492,moneymaking,0.015837652414265945
75,100mb,0.015837652414265945
6337,doubledealin,0.015837652414265945
16626,quadspeed,0.015837652414265945
14065,neonsoaked,0.015837652414265945
12423,loosen,0.015837652414265945
652,98me2000xppublishersierrapackagingjewel,0.015837652414265945
20845,teaching,0.015833067157443755
10649,inappropriate,0.01581891938769657
2151,baffling,0.01581891938769657
3298,buttercup,0.01581891938769657
22787,visitits,0.015781279237910638
7908,festooned,0.015781279237910638
2566,biddingjoseph,0.015781279237910638
720,abuzz,0.015781279237910638
4816,convey,0.015781279237910638
12851,masked,0.015781279237910638
3501,caravans,0.015781279237910638
21301,thusfor,0.015781279237910638
20398,summonera,0.015781279237910638
5002,coverings,0.015781279237910638
17202,reinforcement,0.015781279237910638
4643,conjure,0.015781279237910638
4215,cloths,0.015781279237910638
11478,judicious,0.015781279237910638
3761,chaining,0.015781279237910638
8760,gamersboring,0.015781279237910638
7251,ether,0.015781279237910638
8930,gent,0.015781279237910638
22859,vowed,0.015781279237910638
10654,incantation,0.015781279237910638
11141,invented,0.015778912537301303
3645,catches,0.01576717490677825
22425,upward,0.015762520184013303
14901,outfitted,0.015741759311067482
6810,electronics,0.015736584203151473
20170,streetready,0.015725059734321735
23749,youth,0.015717712429032377
1301,ambiguous,0.01570951971878165
22349,upandcoming,0.015698691276020832
21638,trailer,0.015693404069117213
16239,priestess,0.015693182714782573
12643,maiden,0.015693182714782573
17832,rod,0.015687499631908443
739,acceptable,0.01567964402461535
11093,intimately,0.01566951132783526
1176,alexandria,0.01566570546604137
13228,mil,0.01566502707223607
9564,halfton,0.01566502707223607
13158,mg42,0.01565818743312023
15132,panzerschreck,0.01565818743312023
3147,browning,0.01565818743312023
21484,tonight,0.015644839820903606
18881,shun,0.015638768612663365
7645,faint,0.01562533281195742
14441,nym,0.015603145818395244
22543,vana,0.015603145818395244
22037,ultrafast,0.015603145818395244
17645,rhys,0.015603145818395244
1757,artsquality,0.015603145818395244
16424,proton,0.015603145818395244
17803,robin,0.015603145818395244
5652,deflector,0.015603145818395244
15583,pilotintraining,0.015603145818395244
18681,shao,0.015598084204852853
9703,harms,0.015598084204852853
19110,skipping,0.015598084204852853
3428,cams,0.015597676267257166
3291,busting,0.015597676267257166
13612,motionca,0.015597676267257166
406,34321,0.015597676267257166
22097,uncontrollable,0.015597676267257166
23491,worldsboth,0.015593572764704845
13043,melmans,0.015569101022321783
16044,pounce,0.015569101022321783
13042,melman,0.015569101022321783
8168,fling,0.015569101022321783
13679,moviealex,0.015569101022321783
3835,charactersfrom,0.015569101022321783
19667,spiced,0.015569101022321783
4272,coconuts,0.015569101022321783
12065,lemur,0.015569101022321783
9075,glorias,0.015569101022321783
7550,extrasuse,0.015569101022321783
21823,tropicalthemed,0.015569101022321783
13852,mutiny,0.015569101022321783
1324,ammothrowing,0.015569101022321783
21341,tiki,0.015569101022321783
10082,hippo,0.015569101022321783
21036,thank,0.015569101022321783
7817,feast,0.015569101022321783
2223,banquet,0.015569101022321783
9011,giraffeas,0.015569101022321783
11112,intriguingly,0.015536988078452534
16813,rambling,0.015536988078452534
18004,rundown,0.015536988078452534
16213,pretend,0.015536988078452534
20106,storys,0.015536988078452534
20210,strongarm,0.015536988078452534
6095,disgraced,0.015536988078452534
9351,grill,0.015536988078452534
15883,pointandclick,0.015536988078452534
13975,navigating,0.015536988078452534
3440,canine,0.015534371581969684
21544,totallydynamic,0.015527159988181062
7315,evilbuilt,0.015527159988181062
5100,createddripping,0.015527159988181062
1417,anduncertaintycompete,0.015527159988181062
15384,perilrequires,0.015527159988181062
14595,ofonly,0.015527159988181062
446,3product,0.015527159988181062
21457,tohell,0.015527159988181062
6626,dynamiclighting,0.015527159988181062
10791,informationa,0.015527159988181062
10491,iiifeatures,0.015527159988181062
23719,youinto,0.015527159988181062
22006,uacmars,0.015527159988181062
4847,coordinated,0.015523729944856679
14041,negative,0.015519791145855596
22934,wanttaking,0.015507245901373945
451,3the,0.015507245901373945
19497,soulshattering,0.015507245901373945
22101,uncovered,0.015507245901373945
1034,african,0.015507245901373945
9297,gravemind,0.015507245901373945
21194,thisa,0.015507245901373945
18114,salivatingcj,0.015507245901373945
2311,battered,0.015507245901373945
20546,suspensethe,0.015507245901373945
17706,rightno,0.015507245901373945
8269,foods,0.015504732466655735
12030,ledges,0.015501657285938402
17720,ringbearer,0.015488026951036625
2175,balins,0.015488026951036625
2381,beasts,0.015484537185374956
2820,bodyguards,0.01547926103309509
3102,brimming,0.01545956365900761
14170,nightfall,0.015457944366221372
7720,fantasyrole,0.01540026891000457
20386,suitors,0.01540026891000457
10734,inducted,0.01540026891000457
20822,taverns,0.01540026891000457
19789,spyglasses,0.01540026891000457
15694,plankshattering,0.01540026891000457
8936,gentry,0.01540026891000457
3125,broadsides,0.01540026891000457
2901,booty,0.01540026891000457
3175,buccaneers,0.01540026891000457
21556,touchscreen,0.015397895587558415
9418,grunt,0.015396180475018789
23782,zasalamel,0.015382687197710427
2089,azure,0.015382687197710427
17056,recount,0.015382687197710427
21414,tira,0.015382687197710427
19000,simulationyou,0.015382687197710427
18608,setsuka,0.015382687197710427
6687,easytomaster,0.015378451816344271
18414,seaming,0.015378451816344271
20596,swiftest,0.015378451816344271
23621,xl,0.015378451816344271
1850,asteroidand,0.015378451816344271
17964,rtypes,0.015378451816344271
17559,retrotechno,0.015378451816344271
14729,oohlala,0.015378451816344271
1005,aerobic,0.015378451816344271
2554,bewildered,0.015378451816344271
14792,orangeclad,0.015378451816344271
5404,dancinggame,0.015378451816344271
14718,onscene,0.015378451816344271
7401,exhibited,0.015378451816344271
11858,lammy,0.015378451816344271
13665,movememorization,0.015378451816344271
12733,manipulations,0.015378451816344271
18387,scrutinized,0.015378451816344271
11817,labor,0.015378451816344271
20887,technohouse,0.015378451816344271
17006,recapture,0.015378451816344271
15155,parappa,0.015378451816344271
16129,predetermined,0.015378451816344271
9602,handanimated,0.015378451816344271
23011,watched,0.015378451816344271
2384,beatas,0.015378451816344271
17376,replicating,0.015378451816344271
11325,janet,0.015378451816344271
11320,jammer,0.015378451816344271
1277,am3,0.015378451816344271
14889,outdance,0.015378451816344271
19765,sprightly,0.015378451816344271
17443,resembling,0.015378451816344271
23229,whisking,0.015378451816344271
10466,idiosyncrasies,0.015378451816344271
20439,superimposed,0.015378451816344271
7526,extensions,0.015378451816344271
17651,rhythmthe,0.015378451816344271
22812,vixen,0.015378451816344271
9472,gummy,0.015378451816344271
17649,rhythmic,0.015378451816344271
9576,halter,0.015378451816344271
14555,offbeat,0.015378451816344271
3051,breakup,0.015378451816344271
16505,pudgy,0.015378451816344271
21953,twisterlike,0.015378451816344271
16379,pronounced,0.015378451816344271
9084,glossy,0.015378451816344271
3824,characterprofile,0.015378451816344271
19142,slacked,0.015378451816344271
8334,forgiving,0.015378451816344271
22048,um,0.015378451816344271
18225,sc5,0.015378451816344271
16334,progenitors,0.015378451816344271
4012,chuchu,0.015378451816344271
16470,psychedelia,0.015378451816344271
18134,samples,0.015378451816344271
8658,futurerama,0.015378451816344271
8210,fluctuate,0.015378451816344271
8829,garter,0.015378451816344271
8681,gaffe,0.015378451816344271
13322,miniskirts,0.015378451816344271
16551,puppets,0.015378451816344271
19559,spacestation,0.015378451816344271
3288,bustagroove,0.015378451816344271
4191,clocking,0.015378451816344271
19552,spaceport,0.015378451816344271
216,1965,0.015378451816344271
13945,natch,0.015378451816344271
7075,entails,0.015378451816344271
23421,woman,0.015378045424522518
13947,nathan,0.015356716633957261
5117,cred,0.015356691058515256
22447,useable,0.015355626641520553
14956,overdrive,0.015354764116880033
5491,ddrmax2,0.015354764116880033
13325,minogue,0.015354764116880033
11806,kylie,0.015354764116880033
9378,groovin,0.015354764116880033
11597,kc,0.015354764116880033
2851,bombfall,0.015351206948405543
23737,yourown,0.015351206948405543
23747,yousex,0.015351206948405543
5156,crippling,0.015351206948405543
2821,bodykill,0.015351206948405543
23746,yourtravels,0.015351206948405543
2995,braininto,0.015351206948405543
1672,areprobably,0.015351206948405543
23389,withers,0.015351206948405543
1664,arelentless,0.015351206948405543
14123,newg,0.015351206948405543
13941,nastier,0.015351206948405543
4017,chumpchange,0.015351206948405543
804,aching,0.015351206948405543
23301,willchallenge,0.015351206948405543
23754,youwere,0.015351206948405543
19754,spouse,0.015351206948405543
17804,robodogs,0.015351206948405543
22588,vaultsuit,0.015351206948405543
1556,apocalypticretrofutureproduct,0.015351206948405543
21804,trod,0.015351206948405543
8558,fruitful,0.015351206948405543
7690,familynot,0.015351206948405543
23716,youhave,0.015351206948405543
1378,andghouls,0.015351206948405543
14550,ofcourse,0.015351206948405543
16611,pyromania,0.015351206948405543
23068,wealthif,0.015351206948405543
10472,ifanyone,0.015351206948405543
7844,featureswe,0.015351206948405543
6511,drought,0.015351206948405543
22077,uncannytiming,0.015351206948405543
16028,postnuclear,0.015351206948405543
7308,everypassing,0.015351206948405543
8140,flechettegun,0.015351206948405543
8781,gamethat,0.015351206948405543
5409,dangerousweapons,0.015351206948405543
7283,everbigger,0.015351206948405543
19678,spiffy,0.015351206948405543
22744,villageyour,0.015351206948405543
23667,yearproduct,0.015351206948405543
6800,elders,0.015351206948405543
8619,fundamentalover,0.015351206948405543
17949,rpging,0.015351206948405543
10817,informationits,0.015351206948405543
18903,sidebigger,0.015351206948405543
6263,doit,0.015351206948405543
5215,cruelly,0.015351206948405543
15122,panions,0.015351206948405543
1763,ascend,0.015351206948405543
9676,harderimproved,0.015351206948405543
14765,opportunityshare,0.015351206948405543
10589,implanting,0.015351206948405543
23479,worldlearning,0.015351206948405543
23482,worldmastering,0.015351206948405543
7233,establish,0.015349195585322564
15724,platformstyle,0.01532677743998564
4830,cool,0.015313646621099521
3643,catcher,0.015301232648820454
6761,efficient,0.015289437822153099
8204,flowers,0.015288374375467683
7906,festival,0.015287893788226358
21428,titled,0.015282490451212402
3220,bulk,0.01527571272056566
2075,awry,0.01527384598793474
17031,recognizable,0.015271190679014961
16388,propels,0.015260665559395481
20920,teleport,0.015260665559395481
5500,deadlir,0.01525259960194273
5826,desserts,0.01524907374093157
7611,facilitate,0.015246909967298718
9358,grinding,0.015246909967298718
4434,commenced,0.015246909967298718
3187,buddies,0.015239108761337841
18385,scrub,0.01523797853053283
1812,assaultproduct,0.01523797853053283
11222,isclear,0.01523797853053283
4262,cobra,0.01523797853053283
5191,crosshairs,0.01523797853053283
10389,hurdle,0.01523797853053283
21813,tromping,0.01523797853053283
5003,coverjust,0.01523797853053283
21455,toget,0.01523797853053283
9480,gunfights,0.01523797853053283
17658,richenthralling,0.01523797853053283
23714,youfind,0.01523797853053283
20046,stink,0.01523797853053283
22605,vehicleonly,0.01523797853053283
22603,vehiclecentric,0.01523797853053283
10824,informationoperation,0.01523797853053283
15015,ownstrategic,0.01523797853053283
6035,directplay,0.01523797853053283
1090,ah,0.01523797853053283
4539,compounded,0.01523797853053283
16679,quicktwitch,0.01523797853053283
2945,bounces,0.01523797853053283
11819,labored,0.01523797853053283
662,a10,0.01523797853053283
8124,flashpoints,0.01523797853053283
3778,challengesproduct,0.01523797853053283
15649,pixilated,0.01523797853053283
11065,internetwindows,0.01523797853053283
17363,replaying,0.01523797853053283
21564,toughness,0.015221546304083892
23522,woun,0.015215747753750557
21089,theincreasing,0.015215747753750557
18659,shadowyou,0.015215747753750557
7424,exonerate,0.015215747753750557
22110,underbelly,0.015215747753750557
10177,homelessaddicted,0.015215747753750557
4230,cluesthat,0.015215747753750557
11221,isbehind,0.015215747753750557
15608,pipe,0.015215747753750557
9404,growinglist,0.015215747753750557
21124,themurder,0.015215747753750557
16451,pry,0.015215747753750557
10840,informationwhat,0.015215747753750557
19463,sophisticatedforensic,0.015215747753750557
23254,whoor,0.015215747753750557
14848,orwhatever,0.015215747753750557
21098,thekillings,0.015215747753750557
21061,thebest,0.015215747753750557
21064,thebodies,0.015215747753750557
3256,bureauperhaps,0.015215747753750557
791,accusedas,0.015215747753750557
19488,soterrifyingly,0.015215747753750557
14548,ofbullets,0.015215747753750557
11679,killerassigned,0.015215747753750557
5141,crimeratethis,0.015215747753750557
16963,realproduct,0.015215747753750557
21471,tomake,0.015215747753750557
21200,thisquestion,0.015215747753750557
4453,committingmindless,0.015215747753750557
9680,hardly,0.015209528590993662
15470,phantagram,0.015204406019063733
3892,checkers,0.015176312976267757
17164,regime,0.015166451746545063
6946,encyclopedia,0.015165198223296504
9585,hamlet,0.015163632323498401
15832,pliant,0.015160495226095324
6101,dishes,0.015122501624424854
18676,shamu,0.015121200262566607
21224,thrashing,0.015121200262566607
19109,skipped,0.015121200262566607
23195,whales,0.015121200262566607
3555,carnivores,0.015121200262566607
19658,sperm,0.015121200262566607
11660,kidfriendly,0.015121200262566607
18439,seating,0.015121200262566607
21767,trickperforming,0.015121200262566607
12471,lowend,0.015121200262566607
8903,generously,0.015121200262566607
17104,redtinted,0.015121200262566607
18443,seaworld,0.015121200262566607
2938,bottlenosed,0.015121200262566607
5436,darn,0.015121200262566607
1336,amphitheater,0.015121200262566607
6680,easter,0.015121200262566607
8064,fishes,0.015121200262566607
8935,gentler,0.015121200262566607
7084,entertainers,0.015121200262566607
5167,criticisms,0.01511811238676247
5687,delightful,0.01511811238676247
9233,grandeur,0.015116445447032814
3553,carnival,0.015106032868147322
11978,laws,0.015103557009112787
10747,inexperienced,0.01509126158086108
10199,honest,0.015054481869691704
20331,subterranean,0.015044500761737531
3417,campaignin,0.015044500761737531
21370,timelines,0.015044500761737531
9282,grappler,0.015044500761737531
4309,coliseums,0.015044500761737531
14789,optionspersonalize,0.015044500761737531
2339,battlepowered,0.015044500761737531
841,actionnew,0.015044500761737531
22608,vehiclesblast,0.015044500761737531
13179,micromanaged,0.015021273768147353
8959,gestapo,0.01501777026062401
22675,vga,0.01498810912972702
17148,refuses,0.014972253252476371
23215,whichever,0.014965118098492663
18375,screenshots,0.014946000364569613
8007,finely,0.01491935023192555
19633,specular,0.014904601795473317
16971,reappearis,0.014901919318302117
18520,selfproclaimed,0.014901919318302117
13655,mourns,0.014901919318302117
10872,inherit,0.014901919318302117
10133,hoax,0.014901919318302117
9165,goodnatured,0.014901919318302117
13607,mothers,0.014901919318302117
3283,businessman,0.014901919318302117
23314,willoughby,0.014901919318302117
20913,teetering,0.014901919318302117
12223,liliac,0.014901919318302117
11144,inventionfilled,0.014901919318302117
17777,roadmap,0.014901919318302117
9951,hershes,0.014901919318302117
20179,stressed,0.014901919318302117
14513,occurences,0.014901919318302117
5550,deceased,0.014901919318302117
11451,josiahs,0.014901919318302117
3033,brazen,0.014901919318302117
4747,contested,0.014901919318302117
17153,regains,0.01489473946869302
18480,seediest,0.014881556791989653
17162,reggae,0.014881556791989653
12184,lifts,0.014873903994194571
22449,useful,0.01487225101424578
13596,mortis,0.014868885975843167
5516,dearborn,0.014868885975843167
14024,necromonicon,0.014868885975843167
22060,unanswered,0.014860703615951409
19832,stabandjab,0.014852794632905212
1936,attired,0.014852794632905212
3834,charactersfour,0.014852794632905212
1947,attracts,0.014852794632905212
13078,mentioned,0.014838949973168114
16726,racin,0.014813530767220277
18020,rushhour,0.014813530767220277
6721,ed,0.014813530767220277
9484,gunit,0.014813530767220277
1510,antidote,0.014813530767220277
15313,pedaltothemetal,0.014813530767220277
5604,deepdish,0.014813530767220277
2783,blues,0.014813530767220277
8161,flicks,0.01481080769048859
3731,centering,0.014803574402358854
15984,portions,0.014786973424719095
3356,caesars,0.014786973424719095
1089,agrippas,0.014786973424719095
6975,endures,0.014767964748373878
14158,nichtsnutz,0.014767964748373878
11356,jeanmichel,0.014767964748373878
12955,mckay,0.014767964748373878
9747,haute,0.014767964748373878
14364,noticing,0.014767964748373878
1587,appoint,0.014767964748373878
4569,conceited,0.014767964748373878
23320,windmill,0.014767964748373878
5874,dethrone,0.014767964748373878
9516,gutsy,0.014767964748373878
10945,inspiring,0.014767964748373878
22086,uncles,0.014767964748373878
5078,creaking,0.014767964748373878
18335,scorned,0.014767964748373878
11163,investors,0.014767964748373878
8094,fizzled,0.014767964748373878
22277,unpopular,0.014767964748373878
5262,culprits,0.014767964748373878
18419,sear,0.014767964748373878
6470,drinking,0.014767964748373878
21311,tick,0.014767964748373878
5499,deadlines,0.014767964748373878
3921,ches,0.014767964748373878
20052,stitch,0.014767964748373878
11883,languages,0.014767964748373878
3933,chic,0.014767964748373878
22178,unfashionable,0.014767964748373878
21701,traquenard,0.014767964748373878
17817,rocketing,0.014767964748373878
14488,obsessively,0.014767964748373878
20871,teas,0.014767964748373878
702,abroad,0.014767964748373878
8281,foothold,0.014767964748373878
4729,contacts,0.014767964748373878
15505,photographer,0.014767964748373878
22920,walter,0.01476100600912909
3092,briefings,0.01476100600912909
21617,tractor,0.014758136024419676
17350,repertoire,0.01475245198656467
4698,consolegame,0.01475245198656467
7545,extraneous,0.01475245198656467
15403,perplexed,0.01475245198656467
13734,mulletsporting,0.01475245198656467
20458,supersoldier,0.01475245198656467
5606,deepening,0.01475245198656467
11947,lauded,0.01475245198656467
3743,cerebral,0.01475245198656467
13733,mullets,0.01475245198656467
4133,claws,0.014733962621937192
9774,hazuki,0.01472263594768342
5685,delight,0.014719024647856146
4315,collapsed,0.014718588574841592
17254,religionand,0.014718588574841592
149,1542a,0.014718588574841592
16070,powerlessa,0.014718588574841592
16550,puppet,0.014718588574841592
222,1979,0.014703572843453644
7672,false,0.014703572843453644
13327,minorleaguersthere,0.014700602562602723
16771,raid,0.014674121858840832
11764,kojima,0.0146699555151091
14520,ocelot,0.0146699555151091
12279,liquid,0.0146699555151091
13532,monumental,0.014653700620243813
21029,textures,0.014648692951722813
11324,janes,0.014641644848633902
1042,afterthought,0.014640819209186874
269,20012002,0.014625039442379964
9646,hank,0.014625039442379964
5321,cutaways,0.014625039442379964
12481,lowpost,0.014625039442379964
15491,philadelphias,0.014625039442379964
16996,rebounding,0.014625039442379964
17003,rec,0.014625039442379964
14446,oaklands,0.014625039442379964
13603,mosswood,0.014625039442379964
366,2k2s,0.014625039442379964
21657,trances,0.014618782856049376
8451,fray,0.01455754900799353
17608,revives,0.01455754900799353
18868,shrine,0.01455754900799353
21108,themed,0.014557439350867259
4577,concentration,0.014553541165340569
4486,comparisons,0.014553541165340569
23358,wipeout,0.014553541165340569
18451,secondly,0.014553541165340569
6661,earthlings,0.014553541165340569
2676,blank,0.014553541165340569
17423,requiringdeadly,0.014546883071521638
1996,authorityproduct,0.014546883071521638
21496,toosensitive,0.014546883071521638
14653,onceinserted,0.014546883071521638
10999,intelligenceforces,0.014546883071521638
21099,thelatest,0.014546883071521638
689,ablackbox,0.014546883071521638
5572,decisively,0.014546883071521638
15381,performsurgical,0.014546883071521638
10811,informationgabe,0.014546883071521638
15729,plausible,0.014546883071521638
7005,engagements,0.014541894205649681
2143,badder,0.014527757166450337
16745,radiation,0.014527757166450337
17132,reflected,0.014518749183565837
21305,ti,0.01451541260544745
4365,colossi,0.014513401579828585
22896,waken,0.014513401579828585
17606,revivala,0.014513401579828585
19562,spacious,0.014513401579828585
20024,sticking,0.01451012364598107
18528,selves,0.014500649696512286
22907,walks,0.01450041557157459
19356,snowy,0.014492879800516351
10396,hurricane,0.014486405710223712
114,120,0.014477643125794911
3397,camaro,0.014455214719130251
11199,irish,0.014429465067549253
15290,pccd,0.014425335814893431
10904,innovat,0.014413191065586502
17249,relief,0.014407004488718525
19680,spikeout,0.014405377568671697
23764,yukes,0.014405377568671697
11156,investigating,0.014399563954364395
21958,twobyfour,0.014399563954364395
18244,scarce,0.014399563954364395
15666,plaguing,0.014399563954364395
7377,exclusivelylicensed,0.014376394994126481
5492,ddrs,0.014376394994126481
7777,fatboy,0.014376394994126481
9980,hige,0.01436730064137141
7928,fiancee,0.014351826486433255
23446,wookiee,0.014348701714110264
3837,characterslike,0.01433613962254028
2636,bisons,0.01433613962254028
18095,sagat,0.01433613962254028
8056,firstrate,0.01433613962254028
11530,justifies,0.01433613962254028
1082,agony,0.01433613962254028
14019,necks,0.01433613962254028
2677,blanka,0.01433613962254028
1907,attackan,0.01433613962254028
13495,moniker,0.01433613962254028
6212,dizzies,0.01433613962254028
4695,consolation,0.01433613962254028
10701,indefensible,0.01433613962254028
6341,doubleteaming,0.01433613962254028
15300,peaches,0.01433613962254028
18046,ryuback,0.01433613962254028
23151,welldefined,0.01433613962254028
17107,reduces,0.01433613962254028
13980,nay,0.01433613962254028
19899,staple,0.01433613962254028
14907,outlander,0.014332352207652863
22391,upcloseandpersonal,0.014332352207652863
5129,crevasse,0.014332352207652863
448,3rdperson,0.014332352207652863
8866,gearing,0.014332352207652863
20406,sung,0.014332352207652863
16352,progresswhich,0.014332352207652863
14157,nicholas,0.014332352207652863
21994,typographical,0.014332352207652863
6353,downfall,0.014332352207652863
5970,difficultly,0.014332352207652863
17698,rifta,0.014332352207652863
15645,pixar,0.014316972159487225
5170,critter,0.014310087783727297
4557,computercontrolled,0.014303323805783252
21778,triggering,0.014302841007662652
2768,blowdesign,0.014302841007662652
17631,rewardput,0.014302841007662652
16200,pressconference,0.014302841007662652
23132,weighinswatch,0.014302841007662652
3320,bygreat,0.014302841007662652
3803,changingclench,0.014302841007662652
23131,weighins,0.014302841007662652
10119,hitor,0.014302841007662652
7961,fightersestablish,0.014302841007662652
7986,filmquality,0.014302841007662652
19567,spanish,0.014300539250289004
10578,impede,0.014280383643833102
6024,directed,0.01427498928820332
1971,augmentations,0.014261738077123465
5743,denton,0.014261738077123465
301,2052,0.014261738077123465
7419,existsno,0.014261738077123465
13916,nanotechnologically,0.014261738077123465
13915,nanotech,0.014261738077123465
1068,agesold,0.014261738077123465
11350,jc,0.014261738077123465
6077,disconnected,0.014260190197584214
11626,kernel,0.014251183308467034
17769,rivia,0.014251183308467034
15352,peopled,0.014251183308467034
16565,purges,0.014251183308467034
22692,viciously,0.014251183308467034
18829,shortsighted,0.014251183308467034
7655,fairytale,0.014251183308467034
13036,meld,0.014251183308467034
12742,mano,0.014251183308467034
5822,despicable,0.014251183308467034
8352,forsake,0.014251183308467034
22553,vanity,0.014251183308467034
16731,racism,0.014251183308467034
10869,inhabits,0.014251183308467034
1300,ambiguity,0.014251183308467034
4898,correlated,0.014251183308467034
22343,unwillingly,0.014251183308467034
13514,monsterhunting,0.014251183308467034
22305,unrivalled,0.014251183308467034
13553,morality,0.014251183308467034
20695,tacticallydeep,0.014251183308467034
22071,unbeatable,0.014251183308467034
23237,whitehaired,0.014251183308467034
16153,prejudice,0.014251183308467034
11137,invariably,0.014251183308467034
20624,swordmaster,0.014251183308467034
17213,reinvigorating,0.014251183308467034
23304,wille,0.01424744302388462
12592,macht,0.01424744302388462
15768,playersone,0.014247437635643323
15867,plusthe,0.014247437635643323
21056,theatres,0.014247437635643323
7744,fascist,0.014247437635643323
681,aberdeen,0.014247437635643323
8036,firefight,0.014247437635643323
14290,nonfiction,0.014237548568848296
4112,clarity,0.014237548568848296
4903,corrion,0.014237548568848296
1745,articles,0.014237548568848296
5020,cpl,0.014237548568848296
1121,airborneranger,0.014237548568848296
17529,ret,0.014237548568848296
1027,afghanistan,0.014237548568848296
18207,savage,0.014237501965773478
23283,wiiconnect24,0.014230843680613805
16052,powell,0.014211284685166659
19875,stamp,0.014196177718698624
7192,ereader,0.01417646467323164
16186,presenting,0.014172346437055602
11787,krazy,0.01416222531168155
6002,dings,0.01416222531168155
15053,padding,0.01416222531168155
10506,illegal,0.01416183400753218
14533,oddball,0.014159998721236477
10125,hitz,0.014151530015774665
2732,bloc,0.014146815687476633
194,1915,0.014140516755620447
8992,giacchino,0.014133625828665817
13850,mute,0.014130952377972262
17956,rr,0.014105362294041598
6162,distinguished,0.014105362294041598
16748,radically,0.014105362294041598
7874,feline,0.014105362294041598
1149,ais,0.014105362294041598
19367,sober,0.014105362294041598
13473,mole,0.014105362294041598
524,5nla,0.014105362294041598
22875,vuses,0.014105362294041598
22125,underpass,0.014105362294041598
16938,realas,0.014105362294041598
16077,powersliding,0.014105362294041598
20157,straying,0.014105362294041598
23233,whispers,0.014102569907313131
15009,owned,0.014102569907313131
15064,pages,0.014100911785276905
15390,peripheral,0.01405938548295065
11383,jester,0.014056079815253574
12033,leery,0.014050004790961497
10737,industrialized,0.014050004790961497
22118,underlies,0.014050004790961497
3365,cain,0.014050004790961497
1948,attribute,0.014050004790961497
2978,boyarsky,0.014050004790961497
7567,eyeglasses,0.014050004790961497
4126,classless,0.014050004790961497
23471,worldbuilding,0.014050004790961497
21807,troika,0.014050004790961497
21590,townspeople,0.014050004790961497
11341,jason,0.014050004790961497
12319,llc,0.014050004790961497
8170,flintlock,0.014050004790961497
15886,pointbased,0.014050004790961497
21183,thinkers,0.014050004790961497
4642,conjunction,0.014038884858484124
6385,drafting,0.01403507095327449
8087,fixed,0.014030932174103977
23178,werent,0.014022326736741746
14339,norules,0.014018922782788032
22759,vinyls,0.014017498168291438
16582,pursuits,0.014017498168291438
5582,decode,0.014009730442137467
18258,scavenge,0.014009730442137467
23647,yamauchi,0.01399291069427374
41,05mitsubishi,0.01399291069427374
19825,srt10,0.01399291069427374
18475,sedan,0.01399291069427374
3580,carsuzuki,0.01399291069427374
93,1080p,0.01399291069427374
23771,z06,0.01399291069427374
14394,nsx,0.01399291069427374
22495,v6,0.01399291069427374
332,24v,0.01399291069427374
20019,sti,0.01399291069427374
107,111r,0.01399291069427374
11593,kazunori,0.01399291069427374
9429,gti,0.01399291069427374
19535,sp,0.01399291069427374
3476,cappuccino,0.01399291069427374
16777,raiding,0.0139919463037593
11506,junction,0.013987522208059527
23559,writer,0.013975801806154547
9833,heather,0.013975801806154547
5831,destinies,0.013972291491258126
10573,impale,0.013972291491258126
5712,demigod,0.013972291491258126
5974,dig,0.013963341856531725
13580,moronic,0.013961120554430594
20500,surpassed,0.013961120554430594
19515,soundtracks,0.013958461453856817
14612,oh,0.013945422630787891
10523,illustrations,0.013944435879646463
19688,spinball,0.013944435879646463
2724,blisteringfast,0.013944435879646463
13049,melting,0.013929072490681638
18795,shogunate,0.013929072490681638
450,3s,0.01392214617162532
23694,yogi,0.013912051825450814
21238,threeman,0.013912051825450814
12663,majorleague,0.013912051825450814
2514,berra,0.013912051825450814
12557,lyons,0.013912051825450814
19249,sluggers,0.013912051825450814
22282,unprotected,0.013912051825450814
2832,boils,0.013898958668175943
6913,empowered,0.013862226804398426
11877,landscape,0.013859748582227386
19932,startled,0.0138521814963777
22220,uniqueness,0.0138521814963777
21343,tikithemed,0.0138521814963777
13477,molten,0.0138521814963777
7054,enormously,0.0138521814963777
22664,vertigoinducing,0.0138521814963777
11965,lava,0.0138521814963777
11572,kartstyle,0.0138521814963777
11202,ironic,0.0138521814963777
11841,ladybug,0.0138521814963777
23167,wellplaced,0.0138521814963777
12400,longlived,0.0138521814963777
13872,mystics,0.01384383750221169
22758,vintage,0.013825865093521716
16134,predicting,0.013818216834027765
2209,bandwagon,0.013818216834027765
19919,starlet,0.013818216834027765
10162,hollywoodfrom,0.013818216834027765
22931,wantfrom,0.013818216834027765
11475,judgement,0.013818216834027765
20746,talkies,0.013818216834027765
19753,spotter,0.013818216834027765
21404,tinseltown,0.013818216834027765
7984,filmmakers,0.013818216834027765
3744,ceremonies,0.013818216834027765
17055,recordsis,0.013818216834027765
9588,hammy,0.013818216834027765
18236,scandals,0.013818216834027765
11161,investments,0.013818216834027765
13468,mogul,0.013818216834027765
2273,based,0.013817407945433981
23544,wrenching,0.013803390633328498
16421,protg,0.013803390633328498
13189,mid90s,0.013803390633328498
8586,fullfledged,0.013803390633328498
11566,karnak,0.013803390633328498
9407,grownup,0.013803390633328498
17785,roamed,0.013803390633328498
17623,revolvers,0.013803390633328498
15566,pigtailed,0.013803390633328498
22011,ubiquitous,0.013803390633328498
9026,giza,0.013803390633328498
3366,cairo,0.013803390633328498
5412,dangle,0.013803390633328498
15602,pinup,0.013803390633328498
10262,horus,0.013803390633328498
20424,supercars,0.013778946867185655
2061,awareness,0.013766577166211737
12277,lipsynching,0.01375963250073504
23409,wizened,0.01375963250073504
20924,televisions,0.01375963250073504
20761,tamriels,0.01375963250073504
14471,oblivions,0.01375963250073504
15647,pixelshader,0.01375963250073504
22310,unscripted,0.01375963250073504
23161,wellimplemented,0.013759404674278898
20755,tamamayu,0.013759404674278898
12615,madscientist,0.013759404674278898
13103,merger,0.013759404674278898
4452,committing,0.013759404674278898
12169,lifelong,0.013740542579344782
9623,handles,0.013733427563001348
11844,laguna,0.013732477839036198
5182,crops,0.013732477839036198
9857,heels,0.013721398599494219
20382,suitable,0.013711776113464611
7028,enhancements,0.013705040892434149
22160,uneasiness,0.013700705298626463
23494,worldsthe,0.013700705298626463
11607,kei,0.013700705298626463
1278,amakura,0.013700705298626463
13764,multiplayable,0.013700705298626463
11802,kurosawa,0.013700705298626463
9465,guilt,0.013700705298626463
16480,psychologically,0.013700705298626463
1563,apparition,0.013700705298626463
3011,brandish,0.013697629765740304
576,750,0.013697629765740304
12772,mapsor,0.013697629765740304
8778,gamestream,0.013697629765740304
8743,gameoftheyear,0.013697629765740304
7706,fangenerated,0.013697629765740304
9998,higherresolution,0.013697629765740304
137,145,0.013697629765740304
4143,cleared,0.013687976395285508
11571,karts,0.013681702361359684
10069,hilt,0.013670871682805593
8640,furnishings,0.013669992343036607
17180,regularly,0.013667897068893927
17157,regarding,0.013664972470020386
6643,eagles,0.013664972470020386
13060,memorize,0.013660812572302377
23361,wireframe,0.013651549709717777
17395,reproductions,0.013651549709717777
13582,morphed,0.013651549709717777
18643,shaded,0.013651549709717777
19612,specializing,0.013648932870647123
10512,illsuited,0.013648932870647123
3313,buyout,0.013648932870647123
6682,eastwards,0.013648932870647123
23054,waysbr,0.013648932870647123
16025,posterbr,0.013648932870647123
23385,withbr,0.013648932870647123
18891,siberia,0.013648932870647123
1252,alpine,0.013648932870647123
12891,materialbr,0.013648932870647123
20069,stopover,0.013648932870647123
22515,valadilene,0.013648932870647123
15402,perpetual,0.013648932870647123
21025,textbook,0.013648932870647123
7628,factorybr,0.013648932870647123
11523,justadventurecom,0.013648932870647123
20725,takeover,0.013648932870647123
21661,transaction,0.013648932870647123
21938,twentieth,0.013648932870647123
4478,companybr,0.013648932870647123
3319,bygone,0.013648932870647123
6799,elderly,0.013648932870647123
6777,eidolons,0.013636182550768362
1869,atb,0.013636182550768362
12068,lend,0.013617903856089714
3218,bulge,0.013617222851917177
3911,chemical,0.01360523524721046
14625,oldschool,0.013573917084624177
12159,lieutenant,0.0135652295266722
10851,infrequent,0.013563554449773722
16163,prep,0.013563554449773722
9883,helicarrier,0.013557350162175576
21205,thor,0.013557350162175576
6249,dodgingrolling,0.013557350162175576
8694,galactus,0.013557350162175576
6813,elektra,0.013557350162175576
20310,submerged,0.013557350162175576
3846,chargeable,0.013557350162175576
19120,skrull,0.013557350162175576
10593,implementations,0.013557350162175576
10729,indivisible,0.013557350162175576
1020,affecting,0.013557350162175576
3692,cebulski,0.013557350162175576
1124,aircombat,0.01355171251077677
423,38,0.01355171251077677
966,advantageas,0.01355171251077677
22352,upc008888172642,0.01355171251077677
23577,ww,0.01355171251077677
19804,squadronbased,0.01355171251077677
23338,wingmans,0.01355171251077677
14223,no17264,0.01355171251077677
6988,enemyformat,0.01355171251077677
19157,slashes,0.013551354655930192
7146,eon,0.013544710884914527
2485,belonged,0.013535421740644841
17595,review,0.013530393740930312
709,absolution,0.013505743223104567
1972,augmented,0.013496728568914835
16447,prowess,0.013495420290779624
12293,literature,0.013486740410679189
11716,kits,0.013478643001820938
2753,bloodline,0.013457309714125978
14990,overtime,0.013444909427736264
2996,brainmelting,0.013444909427736264
9044,glands,0.013444909427736264
1393,andof,0.013444909427736264
4982,coursedeathmatch,0.013444909427736264
22227,uniting,0.013441287371679189
5488,ddp,0.013434071846251795
10139,hockey,0.013425942654057388
12993,mechanized,0.013409634667792481
16991,rebellion,0.013394698187612818
9172,goofy,0.013389544052062887
9898,helmet,0.013379282383189738
18956,silk,0.013369360333524333
12507,lucy,0.013367519437924365
15463,pevensie,0.013367519437924365
6741,edmund,0.013367519437924365
19019,singleminded,0.013364910927974089
13188,mid21st,0.013341638040929336
17464,resistancemost,0.013341638040929336
12676,makron,0.013341638040929336
10188,homeworlds,0.013341638040929336
5759,depleted,0.013341638040929336
8147,flesh,0.013341638040929336
6509,dropships,0.013341638040929336
4943,counterassault,0.013341638040929336
22706,videogame,0.013337081957256103
6941,encouraged,0.01332448835579151
696,aborted,0.013316959589650004
7667,falling,0.013313563108891391
12031,lee,0.013297608922681284
7394,exert,0.01329081530874263
20104,storylineview,0.01329081530874263
18800,shooterfeatures,0.01329081530874263
16941,realismstill,0.01329081530874263
11421,jobview,0.01329081530874263
18734,sherman,0.013286545692991914
5301,curve,0.013286222249532773
6770,ego,0.013282881676810392
17937,roving,0.013281536354566477
10440,icecold,0.013281536354566477
20193,strikers,0.013281536354566477
8843,gator,0.013265635419211002
16212,preteens,0.013258629608108818
19147,slamajam,0.013258629608108818
23451,woozy,0.013258629608108818
14369,notsodistant,0.013258629608108818
11505,jumpthrow,0.013258629608108818
11843,lagoons,0.013258238570253371
1168,album,0.013258149184688619
3330,c6,0.013253955408058697
19138,sl,0.013253955408058697
18150,sanctuary,0.01324986243235008
8584,fulfills,0.01324986243235008
19341,snowboard,0.013244276574351151
23571,wrx,0.013242321198760489
7748,fashioned,0.013227354583032333
8363,fortitude,0.013226982272035191
23562,writing,0.013223678356165579
20360,sucking,0.013222807949459531
7133,environmentin,0.013199716081370539
19608,specialization,0.013199716081370539
8041,firepowerover,0.013199716081370539
20663,systemin,0.013199716081370539
20661,systemcharacter,0.013199716081370539
17098,redo,0.013199716081370539
1549,apcs,0.013199716081370539
17809,robotniks,0.013196446478642402
9164,goodman,0.013189425599637332
12074,lengthy,0.01318810164104608
16402,props,0.013172608566987999
11952,laughs,0.013170949191273708
22088,uncommon,0.013142694215883781
1795,aspirations,0.013134213196294708
22978,warrants,0.013121908082911476
7207,escapades,0.013121908082911476
8627,funniest,0.013121908082911476
15095,pales,0.013121908082911476
12633,magnets,0.013109140899926876
5984,dilemma,0.013107672693296773
13617,motionpicture,0.01310564603499215
16753,radiosity,0.01310564603499215
13488,mona,0.01310564603499215
7985,filmnoir,0.01310564603499215
17617,revolutionizing,0.01310564603499215
4550,compulsive,0.01310564603499215
18217,sax,0.01310564603499215
20645,synchronization,0.01310564603499215
758,accidents,0.01310413718033121
14662,onebutton,0.013102540387786096
15366,perennial,0.013102540387786096
764,accommodates,0.013099245101580071
20465,supervillains,0.013097632330116736
5520,deathdefying,0.013097632330116736
677,abducted,0.013091554547661526
13361,miss,0.013090496848139437
12466,lovingly,0.01307699769643048
9374,groomed,0.01307699769643048
12871,masterpieces,0.01307699769643048
19148,slammed,0.013075485779808042
18779,shiv,0.013004895631749417
11310,jailed,0.013004895631749417
20682,taboo,0.013004895631749417
8531,frightfilled,0.013004895631749417
8404,fourtime,0.013004895631749417
10515,illuminates,0.013004895631749417
20368,sufferings,0.013004895631749417
17197,reincarnated,0.013004895631749417
19713,splattering,0.013004895631749417
15945,pooling,0.013004895631749417
2519,besiege,0.013004895631749417
9877,helene,0.013004895631749417
22783,visions,0.013004895631749417
3713,cells,0.013004895631749417
18708,sheeler,0.013004895631749417
18315,scissorhands,0.013004895631749417
12930,maximumsecurity,0.013004895631749417
18005,rune,0.012995857520963898
12181,lift,0.012988767713394335
3964,chip,0.012977792253243291
6764,effortlessly,0.012977018951364203
3352,cadets,0.012960196145841867
17517,resulted,0.012955759427718597
22727,viewtiful,0.012946587200050394
15641,pity,0.012944358372409327
6283,dominated,0.012944358372409327
1825,assigning,0.012938705458977153
6924,encapsulated,0.012938705458977153
13718,muddles,0.012938705458977153
13775,multiscenario,0.012938705458977153
23018,watercolor,0.012938705458977153
10652,inbattle,0.012938705458977153
7701,fanciful,0.012936494882868214
1601,appropriate,0.012930431548747538
2130,backstabbing,0.012924264021631602
15414,persists,0.012924264021631602
21626,tradesmen,0.012924264021631602
20347,succeeding,0.012924264021631602
15050,pact,0.012916794430553229
14966,overload,0.012900788846895375
8354,forsaking,0.0128910590272433
8160,flicking,0.0128910590272433
1508,anticipation,0.0128910590272433
17616,revolutionizes,0.0128910590272433
7602,facemask,0.0128910590272433
23284,wiiexclusive,0.0128910590272433
13611,motionbased,0.0128910590272433
10955,instalment,0.012878185440264632
8493,freezing,0.012868052642434128
14345,nostalgia,0.01285814067688828
20363,suddenly,0.012856453690355684
17322,rendezvous,0.012854720458873892
19696,spiny,0.012848254403736553
15320,peer,0.012836168936759408
6419,dramatize,0.012812954000057063
1010,aesir,0.012812954000057063
21217,thoughts,0.012812954000057063
12076,lenneths,0.012812954000057063
9920,heralds,0.012812051353646584
9899,helmets,0.012812051353646584
4704,conspiracies,0.012800877295900999
22768,viral,0.012800877295900999
9773,hazmat,0.012800877295900999
10801,informationdate,0.012784448809306863
464,40thcentury,0.012784448809306863
2606,bioderm,0.012784448809306863
9842,heavies,0.012784448809306863
19103,skims,0.012784448809306863
14860,otherseither,0.012784448809306863
4496,compensate,0.012784448809306863
3516,carddx,0.012784448809306863
20730,takesteambased,0.012784448809306863
17686,ridgeline,0.012784448809306863
4465,communicationsmassive,0.012784448809306863
18955,silhouette,0.012784448809306863
8366,fortribes,0.012784448809306863
16810,ram553,0.012784448809306863
19540,space12,0.012784448809306863
425,3941,0.012784448809306863
14597,ofrate,0.012784448809306863
12983,measured,0.012784448809306863
7015,enginetribes,0.012784448809306863
13595,mortars,0.012784448809306863
9994,higher4x,0.012784448809306863
12303,livefeaturing,0.012784448809306863
360,2is,0.012784448809306863
22575,vastbreathtaking,0.012784448809306863
15394,perishthere,0.012784448809306863
7843,featuresthe,0.012784448809306863
16303,processor64,0.012784448809306863
23489,worldsalternatively,0.012784448809306863
11388,jetpackequipped,0.012784448809306863
20443,superiorteamwork,0.012784448809306863
15778,playfight,0.012784448809306863
3420,campaignsystem,0.012784448809306863
15796,playsingleplayer,0.012784448809306863
10514,illuminate,0.012784448809306863
21062,thebioderm,0.012784448809306863
23626,xp300,0.012784448809306863
856,actionwith,0.012784448809306863
20525,survivaljoin,0.012784448809306863
6671,easegamers,0.012784448809306863
892,addiction,0.01276686045335478
22084,uncharted,0.012762781957076278
21990,typeskeep,0.012754078452522489
11271,itstay,0.012754078452522489
21112,themetal,0.012754078452522489
10808,informationfeel,0.012754078452522489
11420,jobsdamaged,0.012754078452522489
14941,outta,0.012754078452522489
21980,tycoonproduct,0.012754078452522489
7846,featuresyou,0.012754078452522489
23461,workin,0.012754078452522489
21447,todo,0.012754078452522489
4254,coastproduct,0.012754078452522489
1366,andbuild,0.012754078452522489
2927,bossyou,0.012754078452522489
15226,pastbustling,0.012754078452522489
21639,trailers,0.012754078452522489
4603,conditionsdispatch,0.012754078452522489
15669,plainscan,0.012754078452522489
20750,talkswhen,0.012754078452522489
21413,tiptop,0.012754078452522489
4861,coppers,0.012754078452522489
21270,throughdangerous,0.012754078452522489
15349,peons,0.012754078452522489
23705,youare,0.012754078452522489
6899,empireminimum,0.012754078452522489
17781,roadstep,0.012754078452522489
189,18wheeler,0.012754078452522489
22541,vampiric,0.012753245060484327
19857,stairs,0.012744504523018273
713,absurd,0.01274004115614222
15348,penultimate,0.012716240954970844
11393,jettisoned,0.01269712698631832
13350,misfit,0.01269712698631832
5992,dimensionjumping,0.01269712698631832
3001,brainwash,0.01269712698631832
14283,nomura,0.01267171458347025
22559,variables,0.012664033477489074
14834,origins,0.012656475531368554
20537,susan,0.012650475937864199
14747,operate,0.012625343837867824
16830,randomized,0.012601974926844329
2358,bc,0.012559952751118838
2537,bet,0.01255643899587727
23397,withstand,0.01255405757653516
14413,numberone,0.012547427519437321
22642,venue,0.012547427519437321
1673,ares,0.012541300461735495
19385,sofa,0.01252264291094245
7785,fatherinlaw,0.012513473634004341
11220,isao,0.012513473634004341
15018,oyabun,0.012513473634004341
9118,godfathers,0.012513473634004341
3831,characterscreated,0.012505667077788671
15485,phenomenally,0.012505667077788671
14327,norraths,0.012505667077788671
23388,withering,0.012505667077788671
1530,antonius,0.012505667077788671
2351,bayle,0.012505667077788671
15764,playersand,0.012505667077788671
13094,merchants,0.012505667077788671
4530,componentit,0.012505667077788671
13275,mindbendingly,0.012505667077788671
16619,qeynos,0.012505667077788671
306,20minute,0.012505667077788671
15776,playfest,0.012505667077788671
6797,eldarr,0.012505667077788671
8481,freeport,0.012505667077788671
3965,chips,0.01249167394125867
21734,tree,0.01248946119197737
17187,rehashed,0.012483048990289023
18175,sapiens,0.012483048990289023
15810,playwith,0.012483048990289023
22967,warmers,0.012483048990289023
10192,homo,0.012483048990289023
6293,donations,0.012483048990289023
13147,metro3ds,0.012483048990289023
20265,sturdiest,0.012483048990289023
20450,supernovas,0.012483048990289023
10786,influx,0.012483048990289023
13251,millenium,0.012483048990289023
5933,diaspora,0.012483048990289023
13241,milieu,0.012483048990289023
17950,rpglike,0.012483048990289023
19506,sounding,0.012483048990289023
13851,muted,0.012483048990289023
12245,linearscripted,0.012483048990289023
8912,genocidal,0.012483048990289023
19914,starflight,0.012483048990289023
731,accelerate,0.012483048990289023
14649,onceand,0.012483048990289023
11049,interjects,0.012483048990289023
13566,morepowerful,0.012483048990289023
21745,trend,0.012483048990289023
13398,mixing,0.012459783017894712
6594,dutifully,0.012453891479068648
16250,primematerial,0.012453891479068648
16238,priest,0.012453891479068648
10185,homeward,0.012453891479068648
21580,towand,0.012453891479068648
3616,caster,0.012453891479068648
22307,unsatisfied,0.012453891479068648
21845,trudge,0.012453891479068648
9561,halfling,0.012453891479068648
19021,singlepc,0.012453891479068648
676,abbreviated,0.012449734099234326
12486,loyaland,0.012449734099234326
12708,mandalorian,0.012449734099234326
2542,betraying,0.012449734099234326
19302,smuggler,0.012449734099234326
4417,comingofage,0.012449734099234326
4255,coasts,0.012449734099234326
11103,intraparty,0.012449734099234326
20619,swoops,0.012449734099234326
20659,systemanyone,0.012449734099234326
15253,patriot,0.012449734099234326
10189,homicidaldroid,0.012449734099234326
8739,gamemike,0.012449734099234326
7599,faceless,0.012449734099234326
23447,wookies,0.012449734099234326
12709,mandalorians,0.012449734099234326
5356,d20,0.012449734099234326
10616,impressiveabout,0.012449734099234326
4488,compassion,0.012449734099234326
10127,hk47,0.012449734099234326
5651,deflect,0.012449734099234326
19045,siths,0.012449734099234326
15268,pausing,0.012449734099234326
15685,planethopping,0.012449734099234326
4720,consular,0.012449734099234326
3985,chooses,0.012449734099234326
9340,grevious,0.012446660998592242
10929,insectoid,0.012446660998592242
21658,trandoshan,0.012446660998592242
23077,weaponproduct,0.012446660998592242
485,4man,0.012446660998592242
141,14intense,0.012446660998592242
23306,willface,0.012446660998592242
11982,layered,0.012446660998592242
10834,informationstar,0.012446660998592242
14598,ofrepublic,0.012446660998592242
443,3man,0.012446660998592242
22091,uncompromising,0.012446660998592242
5503,deadlyweapons,0.012446660998592242
23713,youexplore,0.012446660998592242
8916,genosiswindows,0.012446660998592242
17406,request,0.012443692499344992
13112,mesa,0.012418039901084399
5523,deathmatches,0.012418039901084399
7773,fatale,0.01240265022457563
12160,lieutenants,0.01238734973126968
20456,superslick,0.012379943934933009
21612,trackslocated,0.012379943934933009
13836,musthaves,0.012379943934933009
20831,taxis,0.012379943934933009
4049,circuitbased,0.012379943934933009
8438,franciscoare,0.012379943934933009
8656,futuregeneration,0.012379943934933009
21372,timeofday,0.012379943934933009
2135,backthis,0.012379943934933009
4065,citybased,0.012379943934933009
76,100plus,0.012379943934933009
680,abe,0.01237630861132676
14538,oddworld,0.01237630861132676
13790,munch,0.01237630861132676
21268,throttle,0.012358736977065663
7703,fandango,0.012358736977065663
21133,theoryyoull,0.012358736977065663
12120,levelsthree,0.012358736977065663
5106,creationthe,0.012358736977065663
4263,cobwebs,0.012358736977065663
3448,canoeing,0.012358736977065663
19822,squishy,0.012358736977065663
18273,schafer,0.012358736977065663
10533,imaginary,0.012358736977065663
20295,subchallenges,0.012358736977065663
8288,footsteps,0.012358736977065663
21339,tightropes,0.012358736977065663
16475,psychicallyarmed,0.012358736977065663
16598,puzzlegame,0.012358736977065663
18274,schafers,0.012358736977065663
21696,trapezes,0.012358736977065663
678,abducting,0.012358736977065663
1234,allthe,0.012358736977065663
11459,journeying,0.012358736977065663
7968,figments,0.012358736977065663
19210,slink,0.012358736977065663
11510,junglegyms,0.012358736977065663
22587,vaults,0.012358736977065663
5709,dementia,0.012358736977065663
20918,telepathically,0.012358736977065663
5479,dazzled,0.012358736977065663
22153,undyings,0.01235706840865752
7716,fantasycentric,0.01235706840865752
3438,candyman,0.01235706840865752
12579,macabre,0.01235706840865752
8974,ghastly,0.01235706840865752
7239,estates,0.01235706840865752
10908,innovationit,0.01235706840865752
23374,wispy,0.01235706840865752
11159,investigator,0.01235706840865752
7280,eventssome,0.01235706840865752
18388,scrye,0.01235706840865752
20988,terrifyingaction,0.01235706840865752
1893,atmospherethis,0.01235706840865752
7353,excellentand,0.01235706840865752
6420,draperies,0.01235706840865752
9894,hellraiser,0.01235706840865752
19061,sixshot,0.01235706840865752
10243,horrificand,0.01235706840865752
18831,shortstory,0.01235706840865752
8128,flatout,0.01235706840865752
11375,jeremiahs,0.01235706840865752
21674,transforming,0.012351401475244562
2860,bonds,0.012349326121722168
20648,syndicate,0.01233759550030909
8944,geomod,0.012334425086134252
22663,verticality,0.012327821760607982
15990,portrays,0.01232319562308211
5750,depend,0.01231680340088728
21395,tin,0.012316381529444986
7636,fades,0.012316381529444986
19368,socalled,0.012316381529444986
6312,doorjust,0.012316381529444986
7930,fiberoptic,0.012316381529444986
23513,worships,0.012312807991391209
7895,fenix,0.012295433246759713
15312,pedal,0.012294316947162723
17525,resurrect,0.012277374973043265
5513,dealt,0.01227415799242828
8807,gaps,0.01225779747679028
22567,varieties,0.01224948930939892
17071,recruitment,0.012236477209110365
20002,stems,0.012231370829555752
4445,commerce,0.012230997384437265
7420,exit,0.012214100579917982
1918,attain,0.012212020298607835
17128,refinements,0.012204890674055611
18776,shir,0.012200700218111076
22512,vah,0.012200700218111076
16373,promotion,0.012200372675804143
2656,blackops,0.012198559359415053
22168,uneventful,0.01219159326211281
10770,infiltrating,0.012187927928328702
20005,stepbystep,0.012184785226269782
9364,grips,0.012181486522404429
14063,neo,0.012170743121034252
4279,codes,0.01215567440111301
4558,computerentertainment,0.01215185331916333
17665,rick,0.012147181113005846
3683,cc,0.01214709266308319
12972,meanest,0.012145251492022294
7631,factorysealed,0.012145251492022294
9620,handlebars,0.012145251492022294
13330,minotaurs,0.012141725909407491
18117,saloon,0.012138011105795151
18572,serapeclad,0.012138011105795151
4308,coliseum,0.012138011105795151
5017,cowpokes,0.012138011105795151
536,60hz,0.012138011105795151
7189,eraspecific,0.012138011105795151
17622,revolverrated,0.012138011105795151
17796,robbery,0.012138011105795151
19499,sounda,0.012138011105795151
481,480p,0.012138011105795151
23573,wryly,0.012138011105795151
3345,caching,0.012138011105795151
22902,walked,0.012138011105795151
14746,operas,0.012138011105795151
9227,grainy,0.012138011105795151
12086,leones,0.012138011105795151
21363,timeesque,0.012138011105795151
4178,clint,0.012138011105795151
10503,ilk,0.012138011105795151
23185,westerns,0.012138011105795151
23664,yearned,0.012138011105795151
9647,hankerin,0.012138011105795151
22650,vermin,0.012138011105795151
4850,coot,0.012138011105795151
8705,gallop,0.012138011105795151
12532,lures,0.012138011105795151
13587,morricone,0.012138011105795151
6726,edgeconceptclean,0.012138011105795151
4584,conceptual,0.012138011105795151
6683,eastwoods,0.012138011105795151
17367,replaymoderaterated,0.012138011105795151
9276,graphicsthe,0.012138011105795151
21105,thematically,0.012138011105795151
20284,stylistic,0.012138011105795151
20587,sweeter,0.012138011105795151
8074,fisticuffs,0.012138011105795151
15742,playabilityunnaturally,0.012138011105795151
23642,yall,0.012138011105795151
19172,sleazy,0.012138011105795151
23528,wowing,0.012138011105795151
7050,ennio,0.012138011105795151
10137,hobble,0.012138011105795151
18582,sergio,0.012138011105795151
17023,reckon,0.012138011105795151
3759,chainblades,0.012127311174997529
7519,exspartan,0.012127311174997529
15059,pads,0.012124803579143134
17121,reference,0.012100544912756165
10733,indoors,0.012098682168722494
13470,moja,0.012093633179112466
15227,pastel,0.012093633179112466
12361,locohouse,0.012093633179112466
14371,notsonice,0.012093633179112466
12360,loco,0.012093633179112466
17831,roco,0.012093633179112466
6440,dreamcastspecific,0.012067390817426634
5730,demonstrated,0.012057958228588508
23259,whove,0.012051386661397653
3983,choose,0.012028077305399355
2300,bathe,0.012017860078856092
1055,age662248906133,0.012010961944838874
22376,upc662248906133,0.012010961944838874
17300,remodeled,0.012010961944838874
14246,no90613,0.012010961944838874
23780,zap,0.012004980869343559
16096,prayer,0.011998229519176352
23256,whores,0.01199680503285933
9506,gunslingers,0.01199680503285933
3196,buffalo,0.01199680503285933
21998,tyranny,0.01199680503285933
23838,zoro,0.01199680503285933
9733,hatchets,0.01199680503285933
11855,lamborghini,0.01197259298907196
13531,monty,0.011972116122341803
15790,playoffs,0.01195608966755119
21452,toexplore,0.011953102140276716
7524,extends,0.011934286966268404
3960,chinese,0.011916550628855428
14270,noir,0.011903866054262397
22941,warchiefsthe,0.011894246925873823
22940,warchiefs,0.011894246925873823
281,2005age,0.011894246925873823
13703,mscd25988wi,0.011894246925873823
10494,iiiwill,0.011894246925873823
1495,ante,0.011885336735979121
5724,demonfighting,0.011883539392012277
20098,storyenhanced,0.011883539392012277
10750,inextricably,0.011883539392012277
6078,discord,0.011883539392012277
20808,tate,0.011883539392012277
11370,jens,0.011883539392012277
21956,twiststhat,0.011883539392012277
16184,presentday,0.011883539392012277
13183,microphoneheadset,0.011871610534202732
6527,dry,0.011871610534202732
555,6th,0.011855541008936134
5490,ddrmax,0.011855541008936134
10753,infantry,0.011840456623682544
2369,beam,0.011813448916454077
12244,linearity,0.011813448916454077
18103,sajed,0.011813448916454077
4451,committed,0.011812354717876908
15137,par,0.011785856022737105
19435,somebody,0.011785856022737105
10879,inhuman,0.011784641101662158
22989,warships,0.011781921651653846
18557,sentinel,0.011781921651653846
15745,playback,0.011781921651653846
16822,ramps,0.01178180589732049
2799,bo,0.011764283298040447
16085,practically,0.011752512178224091
17455,reside,0.01173770482638632
13433,modems,0.011721722486579397
2118,backfired,0.01172014325763951
12704,manageyou,0.011705996143884541
23828,zooand,0.011705996143884541
12190,lighter,0.011704997976555482
11933,lastly,0.011704997976555482
9419,grunting,0.011704997976555482
14961,overhauled,0.011704997976555482
21222,thqs,0.011704997976555482
18226,scaffolding,0.011704997976555482
10885,injected,0.011695805484447723
4097,clairvoyance,0.011695805484447723
16610,pyrokinesis,0.011695805484447723
12127,levitation,0.011695805484447723
16469,psyche,0.011695805484447723
8894,generating,0.011694225560740597
5222,crumbling,0.011694225560740597
293,2013,0.01169090869337431
7026,enhancedsurvivability,0.01169090869337431
18306,sciencetoday,0.01169090869337431
5185,crosscom,0.01169090869337431
21199,thisnew,0.01169090869337431
21087,theheart,0.01169090869337431
10812,informationghost,0.01169090869337431
13505,monocle,0.01169090869337431
10981,insurgence,0.01169090869337431
1949,attributes,0.011687762634082778
5419,daphne,0.011681059805723452
19307,snacksscoobydoobydoo,0.011681059805723452
22622,velma,0.011681059805723452
18662,shaggy,0.011681059805723452
13003,meddling,0.011681059805723452
6276,domain,0.011676714003200386
1648,archimonde,0.011648824383246928
23359,wiping,0.011632533056131671
10330,hub,0.011617117438756694
6125,dispatched,0.011612122702181904
5762,deployable,0.011612122702181904
4809,conversion,0.01160803835265996
11368,jennifer,0.011592139382930845
7056,enraged,0.011585380725758888
11927,lass,0.011585380725758888
14739,openingday,0.011585380725758888
10603,importantly,0.011581712968041787
10931,inserted,0.01158154013259744
13272,minas,0.011581060394610244
21421,tirith,0.011581060394610244
15515,phrases,0.011579923692593346
15773,playervsplayer,0.011561103398672092
23599,x8,0.011537775369900088
5382,dam,0.011537775369900088
18517,selfcreated,0.011537775369900088
23600,x8s,0.011537775369900088
2873,boo,0.011537775369900088
23551,wrestlings,0.011537775369900088
21425,titantron,0.011537775369900088
11362,jeff,0.011530296273240356
5733,demonstration,0.011529835346574022
18199,satocopyright,0.011529835346574022
20150,strategysimulation,0.011529835346574022
23506,worried,0.011529835346574022
8923,genreike,0.011529835346574022
5885,devastatingly,0.011529835346574022
2334,battlekoei,0.011529835346574022
18699,sharply,0.011529835346574022
5061,crates,0.011529835346574022
16300,processing,0.011527650280613044
15548,picturesjeff,0.011526478245492718
20243,studying,0.011526478245492718
3657,catherine,0.011526478245492718
15551,picturesthen,0.011526478245492718
23463,workofart,0.011526478245492718
11207,irresistibly,0.011526478245492718
6830,elias,0.011526478245492718
7286,everexpanding,0.011526478245492718
16087,practiced,0.011526478245492718
13278,mindchallenging,0.011526478245492718
22438,urus,0.011526478245492718
15546,picturesfollow,0.011526478245492718
6432,drc,0.011526478245492718
21261,thrived,0.011526478245492718
6447,dreamt,0.011526478245492718
18069,sacrificing,0.011517876879211342
5395,damsels,0.011511549458315368
23773,zachary,0.011511549458315368
17472,resorts,0.011505629732626782
18468,section,0.01150116224300422
18193,satisfactory,0.01148692005841141
3408,camerawork,0.01148692005841141
22667,vested,0.01148692005841141
17154,regard,0.01148692005841141
5014,cowboys,0.01148692005841141
9361,gripe,0.011483381384562253
19119,skold,0.011482257697932891
5768,deposited,0.011482257697932891
14370,notsofunny,0.011482257697932891
4220,clowns,0.011482257697932891
6406,dragula,0.011482257697932891
9027,gizmos,0.011482257697932891
8987,ghoulspoon,0.011482257697932891
13321,minisized,0.011482257697932891
18950,silence,0.011482257697932891
5525,deathmobiles,0.011482257697932891
21497,tooth,0.011482257697932891
17749,rises,0.011478578160577253
10410,hydra,0.011476794262924023
8401,fourteen,0.011470814669437017
12600,madcap,0.01146105555127793
12304,lively,0.011444921555148578
2722,blissful,0.011444921555148578
7013,engines,0.011439624850531094
21677,transition,0.011432035617285492
6217,dk,0.011424304731229842
13832,mustbuy,0.0114200882368767
3078,brew,0.011415039811347795
12672,makin,0.011415039811347795
2117,backfire,0.011415039811347795
3554,carnivalthemed,0.011415039811347795
7176,equippedwith,0.011400221824539558
13921,napalmproduct,0.011400221824539558
22615,vehicleunleash,0.011400221824539558
15775,playexperience,0.011400221824539558
22617,vehicularbat,0.011400221824539558
8433,franchiseheads,0.011400221824539558
10835,informationtake,0.011400221824539558
21065,thecarbat,0.011400221824539558
14419,numerousitems,0.011400221824539558
20063,stones,0.011389944257519009
12553,lynch,0.011389944257519009
18054,sabbath,0.011389944257519009
1182,alice,0.011389944257519009
20640,symphonies,0.011389944257519009
11753,knox,0.011389944257519009
11919,lars,0.011389944257519009
1008,aerosmith,0.011389944257519009
22054,umlaut,0.011389944257519009
3606,casey,0.011389944257519009
21635,tragedy,0.011388359349157154
19308,snag,0.011382893916534442
19881,stances,0.011377773647975117
11778,kor,0.011376748676177146
11399,jib,0.011366715914605852
16018,possibly,0.011360012136650447
20989,territorial,0.011353287679405572
17326,renegades,0.011353287679405572
7339,exacts,0.011353287679405572
20112,straddle,0.011353287679405572
11055,internally,0.011343539545733361
1094,ahmed,0.0113383608940529
2728,blitzs,0.011324879508752817
19099,skillset,0.011324879508752817
13475,moles,0.011324879508752817
18552,sensor,0.011324879508752817
17220,rejoice,0.011324879508752817
11499,jumper,0.011324879508752817
22805,vivacious,0.011324879508752817
22806,vivatious,0.011324879508752817
12877,matchbased,0.011324879508752817
23165,wellliked,0.011324879508752817
19992,steeped,0.011324879508752817
13017,meemee,0.011324879508752817
16510,pugilism,0.011324879508752817
874,acute,0.011324879508752817
11148,inventor,0.011324879508752817
4774,contraption,0.011324879508752817
10911,innovatively,0.011324879508752817
9534,hachienken,0.011324879508752817
23191,whackamole,0.011324879508752817
9158,gongon,0.011324879508752817
1099,aiais,0.011324879508752817
6821,elephant,0.011316430722401974
21176,thieving,0.011311877756542223
12449,loudest,0.01130920650593185
21231,threatened,0.011297201494165647
18769,shipped,0.011279568380572378
2887,boon,0.011279568380572378
17216,reissue,0.011279568380572378
23169,wellrendered,0.011279568380572378
17246,reliance,0.011279568380572378
14403,nuclearpowered,0.011279568380572378
16321,professionally,0.011279568380572378
15161,pardon,0.011279568380572378
22094,unconnected,0.011279568380572378
16095,pray,0.011279568380572378
2623,bipedal,0.011279568380572378
22143,undetectedhe,0.011279568380572378
16783,railing,0.011279568380572378
5878,detriment,0.011279568380572378
7224,espionageassault,0.011279568380572378
14706,onlineenabled,0.011234809026033424
3847,charged,0.011231967051437638
8643,furry,0.01122890208901455
3393,calories,0.011219601797217142
6291,donald,0.011212012369817007
3903,cheering,0.011200711727033356
4683,consideration,0.01119420860269363
4970,counts,0.011181583154043117
8890,generalsall,0.011178937790025203
15171,parkers,0.011178937790025203
8744,gameoriented,0.011178937790025203
14450,obeying,0.011178937790025203
13983,naziled,0.011178937790025203
21707,travelers,0.011178937790025203
23484,worldor,0.011178937790025203
8730,gamefinding,0.011178937790025203
22952,warfield,0.011178937790025203
16476,psychics,0.011178937790025203
21002,tesla,0.011178937790025203
4663,conquers,0.011178937790025203
6786,einstein,0.011178937790025203
13286,mineral,0.011178937790025203
19864,stalins,0.011178937790025203
4576,concentrating,0.011178937790025203
236,1995but,0.011178937790025203
21127,thenyoung,0.011178937790025203
17963,rtss,0.011178937790025203
4294,coils,0.011178937790025203
14634,olympus,0.011159218759619827
3659,cats,0.011150873079750575
12924,maximized,0.01113887403335788
7603,facemasks,0.01113887403335788
5213,crudely,0.011114932066019243
22194,unfreeze,0.011114932066019243
21306,tiara,0.011114932066019243
18445,sebastion,0.011114932066019243
11254,itcopyright,0.011114932066019243
15224,password,0.011114932066019243
9543,hailed,0.01111222766547377
20870,tears,0.011105427645957391
12311,livin,0.0111000972968605
13672,movesets,0.011077133618504192
6497,drones,0.011063800229579354
5340,cyberspace,0.011054479245760054
4891,corpses,0.011044288008513477
4783,contributor,0.011034489059059165
5473,daytoday,0.011034489059059165
3971,chocobo,0.011033443861438756
13881,mythologys,0.011015244439830572
3519,cardmovement,0.011010501336698768
6927,enchantment,0.011010501336698768
553,680,0.011010501336698768
3829,charactersand,0.011003037969813273
22383,upc752919460917,0.011003037969813273
17261,relives,0.011003037969813273
14235,no46091,0.011003037969813273
3788,championshipformat,0.011003037969813273
14840,ornament,0.011003037969813273
2838,bolt,0.011003037969813273
6835,eliminating,0.01099961879950343
273,2003its,0.010988613243222123
15144,parafrags,0.010969670705613171
21528,torpedo,0.010969670705613171
21052,theaterallied,0.010969670705613171
21054,theaterthe,0.010969670705613171
1382,andiwo,0.010969670705613171
2454,beincluded,0.010969670705613171
21153,thesetting,0.010969670705613171
19011,singapore,0.010969670705613171
16046,pounded,0.010969670705613171
21096,thejapanese,0.010969670705613171
11405,jimaproduct,0.010969670705613171
18773,shipsvehicles,0.010969670705613171
10365,humble,0.010967995363580282
15761,playerranking,0.010963932940780808
15090,paladin,0.010944291627731344
17024,reckoned,0.01093193913203443
6669,eas,0.010924737408603894
2876,booker,0.010918881363156517
11628,kessen,0.010911366756721552
3886,cheat,0.010911366756721552
5789,descendants,0.010908189319018054
3484,captivate,0.010908189319018054
17505,restoration,0.010908189319018054
18888,shy,0.010898003890593488
22372,upc662248901015,0.010888912743578219
237,1995s,0.010888912743578219
12807,marles,0.010888912743578219
3693,cecil,0.010888912743578219
14248,no9796,0.010888912743578219
5189,crossformat,0.010888912743578219
7922,ff2,0.010888912743578219
15446,petchoose,0.010886587892298266
22430,urge,0.010886587892298266
8508,freshly,0.010886587892298266
3732,centerproduct,0.010886587892298266
1426,aneglected,0.010886587892298266
2400,bedprobably,0.010886587892298266
22066,unattended,0.010886587892298266
20731,takethem,0.010886587892298266
14356,notelling,0.010886587892298266
7549,extrasimoleans,0.010886587892298266
15109,pamper,0.010886587892298266
5090,createapet,0.010886587892298266
9024,givethem,0.010886587892298266
14424,nurse,0.010886587892298266
21169,theyllalso,0.010886587892298266
20080,storewhere,0.010886587892298266
14053,neighborhoodpets,0.010886587892298266
1670,arentcareful,0.010886587892298266
16138,preen,0.010886587892298266
22889,wagon,0.010866341765644744
13261,millions,0.01086029614245301
11201,ironfist,0.010857365769276536
21315,ticking,0.010857365769276536
7521,exstreet,0.010857365769276536
17540,retirbution,0.010834692005396348
6549,duck,0.0108292862779935
8822,garnered,0.010825065037889986
6198,diversion,0.010745840079546713
4968,countryside,0.010736190551469996
18471,sectors,0.010731120552674103
19558,spacespecific,0.010731120552674103
21365,timeframe,0.010731120552674103
7622,factionaligned,0.010731120552674103
20333,subtitles,0.01072607277119007
19262,smacking,0.010717405115649932
6384,drafters,0.010696798877696905
2739,blockers,0.010696798877696905
17405,reputations,0.010696798877696905
13106,merit,0.010674524320002288
19583,sparse,0.010674524320002288
19280,smashing,0.010673809189225808
3003,brainy,0.01067313207041206
2189,balloons,0.010658916045489387
16825,ran,0.010655572714502634
22163,unending,0.010629491512875847
16326,proficient,0.010590705399684461
17541,retire,0.010590705399684461
4961,countproduct,0.010590705399684461
15829,pletion,0.010590705399684461
16150,prehensive,0.010590705399684461
1956,atyour,0.010590705399684461
1943,attractingattention,0.010590705399684461
20521,surveillance,0.010590705399684461
15706,planyour,0.010590705399684461
1942,attracting,0.010590705399684461
5859,detectionminimum,0.010590705399684461
19431,solvingto,0.010590705399684461
16234,priceproduct,0.010590705399684461
12929,maximumeffect,0.010590705399684461
9498,gunrunners,0.010590705399684461
10376,hungarian,0.010590705399684461
19980,stealthshooting,0.010590705399684461
18801,shooterproduct,0.010590705399684461
4343,colombian,0.010590705399684461
2017,autumn,0.010582534348974913
15959,popularized,0.010579291340409407
23572,wry,0.010579291340409407
14804,orchestrate,0.010579291340409407
16500,publishings,0.010576638744755706
23799,zerg,0.010576638744755706
16241,prima,0.010576638744755706
16425,protoss,0.010576638744755706
22508,vagabond,0.010576638744755706
20979,terrans,0.010576638744755706
370,2ks,0.010566851090478965
2199,bananas,0.010554317276707281
762,accolades,0.01054137695632381
21335,tightest,0.01054137695632381
1550,ape,0.01052300832132392
20955,tenrai,0.010522024539931075
2080,ayama,0.010522024539931075
13069,menacingly,0.010522024539931075
19977,stealthgame,0.010522024539931075
10473,iffy,0.010522024539931075
18753,shimmers,0.010522024539931075
18830,shortsightedness,0.010522024539931075
23082,weaponsare,0.010522024539931075
23088,weaponsfrom,0.010522024539931075
20629,swordwielding,0.010522024539931075
891,addicting,0.01051871914305112
21774,trieze,0.01051225895746788
21737,treize,0.01051225895746788
9478,gundamand,0.01051225895746788
12254,linesg,0.01051225895746788
9162,goodies,0.01048289947891457
13599,moses,0.010415999482824139
7709,fansbob,0.010415999482824139
4953,counterpoint,0.010415999482824139
21255,thrillfactor,0.010415999482824139
19218,slob,0.010415999482824139
5930,dialup,0.010415999482824139
21565,toughs,0.010415999482824139
16712,racerbut,0.010415999482824139
12189,lightening,0.010412827398626862
19436,someones,0.010411312055683401
16964,realtim,0.010410065003365191
5444,dat,0.010410065003365191
5825,despotism,0.010410065003365191
19207,slingers,0.010410065003365191
7427,expa,0.010410065003365191
6639,ead,0.010410065003365191
21985,tying,0.010410065003365191
10328,hrones,0.010410065003365191
14913,outlets,0.010410065003365191
10788,infor,0.010410065003365191
1898,atriot,0.010410065003365191
22007,uasimilitary,0.010410065003365191
6188,ditors,0.010410065003365191
17400,repub,0.010410065003365191
12843,mas,0.010410065003365191
13922,napoleon,0.010410065003365191
7562,ey,0.010410065003365191
1061,agenot,0.010410065003365191
1311,ame,0.010410065003365191
8025,fir,0.010410065003365191
327,240,0.010410065003365191
12896,mation,0.010410065003365191
6766,efield,0.010410065003365191
2317,battl,0.010410065003365191
15409,persian,0.010410065003365191
19372,socialism,0.010410065003365191
4301,col,0.010410065003365191
12148,lic,0.010410065003365191
13955,nationsin,0.010410065003365191
15635,pite,0.010410065003365191
14393,nsion,0.010410065003365191
11198,irise,0.010410065003365191
16090,praised,0.010410065003365191
15496,philosophy,0.010410065003365191
17770,rld,0.010410065003365191
7164,epoch,0.010410065003365191
23410,wo,0.010410065003365191
5786,des,0.010410065003365191
5190,crossgenre,0.010410065003365191
3469,capitalism,0.010410065003365191
5309,customiz,0.010410065003365191
19052,sive,0.010410065003365191
22848,volumetric,0.01038124927493294
844,actionproduct,0.01038124927493294
22679,vibes,0.010380313671549336
17093,redirect,0.010375340197569563
10071,himget,0.010375340197569563
2822,bodyslamming,0.010375340197569563
12936,mayan,0.010375340197569563
13862,mysterio,0.01036171088387152
6457,dresses,0.010360397153150274
12392,longawaited,0.010350562611621181
8906,genetic,0.010320909288757868
15128,panties,0.010312213331787265
17025,reckoning,0.010312213331787265
11744,knocks,0.010312213331787265
10960,instantaneously,0.01029509296945275
13439,moderately,0.010245238683345077
21536,tossed,0.010218949443637666
20325,substantially,0.01019907788220124
18136,sampling,0.010188684946447446
16606,puzzling,0.010188154765004506
4831,cooldown,0.010184547890631338
22918,walnuts,0.010184547890631338
14430,nutritionistto,0.010184547890631338
6443,dreaming,0.010184547890631338
1820,assesses,0.010184547890631338
12093,lessthancommitted,0.010184547890631338
22968,warmup,0.010184547890631338
9812,healthier,0.010184547890631338
95,10bodyfat,0.010184547890631338
3297,butter,0.010181174801879436
11826,labyrinths,0.010163381953605565
6013,dip,0.010153835461891973
17009,received,0.010139424350067318
7114,entrance,0.010139166426661827
416,360exclusive,0.010136270679375834
7715,fantasyaction,0.010136270679375834
8794,gamplan,0.010117471067799337
22179,unfasten,0.010117471067799337
9488,gunnarson,0.010101469815568113
10461,identify,0.010100618330479857
13221,mii,0.010100618330479857
18339,scotlandall,0.010096213333861475
7145,enzo,0.010096213333861475
9430,gto,0.010096213333861475
4878,cornering,0.010096213333861475
20078,storefronts,0.010096213333861475
6216,djs,0.010096213333861475
15937,pontiac,0.010096213333861475
21863,trying,0.010095798514601224
4026,churn,0.010092779320247424
4333,collects,0.010083041424784722
23703,yoshis,0.010070410122434014
6631,dynastiesthen,0.010060261221301759
8752,gameplaycreate,0.010060261221301759
6599,dvdnow,0.010060261221301759
21344,til,0.010060261221301759
16844,rankingsystems,0.010041645663852027
23391,withmagic,0.010041645663852027
17522,resumeshis,0.010041645663852027
18152,sanctuarywindows,0.010041645663852027
12873,masterthe,0.010041645663852027
9157,gonereplaced,0.010041645663852027
14131,newskills,0.010041645663852027
10485,iiafter,0.010041645663852027
974,adventureproduct,0.010041645663852027
2332,battlehells,0.010041645663852027
14794,orbarbarian,0.010041645663852027
21197,thisepic,0.010041645663852027
14552,ofdiablo,0.010041645663852027
11645,khandurass,0.010041645663852027
18518,selfless,0.010041645663852027
18641,shackle,0.010041645663852027
7719,fantasyproduct,0.010041645663852027
1374,andenchantments,0.010041645663852027
12088,leoric,0.010041645663852027
23001,wasonly,0.010041645663852027
17416,requirementssingle,0.010041645663852027
11210,irrevocably,0.010041645663852027
1201,allcasting,0.010041645663852027
9937,herobeneath,0.010041645663852027
1418,anduncover,0.010041645663852027
15769,playersover,0.010041645663852027
22579,vastunderworld,0.010041645663852027
549,650,0.010041645663852027
12024,leavingdeath,0.010041645663852027
14395,nt,0.010041645663852027
14255,noblest,0.010041645663852027
11644,khanduras,0.010041645663852027
2098,baalas,0.010041645663852027
7023,engulfs,0.010041645663852027
22309,unscathed,0.010041645663852027
7945,fiendishly,0.010041645663852027
21201,thistime,0.010041645663852027
5435,darkwanderer,0.010041645663852027
1388,andmand,0.010041645663852027
12651,mainstays,0.010029032620699917
22620,vekta,0.010029032620699917
10877,inhospitable,0.010029032620699917
11691,killzonecom,0.010029032620699917
20598,swiftthinking,0.010029032620699917
9449,guerrillas,0.010029032620699917
19522,sources,0.010029032620699917
5637,deferred,0.010029032620699917
18624,sev,0.010029032620699917
11215,isa,0.010029032620699917
1504,antialiasing,0.010029032620699917
10544,imgwithlink,0.010029032620699917
586,777777,0.010029032620699917
22020,ugliest,0.010029032620699917
2904,border1px,0.010029032620699917
12575,m82g,0.010029032620699917
22885,wagering,0.010029032620699917
8595,fullscreen,0.010029032620699917
11188,inyourface,0.010029032620699917
19297,smoothest,0.010023905241782385
23490,worldsaving,0.010023905241782385
19192,slickest,0.010023905241782385
6831,elicits,0.010023905241782385
9727,hassle,0.010023905241782385
4782,contribution,0.010023905241782385
4752,contextual,0.010023905241782385
10286,hotshot,0.009994066055768677
21015,tethyr,0.009975843692071959
463,40th,0.009975843692071959
10651,inbaldurs,0.009975843692071959
15046,packthe,0.009975843692071959
1429,anew,0.009975843692071959
13331,minsc,0.009975843692071959
13063,memoryespecially,0.009975843692071959
21772,triedandtrue,0.009975843692071959
9181,gorions,0.009975843692071959
10906,innovateit,0.009975843692071959
4446,commercial,0.009967279311139436
15086,pak,0.00996550525904839
14952,overcharging,0.009962694060823087
7288,evergreedy,0.009962694060823087
10312,housing,0.009947555082447487
8247,foldout,0.009933768007987325
5280,cure,0.009868766175645662
17209,reinvented,0.009861753867283472
1310,amd,0.009858900402868869
5660,deft,0.00985727781944094
21923,tutor,0.00985727781944094
2389,beater,0.00985727781944094
10285,hotseat,0.00985727781944094
13826,musketeers,0.009851661740698464
9093,gluttony,0.009850456666564568
12829,martin,0.009850007288895037
16098,pre,0.00984271853520414
8086,fixation,0.009818798808822703
5438,dart,0.009815661809421115
10356,humanghoul,0.009771366877145967
5052,crashland,0.009771366877145967
7449,expeditionary,0.009771366877145967
4380,combatproduct,0.009771366877145967
783,accumulated,0.009771366877145967
7737,farright,0.009771366877145967
12422,loosely,0.009771366877145967
17723,ringleaders,0.009771366877145967
1434,angered,0.009771366877145967
15331,penandpaper,0.009771366877145967
18138,sampson,0.009771366877145967
1024,affiliation,0.009771366877145967
14406,nuked,0.009771366877145967
864,activists,0.009771366877145967
10798,informationcontinuing,0.009771366877145967
14674,onemanagainstthewasteland,0.009771366877145967
16318,profane,0.009771366877145967
6039,dirigibles,0.009771366877145967
13769,multiplayerspecific,0.009771366877145967
7789,fats,0.009758385367506485
6877,emergency,0.009758385367506485
3466,capedhero,0.009758385367506485
7095,entertainments,0.009758385367506485
20589,sweets,0.009758385367506485
10246,horroradventure,0.009754808296458346
10072,himura,0.009754808296458346
3059,breathless,0.009754808296458346
1518,antique,0.009754808296458346
10048,highsecurity,0.009751434764255603
18083,safeguard,0.009751434764255603
6986,enemyall,0.009751434764255603
20292,subagency,0.009751434764255603
2081,azerbaijan,0.009751434764255603
6708,echelons,0.009751434764255603
22684,vic,0.009741863751558414
6842,elizabeth,0.009741487127840478
17891,roommates,0.009740452507250844
21075,theenemies,0.009740340808509091
11971,lawenforcement,0.009740340808509091
4580,conception,0.009740340808509091
20692,tactic,0.009740340808509091
6997,enforcejustice,0.009740340808509091
21116,themmultiplayer,0.009740340808509091
9254,graphicalnovel,0.009740340808509091
10926,inscale,0.009740340808509091
5876,detonating,0.009740340808509091
15570,piles,0.009740340808509091
1428,anentirely,0.009740340808509091
10826,informationpacific,0.009740340808509091
1065,agentsstrength,0.009740340808509091
5028,crackdownis,0.009740340808509091
20273,stylecrackdown,0.009740340808509091
6998,enforcement,0.009740340808509091
7077,enteran,0.009740340808509091
21389,timeworlds,0.009740340808509091
14589,ofhope,0.009740340808509091
16069,powerless,0.009740340808509091
17288,remembers,0.009740340808509091
18262,scenariobrace,0.009740340808509091
2257,barricades,0.009740340808509091
8897,generationwith,0.009740340808509091
8801,gangshave,0.009740340808509091
4064,citya,0.009740340808509091
12939,mayhemf,0.009740340808509091
8782,gametitles,0.009740340808509091
816,acrimeridden,0.009740340808509091
21084,thefully,0.009740340808509091
5764,deploying,0.009740340808509091
5765,deployinggenetically,0.009740340808509091
18158,sandboxstyle,0.009740340808509091
21157,thestreets,0.009740340808509091
16434,provenpowerless,0.009740340808509091
12062,lemmings,0.009740340808509091
10030,highlystylized,0.009740340808509091
11895,largecrime,0.009740340808509091
12063,lemmingsharnessing,0.009740340808509091
2297,batch,0.009740340808509091
12626,magicians,0.009732395003426032
18797,shootemup,0.009716248200045699
15703,planted,0.00970718835856432
16366,prominent,0.00970486386100039
7939,fielder,0.00968801171093807
15887,pointblankstyle,0.00968801171093807
6499,drooled,0.00968801171093807
12357,lockout,0.00968801171093807
9482,gungame,0.00968801171093807
9148,goldman,0.00968801171093807
5155,cripples,0.00968801171093807
5281,curien,0.00968801171093807
2252,barrelblasting,0.00968801171093807
3381,calibration,0.00968801171093807
12094,lessthanperfect,0.00968801171093807
5800,deserved,0.00968801171093807
9813,healthup,0.00968801171093807
14857,ostensibly,0.00968801171093807
17079,redeemed,0.00968801171093807
14604,oftenused,0.00968801171093807
6425,drawbacks,0.00968801171093807
19170,slayers,0.00968801171093807
19003,simulators,0.00968801171093807
412,357,0.00968801171093807
17245,reliable,0.00968801171093807
1631,arcadequality,0.00968801171093807
13942,nasties,0.00968801171093807
15885,pointandshoot,0.00968801171093807
13509,monotone,0.00968801171093807
2650,blackandwhite,0.00968801171093807
23819,zombieblasting,0.00968801171093807
11525,justiceand,0.00968801171093807
1634,arcadetohome,0.00968801171093807
4355,colorado,0.00968801171093807
16602,puzzleshooting,0.00968801171093807
1910,attacker,0.00968801171093807
12585,machinations,0.00968801171093807
4696,console,0.009676974891501365
22780,visibly,0.00963982837272816
23587,wwwamazoncomgtamusic,0.00963982837272816
15841,plotgrand,0.00963982837272816
23813,zit5550100,0.00963982837272816
14577,offmission,0.00963982837272816
7137,environmentsbased,0.00963982837272816
6387,dragged,0.00963982837272816
7593,fabrication,0.00963982837272816
2918,boroughs,0.00963982837272816
14314,noose,0.00963982837272816
2434,begrudgingly,0.00963982837272816
10560,immigrant,0.00963982837272816
8934,gentlemans,0.00963982837272816
23118,weeds,0.00963982837272816
392,30second,0.00963982837272816
3513,cardboard,0.00963982837272816
11058,internationalview,0.00963982837272816
15501,phones,0.00963982837272816
4067,citygame,0.00963982837272816
14714,onmission,0.00963982837272816
15851,ploy,0.00963982837272816
1293,amazoncommp3,0.00963982837272816
18922,sidewalk,0.00963982837272816
21443,todayfor,0.00963982837272816
23814,zited,0.00963982837272816
4100,clamoring,0.00963982837272816
14188,nikolai,0.00963982837272816
15439,persuasion,0.00963982837272816
17670,ridden,0.00963982837272816
6298,dontbeginning,0.00963982837272816
7830,featuresaside,0.00963982837272816
22146,undisclosed,0.00963982837272816
5535,debtridden,0.00963982837272816
9644,hangmans,0.00963982837272816
15610,pique,0.00963982837272816
18889,shysters,0.00963982837272816
3648,catchview,0.00963982837272816
7542,extraction,0.00963982837272816
6828,eleventh,0.00963982837272816
5926,dial,0.00963982837272816
16361,prolific,0.00963982837272816
19301,sms,0.00963982837272816
1895,atms,0.00963982837272816
19379,sociopaths,0.00963982837272816
12007,lean,0.009638241356715788
14409,number,0.009635220897439421
20621,swordfight,0.009595217915713227
17893,rooted,0.009595217915713227
10963,instigate,0.009595217915713227
6873,emeralds,0.009574762642801762
7022,engulfing,0.009550892688413415
19083,skeletons,0.009550892688413415
4329,collections,0.009550892688413415
18721,shelling,0.009544375922426062
971,adventureat,0.009536890586897067
22708,videosmtv,0.009536890586897067
6555,dudes,0.009536890586897067
21948,twinsready,0.009536890586897067
3661,catwalk,0.009536890586897067
2742,blockover,0.009536890586897067
7564,eyeat,0.009536890586897067
23431,wonderland,0.009536890586897067
3994,choreograph,0.009536890586897067
21592,townstrolling,0.009536890586897067
3939,chicken,0.009535935370010669
19830,ssxs,0.009530644428141154
1037,afterdark,0.009520621937028465
3434,candlelight,0.009520621937028465
14668,onehand,0.009512194952291804
17176,regret,0.009512194952291804
17450,reservoir,0.009512194952291804
20366,suffered,0.009512194952291804
19151,slapped,0.009512194952291804
3504,carboncopy,0.009512194952291804
11153,invested,0.009512194952291804
19256,slurps,0.009512194952291804
12847,masher,0.009512194952291804
7600,facelift,0.009512194952291804
21739,trekking,0.009512194952291804
12970,meandering,0.009512194952291804
2627,birdseyeview,0.009512194952291804
324,233,0.009503004651440529
2097,baal,0.009503004651440529
252,1der,0.009498295349256433
23798,zer,0.009498295349256433
5626,defended,0.009459730168439349
6739,editors,0.00945546809366112
3944,chihuahuas,0.009439842372247483
11618,kennel,0.009439842372247483
5361,dachshunds,0.009439842372247483
10456,idea,0.009435118991074253
19089,skidding,0.009420458460692198
18200,satterfieldcopyright,0.009420458460692198
9020,giveandgoes,0.009420458460692198
3122,broadcasters,0.009420458460692198
21128,theo,0.009420458460692198
17004,recalculates,0.009420458460692198
11338,jaromir,0.009420458460692198
9590,hampers,0.009420458460692198
2688,blatantly,0.009420458460692198
16435,proverbial,0.009420458460692198
11306,jagr,0.009420458460692198
12196,lightly,0.009420458460692198
14639,omissions,0.009420458460692198
23656,yapping,0.009420458460692198
13716,muckandgrind,0.009420458460692198
14150,nhls,0.009420458460692198
13319,miniscule,0.009420458460692198
4458,commonplace,0.009420458460692198
2467,believability,0.009420458460692198
2570,bifocals,0.009420458460692198
4152,clement,0.009420458460692198
8153,fleury,0.009420458460692198
18677,shane,0.009420458460692198
10344,hughson,0.009420458460692198
1951,attrition,0.009420458460692198
1626,arcadeheavy,0.009420458460692198
19897,stanleys,0.009420458460692198
6459,dressup,0.009420458460692198
2634,biscuit,0.009420458460692198
16867,raspy,0.009420458460692198
6793,elasticity,0.009420458460692198
17120,referees,0.009420458460692198
23230,whisper,0.009420458460692198
18360,scraping,0.009420458460692198
1750,artificialintelligence,0.009420458460692198
10431,hyrule,0.00941620856986516
9641,hangar,0.009405693067239804
4761,continuation,0.009403168608793784
2518,berserkers,0.009383612107792127
3791,championsstyled,0.009383612107792127
22063,unataca,0.009383612107792127
23364,wires,0.009383612107792127
7896,feral,0.009383612107792127
9128,godzillas,0.009371982516759905
7126,envelope,0.009356424317854918
11845,laid,0.009339301685691843
13284,mined,0.009338707413713163
379,2specific,0.009332561821603224
13358,mismatch,0.009332561821603224
18440,seats,0.009332561821603224
16912,rb,0.009332561821603224
17865,rollouts,0.009332561821603224
11860,lampposts,0.009326486898394586
23109,webs,0.009326486898394586
20056,stoesz,0.009313309741058777
4139,cleaner,0.009281860945776207
16142,preference,0.00927756846550557
14171,nightfire,0.009273658902011707
6224,dmob,0.009267362008691505
19770,springfielders,0.009264531312780272
9762,hayabusa,0.00926345199147824
22732,vigor,0.00926345199147824
2464,belief,0.009263126462172724
12591,machinima,0.009252449798328687
16155,premade,0.009252449798328687
5325,cutouts,0.009252154540897528
1976,aura,0.009251193206876895
20453,supersecret,0.009228360813317644
7087,entertainmenta,0.009219674351162539
5666,defying,0.009217862633468046
19936,stash,0.009217862633468046
14798,orbs,0.009217862633468046
4193,clockwerk,0.009216525957877794
20464,supervillain,0.009189076696547779
21874,tudor,0.009172234414410748
20136,strangle,0.009172234414410748
13518,monsterriddled,0.009172234414410748
16211,preteen,0.009172234414410748
17353,repetitiveness,0.009172234414410748
3947,childlike,0.009172234414410748
16237,pried,0.009172234414410748
2553,bewarethis,0.009172234414410748
10134,hobbie,0.009172234414410748
12922,maximillian,0.009172234414410748
8068,fishingto,0.009172234414410748
21401,tinkering,0.009172234414410748
11208,irretrievably,0.009172234414410748
5125,creepier,0.009172234414410748
10160,holly,0.009172234414410748
4358,colorforms,0.009172234414410748
11140,invent,0.009172234414410748
778,accordion,0.009172234414410748
11718,kitschycute,0.009172234414410748
13198,midi,0.009172234414410748
10147,holdis,0.009172234414410748
9928,hereon,0.009172234414410748
17679,ridepod,0.009172234414410748
13750,multilayered,0.009172234414410748
21742,tremendously,0.009172234414410748
1199,alland,0.009172234414410748
15332,pendant,0.009172234414410748
18576,serenades,0.009172234414410748
22926,wanders,0.009172234414410748
8946,georama,0.009172234414410748
7870,feetwith,0.009172234414410748
10299,hourlong,0.009172234414410748
9504,gunshots,0.009168339819342893
3880,chattel,0.009154386449048566
13652,mourned,0.009154386449048566
16333,profoundly,0.009154386449048566
7030,enhancing,0.009154386449048566
10480,ignorant,0.009154386449048566
20941,tempts,0.009154386449048566
19386,sofas,0.0091482763649431
15008,owncats,0.0091482763649431
15426,personalityyou,0.0091482763649431
15411,persians,0.0091482763649431
5381,dalmatians,0.0091482763649431
8997,gifted,0.0091482763649431
8203,flowerbeds,0.0091482763649431
15819,pleasure,0.009137741806084341
21605,tracing,0.009109376258917954
17534,retaining,0.009099441610538163
12724,maniac,0.009099441610538163
18390,scuba,0.009099441610538163
3937,chichack,0.009099441610538163
12738,mannequins,0.009099441610538163
16026,posters,0.009099441610538163
19820,squeals,0.009099441610538163
9613,handgun,0.009099441610538163
9103,goad,0.009099441610538163
23072,weaponand,0.009099441610538163
12252,liner,0.009099441610538163
3156,brunette,0.009099441610538163
12950,mcclane,0.009099441610538163
11935,lasts,0.009099441610538163
10966,instinctive,0.009099441610538163
20130,strangelooking,0.009099441610538163
6237,docks,0.009099441610538163
11653,kickboxer,0.009099441610538163
2302,bathrooms,0.009099441610538163
1373,andegadeven,0.009099441610538163
22433,urinal,0.009099441610538163
6161,distinguishable,0.009099441610538163
20960,tensionbuilding,0.009099441610538163
18203,sauna,0.009099441610538163
6541,dualplayer,0.009099441610538163
21891,turban,0.009099441610538163
10978,instrumentals,0.009099441610538163
18532,semiautomatics,0.009099441610538163
15232,pastries,0.009099441610538163
17511,restroom,0.009099441610538163
14269,noholdsbarred,0.009099441610538163
22434,urinals,0.009099441610538163
18086,safeties,0.009099441610538163
16466,psst,0.009099441610538163
18778,shirtless,0.009099441610538163
2222,banners,0.009092455386967594
426,3999,0.009089687425174417
19824,srp,0.009089687425174417
139,14day,0.009089687425174417
14681,oneontwo,0.009069029863391236
8957,gerstmanncopyright,0.009069029863391236
12975,meaningless,0.009069029863391236
13334,minus,0.009046908660443114
16617,qb,0.009031878872194792
10518,illusion,0.009019413940921317
2145,baddies,0.009001953960945238
19381,soda,0.009001953960945238
16934,reads,0.009001953960945238
5739,denizens,0.009001953960945238
12995,mechassault,0.008982263343399573
2336,battlemech,0.008982263343399573
15301,peachs,0.008971962217910853
17125,refers,0.00896994328584597
21321,tidus,0.008962789035397375
2726,blitzball,0.008962789035397375
22779,visible,0.008951450991779826
22552,vanishing,0.008950977995420812
21423,titanic,0.008950977995420812
4631,confrontations,0.008950977995420812
6097,disguised,0.008922538775361564
15836,plodding,0.008915138189881718
10404,hustle,0.008915138189881718
18560,separated,0.008915138189881718
18551,sensitivity,0.008915138189881718
6064,disbelief,0.008915138189881718
18574,serasera,0.008908566771665606
7452,expending,0.008908566771665606
18153,sanctum,0.008908566771665606
18222,sazhsazh,0.008908566771665606
19415,solitary,0.008908566771665606
17115,reestablish,0.008908566771665606
12202,lightningthis,0.008908566771665606
14411,numbered,0.008908566771665606
20409,sunny,0.008908566771665606
19338,snowan,0.008908566771665606
22548,vanillevanille,0.008908566771665606
20216,strongminded,0.008908566771665606
19253,slumber,0.008908566771665606
9244,granting,0.008908566771665606
3902,cheerful,0.008908566771665606
19028,singular,0.008908566771665606
2073,awoke,0.008908566771665606
12201,lightnings,0.008908566771665606
16564,purge,0.008908566771665606
13777,multislot,0.008908566771665606
10221,hopehope,0.008908566771665606
6140,disposition,0.008908566771665606
15523,physique,0.008908566771665606
16419,protectors,0.008908566771665606
22092,unconcerned,0.008908566771665606
11078,intertwined,0.008908566771665606
12630,magicwielding,0.008908566771665606
9784,headfirst,0.008908566771665606
3010,branded,0.008908566771665606
11206,irrepressible,0.008908566771665606
9809,healer,0.008908566771665606
3938,chick,0.008908566771665606
8582,fulfilling,0.008908566771665606
21802,trivialities,0.008908566771665606
2705,blessed,0.008908566771665606
2505,benevolent,0.008908566771665606
21660,tranquility,0.008908566771665606
7707,fangfang,0.008908566771665606
7781,fateharsher,0.008908566771665606
10916,inputting,0.008908566771665606
12475,lowerworld,0.008908566771665606
15595,pinnacle,0.008908566771665606
17305,remotes,0.008906584092564201
23298,wilds,0.008880268297351362
5963,differentiated,0.008880268297351362
12287,lists,0.00887235047210523
11486,juices,0.008831956487735547
9286,grasping,0.008831956487735547
396,32,0.008811067759888706
21659,tranquil,0.008803364192335714
14527,octocamo,0.008801972677832746
495,500000,0.008792950399758232
11729,kneeling,0.008781980439081233
18282,schemeyour,0.008781980439081233
17705,rightfully,0.008781980439081233
11852,lam,0.008781980439081233
3304,buttonalong,0.008781980439081233
23086,weaponsequipment,0.008781980439081233
5295,cursing,0.008781980439081233
11194,ire,0.008781980439081233
6990,enemystoppers,0.008781980439081233
3087,bridged,0.008781980439081233
2533,bestsellers,0.008781980439081233
4682,considerably,0.00877958972466374
1792,aspiration,0.00877087372709116
16235,prices,0.008767575534277223
1934,attire,0.008737592331777146
8442,frankenstein,0.008715806860806977
21461,tojo,0.008715806860806977
2571,big,0.00871486946704493
2285,basket,0.008705757871476606
2515,berries,0.008683920913639261
16661,questioning,0.008678067042856999
23788,zealous,0.008678067042856999
12492,lthe,0.008678067042856999
9568,hallmarks,0.008678067042856999
1756,arts,0.008633351958684279
23507,worry,0.008619080476792667
15337,penetration,0.008611341586500018
5901,devilishly,0.008611341586500018
16539,punished,0.008611341586500018
12670,makeshift,0.008611341586500018
23289,wiki,0.008593934596828024
16597,puzzlebased,0.008593934596828024
1141,airship,0.008593934596828024
2490,belts,0.008579922194421812
10676,income,0.00857977519619977
13609,mothma,0.00857977519619977
16065,powerfully,0.00857977519619977
5153,cripple,0.00857977519619977
23403,witnessing,0.00857977519619977
8298,forcepush,0.00857977519619977
22085,unchecked,0.00857977519619977
15440,pertaining,0.00857977519619977
6144,disrupted,0.00857977519619977
20144,strategist,0.00857977519619977
3885,cheaply,0.00857977519619977
4578,concentrations,0.00857977519619977
3095,brightblue,0.00857977519619977
12260,linger,0.00857977519619977
8114,flanks,0.00857977519619977
8601,fullyarmed,0.00857977519619977
3327,c3po,0.00857977519619977
9642,hanger,0.00857977519619977
4777,contrasting,0.00857977519619977
19289,smithereens,0.00857977519619977
6539,duallayered,0.00857977519619977
10131,hoarded,0.00857977519619977
21780,trilogies,0.00857977519619977
5252,cue,0.008556607800908594
2495,benches,0.008556607800908594
15569,pile,0.008556607800908594
12271,lionhead,0.008551338091014412
22093,unconditionally,0.008551338091014412
2459,belching,0.008551338091014412
5216,cruelty,0.008551338091014412
20173,streeturchin,0.008551338091014412
22436,urlhttpsimagesnasslimagesamazoncomimagesg01videogamesdetailpagecalloutbgpng,0.008551338091014412
11696,kindness,0.008551338091014412
569,720p1080i1080p,0.008551338091014412
8053,firstofitskind,0.008551338091014412
1167,albions,0.008551338091014412
1173,alerting,0.008551338091014412
19516,soundtracksingame,0.008551338091014412
15343,penniless,0.008551338091014412
23473,worldclick,0.008551338091014412
23045,wayclick,0.008551338091014412
17133,reflecting,0.008551338091014412
7589,fableclick,0.008551338091014412
19065,size10,0.008551338091014412
16149,pregnant,0.008551338091014412
5803,designall,0.008551338091014412
15998,positional,0.008551338091014412
4487,compass,0.008551338091014412
15939,pooch,0.008551338091014412
15433,persons,0.008551338091014412
6890,emotionfilled,0.008551338091014412
4018,chumps,0.008551338091014412
11950,laughing,0.008551338091014412
7739,farting,0.008551338091014412
1966,audiocustom,0.008551338091014412
162,169,0.008551338091014412
22206,unimaginably,0.008551338091014412
18862,showtime,0.008543456142768129
2546,betters,0.008543456142768129
16863,rarity,0.008543456142768129
5682,delicate,0.008533747221641748
7177,equipping,0.008532355722929543
20967,term,0.00852314576414862
11243,issues,0.008520050857466351
20720,takedown,0.00851487418528983
20338,subtly,0.008506735753302191
18586,seriesrated,0.008506735753302191
931,admission,0.008506735753302191
15530,pic,0.008506735753302191
632,925,0.008506735753302191
9305,grea,0.008506735753302191
17793,robbed,0.008506735753302191
4593,conclude,0.008506735753302191
18539,sendoffconceptcraft,0.008506735753302191
11298,jacques,0.008506735753302191
9291,gratefully,0.008506735753302191
10524,ilm,0.008506735753302191
18142,samuraihorror,0.008506735753302191
4395,comboladen,0.008506735753302191
9257,graphics3d,0.008506735753302191
1264,alternates,0.008506735753302191
21558,touchy,0.008506735753302191
6266,doled,0.008506735753302191
7088,entertainmentdemon,0.008506735753302191
1152,akechi,0.008506735753302191
11531,justifying,0.008506735753302191
16744,radiates,0.008506735753302191
6727,edgeofyour,0.008506735753302191
14702,onimushas,0.008506735753302191
6138,dispose,0.008506735753302191
19156,slasher,0.008506735753302191
17333,renos,0.008506735753302191
17362,replayhigh,0.008506735753302191
9671,hardcores,0.008506735753302191
13340,miramaxs,0.008506735753302191
15741,playabilitytiming,0.008506735753302191
3018,braun,0.008506735753302191
8911,genma,0.008506735753302191
11337,jaques,0.008506735753302191
13412,mo,0.008506735753302191
21619,traded,0.00850292770035326
2406,beef,0.00849049684717456
19491,sought,0.008489899610347037
21624,trades,0.008476771236491041
942,adrenaline,0.008460877429946072
19833,stable,0.008430887365940843
2224,banter,0.00843070517210913
20356,succumb,0.00843070517210913
19353,snows,0.00843070517210913
14978,overrunning,0.008399796523123865
9765,haydengameplay,0.008399796523123865
4736,contaminated,0.008399796523123865
7840,featuresnot,0.008399796523123865
9938,herodark,0.008399796523123865
7115,entrances,0.008399796523123865
11904,largerduelwield,0.008399796523123865
11912,largertake,0.008399796523123865
18259,scavenged,0.008399796523123865
17970,rubles,0.008399796523123865
12801,marketdark,0.008399796523123865
10276,hosts,0.008399796523123865
11906,largerhone,0.008399796523123865
21279,throwable,0.008399796523123865
10669,includeinfection,0.008399796523123865
11999,leaderboardsthe,0.008399796523123865
22450,useless,0.008399796523123865
15664,plaguenew,0.008399796523123865
6954,endeavored,0.008399796523123865
23351,winsother,0.008399796523123865
10543,imbues,0.008399796523123865
19036,siphoning,0.008399796523123865
2665,bladed,0.008399796523123865
20436,superherowhether,0.008399796523123865
22324,unsurely,0.008399796523123865
100,10person,0.008399796523123865
3642,catch22,0.008399796523123865
23350,winsepidemic,0.008399796523123865
7327,evolutionjust,0.008399796523123865
21125,themweapons,0.008399796523123865
9941,herohayden,0.008399796523123865
8133,flavored,0.008399796523123865
1916,attacksas,0.008399796523123865
16536,puncture,0.008399796523123865
14771,oppositeto,0.008399796523123865
17258,relishes,0.008399796523123865
8607,fullypowered,0.008399796523123865
20953,tennos,0.008399796523123865
18188,sate,0.008397498766630868
23441,woodlands,0.00836887632282212
18344,scottish,0.00836887632282212
1143,airstrips,0.00836887632282212
15627,pitchandputt,0.00836887632282212
17924,roundyou,0.00836887632282212
18967,simgolf,0.00836887632282212
9004,gimli,0.008347649537574445
9154,gondor,0.008347649537574445
17843,rohan,0.008347649537574445
6380,draenei,0.008341706707930052
4966,countrymen,0.008341706707930052
567,7200,0.008341706707930052
88,10411,0.008341706707930052
6537,dualcore,0.008341706707930052
21668,transfor,0.008341706707930052
14333,northeast,0.008341706707930052
20772,tantalized,0.008341706707930052
4457,commonly,0.008341706707930052
642,9600,0.008341706707930052
17151,regained,0.008341706707930052
11396,jewelcrafting,0.008341706707930052
1858,astral,0.008341706707930052
16917,reachable,0.008341706707930052
12638,magtheridons,0.008341706707930052
6244,documented,0.008341706707930052
12429,lordaeron,0.008341706707930052
476,4600,0.008341706707930052
16654,quelthas,0.008341706707930052
21167,theyd,0.008341706707930052
20418,sunwell,0.008341706707930052
8382,fouling,0.008341706707930052
4819,convinced,0.008341706707930052
17329,renewed,0.008341706707930052
13014,medivh,0.008341706707930052
14654,oncemighty,0.008341706707930052
6870,embracing,0.008341706707930052
9986,highborne,0.008341706707930052
14081,nerzhuls,0.008341706707930052
10509,illidans,0.008341706707930052
22943,warcrafters,0.008341706707930052
22319,unspoiled,0.008341706707930052
17327,renew,0.008341706707930052
8353,forsaken,0.008341706707930052
14374,nourishing,0.008341706707930052
11614,kelthuzad,0.008341706707930052
20417,sunstrider,0.008341706707930052
22834,volatile,0.008341706707930052
2437,behalf,0.008331146088488214
20065,stood,0.008316214617387522
3591,cartoons,0.008316067077503583
17708,rigidly,0.008310908480884952
13163,mi6,0.008309717344848538
710,absorb,0.00830170143710792
3954,chills,0.008290035444880349
8879,gemini,0.008265803265728315
5418,danzig,0.008265803265728315
14341,norwegianborn,0.008265803265728315
9826,heartshaped,0.008265803265728315
1217,allman,0.008265803265728315
1671,areosmith,0.008265803265728315
16253,primus,0.008265803265728315
21298,thunderhorse,0.008265803265728315
17099,redoctane,0.008265803265728315
9697,harlot,0.008265803265728315
23543,wrench,0.008265803265728315
22832,voivod,0.008265803265728315
8267,foo,0.008265803265728315
20493,surfers,0.008265803265728315
12445,lottery,0.008265803265728315
8090,fixit,0.008265803265728315
8569,ftk,0.008265803265728315
13709,mtley,0.008265803265728315
12607,madhouse,0.008265803265728315
23417,wolfmother,0.008265803265728315
17100,redoctanes,0.008265803265728315
8491,freezepop,0.008265803265728315
8570,ftod,0.008265803265728315
12556,lynyrd,0.008265803265728315
19131,skynyrd,0.008265803265728315
6474,drist,0.008265803265728315
16478,psychobilly,0.008265803265728315
20062,stonehenge,0.008265803265728315
3180,buckethead,0.008265803265728315
5873,dethklok,0.008265803265728315
22522,valient,0.008265803265728315
21211,thorr,0.008265803265728315
19534,soy,0.008265803265728315
10970,institutionalized,0.008265803265728315
13354,misirlou,0.008265803265728315
23770,yyz,0.008265803265728315
11539,kahanek,0.008265803265728315
3919,cherry,0.008265803265728315
9682,hardrocker,0.008265803265728315
20066,stooges,0.008265803265728315
8511,freya,0.008265803265728315
22509,vagiant,0.008265803265728315
20813,tattooed,0.008265803265728315
16215,pretenders,0.008265803265728315
23041,wavegroup,0.008265803265728315
12317,lizzy,0.008265803265728315
8063,fisherman,0.008265803265728315
23802,zeroes,0.008265803265728315
3301,butthole,0.008265803265728315
819,acrobrats,0.008265803265728315
14203,nirvana,0.008265803265728315
20231,strutter,0.008265803265728315
8973,gh2,0.008265803265728315
22556,vans,0.008265803265728315
11953,laughtrack,0.008265803265728315
15120,pangea,0.008265803265728315
2716,blinds,0.008265803265728315
5077,cre,0.008265803265728315
21792,trippin,0.008265803265728315
1738,arterial,0.008265803265728315
10475,iggy,0.008265803265728315
13029,megasus,0.008265803265728315
9633,handsome,0.008265803265728315
21806,trogdor,0.008265803265728315
8455,freakout,0.008265803265728315
15564,pigs,0.008265803265728315
13025,megadeth,0.008265803265728315
17845,rokk,0.008265803265728315
10261,horton,0.008265803265728315
20379,suicidal,0.008265803265728315
17590,reverend,0.008265803265728315
15553,pie,0.008265803265728315
1500,anthrax,0.008265803265728315
23631,xstream,0.008265803265728315
16754,radium,0.008265803265728315
21922,tutelage,0.008256065906258176
17993,rumor,0.008255993951939898
17013,receiving,0.008245658256436684
158,1600x1200,0.00823731631405933
21633,trafficheavy,0.008234346039821865
14742,openroad,0.008234346039821865
13719,muddy,0.008234346039821865
15967,porche,0.008234346039821865
20139,straps,0.008234346039821865
202,1940s,0.008234346039821865
15970,porsches,0.008234346039821865
13057,memorabilia,0.008234346039821865
8661,fuzzier,0.008234346039821865
18338,scotland,0.008234346039821865
14428,nut,0.008234346039821865
212,1948,0.008234346039821865
1229,allporsche,0.008234346039821865
20714,tailing,0.008234346039821865
3110,brisk,0.008234346039821865
16089,praise,0.008224244433468076
11569,kart,0.008213768375622685
13561,moreformat,0.008212620030232713
22361,upc023272329761,0.008212620030232713
22921,wan,0.008212620030232713
12052,legos,0.008212620030232713
20087,stormbacca,0.008212620030232713
13306,minikit,0.008212620030232713
8348,forming,0.008212620030232713
3929,chew,0.008212620030232713
14231,no32976,0.008212620030232713
20036,stills,0.008203962317003903
10964,instigating,0.008203834744348538
6316,doorway,0.008196955975915157
21557,touchsensitive,0.008161036266794097
13300,minichallenges,0.008161036266794097
6917,emulation,0.008161036266794097
12768,mapradar,0.008161036266794097
546,64s,0.008161036266794097
14766,oppose,0.008158595601256454
21989,typesexplore,0.008150608982794452
7678,fameengage,0.008150608982794452
23483,worldmultiple,0.008150608982794452
20873,teasers,0.00813294967950765
5734,demos,0.008122608082406012
16698,r2d2,0.00811955040397277
15107,palpatine,0.00811955040397277
11190,ion,0.00811955040397277
7371,excitementnausea,0.008093469416881256
16094,pratfalls,0.008093469416881256
6628,dynamicsphysics,0.008093469416881256
639,9598,0.008093469416881256
20058,stomach,0.008093469416881256
5996,dimly,0.008093454542283586
554,6channel,0.008093454542283586
20374,suggested,0.008093454542283586
12482,lowranking,0.008093454542283586
6553,ducttaping,0.008093454542283586
12194,lightingand,0.008093454542283586
638,9500,0.008093454542283586
17583,revenants,0.008093454542283586
1674,arevolutionary,0.008093454542283586
12581,maces,0.008092638263151944
5642,defines,0.008092638263151944
13224,mikami,0.00808549399348394
19577,sparingly,0.00808549399348394
14928,outright,0.008061991286366019
2608,biologically,0.008061991286366019
18579,serge,0.008055399573226967
15146,parallel,0.008055399573226967
21367,timehonored,0.008054296646088024
9539,hacknslash,0.008054296646088024
16202,presses,0.008050428491972501
22974,warp,0.008050428491972501
17200,reinersubscribe,0.008050428491972501
4280,codesigner,0.00800671506880603
2664,bladecraft,0.007973325817271618
16010,possessions,0.007973325817271618
10783,influences,0.007973325817271618
2693,bleach,0.007973325817271618
5029,crackle,0.007973325817271618
2867,bonewhite,0.007973325817271618
16643,quarry,0.007973325817271618
17852,roleplayingadventure,0.007973325817271618
19121,skulk,0.007973325817271618
8254,followbe,0.007973325817271618
20771,tans,0.007973325817271618
10653,inbetween,0.007973325817271618
5654,deformable,0.007973325817271618
14448,obesity,0.007973325817271618
2694,bleaches,0.007973325817271618
19042,site,0.00796471286055365
21921,tusken,0.007962678560001707
5594,dedede,0.007958255564415716
14008,neatness,0.007946699405322511
19755,spouses,0.007946699405322511
20781,tapestries,0.007946699405322511
14153,niceness,0.007946699405322511
15780,playfulness,0.007946699405322511
9607,handed,0.007946699405322511
1794,aspirationfear,0.007946699405322511
15617,pirateloving,0.007946699405322511
17372,replicas,0.007946699405322511
11048,interjecting,0.007946699405322511
5815,desk,0.007946699405322511
2012,autonomous,0.007946699405322511
8908,genetics,0.007946699405322511
16574,purse,0.007919963855044806
8189,floors,0.007901556928342568
5565,decimated,0.007894252006067208
8872,geforce2,0.007894252006067208
22639,ventured,0.007894252006067208
23594,x2,0.007894252006067208
19469,soras,0.00787983223984892
12479,lowlit,0.007877387218831078
21889,tunnelsis,0.007877387218831078
22377,upc662248999043,0.007877387218831078
9961,heyits,0.007877387218831078
962,advancementsformat,0.007877387218831078
19984,steamfilled,0.007877387218831078
6090,discsover,0.007877387218831078
8748,gameplayand,0.007877387218831078
7309,everythingfrom,0.007877387218831078
14247,no9758,0.007877387218831078
22735,viiis,0.007877387218831078
12443,lotr,0.00786376147909069
3276,buses3,0.007862529867160867
504,50plus,0.007862529867160867
3277,busesthree,0.007862529867160867
22613,vehiclesranging,0.007862529867160867
22610,vehiclesincluding,0.007862529867160867
21439,toads,0.007857241279176395
18548,sensing,0.007853982640547484
7258,euphoria,0.007852523549106996
2188,balloon,0.007850340523640115
19085,skeptics,0.007842057869294362
5414,dank,0.007842057869294362
23055,wayside,0.007842057869294362
20729,takeshi,0.007842057869294362
14252,nobanagas,0.007842057869294362
11553,kaneshiro,0.007842057869294362
3599,carving,0.007842057869294362
14802,orchestra,0.007842057869294362
8924,genrelaunching,0.007842057869294362
14251,nobanaga,0.007842057869294362
12117,levelsforests,0.007842057869294362
6759,effectsthe,0.007842057869294362
23765,yuki,0.007842057869294362
9260,graphicsas,0.007842057869294362
290,200piece,0.007842057869294362
22849,volunteer,0.007842057869294362
7134,environmentisnt,0.007842057869294362
4211,clothesfurthers,0.007842057869294362
6638,eachhigh,0.007842057869294362
20040,stimuli,0.007842057869294362
12081,lent,0.007842057869294362
17091,redhot,0.0078415676894266
23223,whiplash,0.0078415676894266
9791,headlong,0.0078415676894266
10321,howling,0.007830122254812803
2621,biowaredeveloped,0.007830122254812803
10275,hostility,0.007830122254812803
8176,flirtations,0.007830122254812803
23076,weaponless,0.007829093716560116
13634,motorized,0.007829093716560116
16782,railcars,0.007829093716560116
16491,pub,0.007829093716560116
11386,jetfighter,0.007829093716560116
14285,noncombat,0.007829093716560116
15760,playerdriven,0.007829093716560116
10142,hoix,0.007829093716560116
20511,surrender,0.007822419910451803
9820,heartbreaker,0.007822419910451803
23239,whiteknuckle,0.007792650372649666
4781,contributing,0.007767185790984842
17094,rediscover,0.007767185790984842
7859,feedback,0.007745237415347059
23207,wheels,0.007733141306040592
2499,bends,0.007726673084826499
16260,principal,0.007723272460249158
9411,growth,0.007710903185968558
12276,lips,0.007699118646506426
6529,dsadhocwifi,0.0076989477937792076
11063,internetleaderboards,0.0076989477937792076
4190,clock,0.007694413562598113
1281,amass,0.0076868643080158835
11484,juice,0.007659316215085966
11449,joshua,0.007659316215085966
363,2k1,0.0076480006281579895
21718,treadmill,0.007645051425814611
18860,showpiece,0.007641983650013971
1338,amplifies,0.007641983650013971
7364,exchanges,0.007641983650013971
20802,tassels,0.007641983650013971
16146,prefight,0.007641983650013971
7962,fighthungry,0.007641983650013971
13823,musicmostly,0.007641983650013971
21611,tracksfails,0.007641983650013971
17451,reset,0.007641983650013971
10064,hilariously,0.007641983650013971
5616,defaults,0.007641983650013971
14684,oneround,0.007641983650013971
13471,mold,0.007641983650013971
9007,gimmicklarge,0.007641983650013971
4182,clipping,0.007641983650013971
3053,breastsis,0.007641983650013971
6852,em,0.007594625834920668
2119,backgammon,0.007588156488133878
7306,everyonegenrecategory,0.007588156488133878
12512,lug,0.007588156488133878
14398,ntrpatde,0.007588156488133878
7692,familysystem,0.007588156488133878
14687,onestop,0.007588156488133878
2592,billiards,0.007588156488133878
23261,wi,0.007588156488133878
15541,pictochatlike,0.007588156488133878
7924,fi,0.007588156488133878
6533,dsnumber,0.007588156488133878
5394,damsel,0.007584174049832774
5541,debuts,0.007579956765028092
18720,shelley,0.007577228814591023
8387,founded,0.007576777326297342
3294,butcher,0.00754563079043054
3992,choppy,0.0075407237262473245
13377,mississippi,0.007539471003954559
16676,quickplay,0.007539471003954559
14206,nite,0.007539471003954559
6591,dusty,0.007535554796756809
12914,maul,0.007535554796756809
13059,memories,0.007520432977436586
16959,really,0.0075176928943972345
5976,digging,0.007492222892294146
23687,yield,0.007476040043362626
3083,brick,0.0074595278041215945
3351,cadet,0.007454839152674869
17973,rude,0.0074331815649022
2469,believably,0.0074331815649022
11247,isto,0.0074331815649022
5581,deco,0.0074331815649022
1329,amoral,0.0074331815649022
16793,rainslick,0.0074331815649022
4455,commodore,0.0074331815649022
21371,timeminor,0.0074331815649022
21970,twostar,0.0074331815649022
1608,apropostaken,0.0074331815649022
1421,andwith,0.0074331815649022
4157,clich,0.0074331815649022
11100,intoxicated,0.0074331815649022
23193,whacking,0.0074331815649022
18279,schematic,0.0074331815649022
22730,vigilant,0.0074331815649022
3111,briskly,0.0074331815649022
7441,expectation,0.0074331815649022
2140,backyards,0.0074331815649022
23638,yachts,0.0074331815649022
22645,vercetti,0.0074331815649022
1025,afflicts,0.0074331815649022
6441,dreamed,0.0074331815649022
15314,pedestrian,0.0074331815649022
807,acidwashedjeanswearing,0.0074331815649022
1092,ahem,0.0074331815649022
14557,offenses,0.0074331815649022
14277,nominally,0.0074331815649022
22687,viceinspired,0.0074331815649022
16494,publicists,0.0074331815649022
6848,eluding,0.0074331815649022
20408,sunlighthave,0.0074331815649022
2099,babbling,0.0074331815649022
12108,leveland,0.0074331815649022
5661,deftly,0.0074331815649022
20948,tenfold,0.0074331815649022
3962,chintzy,0.0074331815649022
9312,greathandling,0.0074331815649022
18168,sans,0.007421404533519469
19786,spycraft,0.00742094008954052
22417,upset,0.007410109445658477
14975,overpowering,0.007410109445658477
2030,avenging,0.0073934867123595475
18856,shower,0.0073934867123595475
5126,creeping,0.0073934867123595475
997,advocates,0.0073934867123595475
4296,coined,0.0073934867123595475
9033,gladiatorconceptmix,0.0073934867123595475
13437,moderate,0.0073934867123595475
13047,melons,0.0073934867123595475
14066,nephew,0.0073934867123595475
22306,unruliness,0.0073934867123595475
16495,publicly,0.0073934867123595475
10511,illogical,0.0073934867123595475
16649,quasihistoric,0.0073934867123595475
1575,appeasing,0.0073934867123595475
9037,gladitorial,0.0073934867123595475
4834,coolness,0.0073934867123595475
18125,salvo,0.0073934867123595475
11267,itrated,0.0073934867123595475
9273,graphicsreally,0.0073934867123595475
20793,tarnished,0.0073934867123595475
2760,bloodspewing,0.0073934867123595475
18235,scandal,0.0073934867123595475
19660,spewing,0.0073934867123595475
23125,weenie,0.0073934867123595475
20297,subdued,0.0073934867123595475
13810,muscleman,0.0073934867123595475
7082,entertain,0.0073934867123595475
10288,hotspotenabled,0.0073934867123595475
15739,playabilityswitching,0.0073934867123595475
4129,claudia,0.0073934867123595475
9807,heady,0.0073934867123595475
15902,pokemons,0.007373151666296725
9775,hazukis,0.00736131797384171
13681,moviedrama,0.00736131797384171
5249,cube,0.007345843961183485
11167,invincible,0.007297599049892657
2853,bombing,0.007289972773007791
7169,equally,0.007288727191351825
11128,intuitively,0.007266908523818508
2187,ballistic,0.007263546171283902
11494,july,0.007254682349036156
14648,onceaday,0.007254682349036156
3830,characterscopyright,0.007254682349036156
1958,auctions,0.007254682349036156
7679,fameif,0.007254682349036156
20447,supermodel,0.007254682349036156
1926,attending,0.007254682349036156
7978,filling,0.007250657954811644
14580,offscreen,0.007243357025770238
17533,retained,0.0072320619592398895
20898,tecmo,0.0072320619592398895
4234,clumsy,0.007219818837996828
5267,cultural,0.0072057462553834165
14134,newsreel,0.0072057462553834165
5279,curator,0.0072057462553834165
6193,divebombing,0.0072057462553834165
17122,references,0.0072057462553834165
10036,highpoly,0.0072057462553834165
8166,flightsimulation,0.0072057462553834165
13928,narrate,0.0072057462553834165
20606,swingmusic,0.0072057462553834165
13182,microphone,0.007186439263530886
7851,fed,0.007154214087616134
9869,heihachis,0.007153270434651225
11594,kazuya,0.007153270434651225
19715,splice,0.007153270434651225
14611,ogre,0.007153270434651225
18920,sidestepping,0.007153270434651225
13752,multileveled,0.007153270434651225
8914,genome,0.007153270434651225
8886,gene,0.007153270434651225
3341,cables,0.007151376547021739
4714,construct,0.007148341611013022
3075,bret,0.007135048694134416
9814,healthy,0.007131421591964967
10079,hiphop,0.007131301148192529
2346,battlesview,0.007118774284424148
12565,m1carbine,0.007118774284424148
17244,relevance,0.007118774284424148
5717,demoed,0.007118774284424148
14154,nicer,0.007118774284424148
5836,destroyable,0.007118774284424148
12563,m1918a2,0.007118774284424148
5843,destructibility,0.007118774284424148
22485,utilze,0.007118774284424148
5463,dawson,0.007118774284424148
12566,m1garand,0.007118774284424148
12576,m9a1,0.007118774284424148
18164,sane,0.007118774284424148
23110,website,0.007118774284424148
2909,bored,0.007118774284424148
13971,navarone,0.007118774284424148
13972,navaroneforce,0.007118774284424148
5261,culminated,0.007118774284424148
10327,hq,0.007118774284424148
23133,weighs,0.007118774284424148
13309,minimize,0.007118774284424148
22440,usable,0.007118774284424148
12802,marketgarden,0.007118774284424148
13264,milnes,0.007118774284424148
2512,berlinthe,0.007118774284424148
5935,dichotomy,0.007118774284424148
19405,soldierview,0.007118774284424148
8603,fullydestructable,0.007118774284424148
11612,kellys,0.007118774284424148
7281,eventual,0.007118774284424148
11549,kandahar,0.007118774284424148
15465,pfc,0.007118774284424148
743,accepting,0.007118774284424148
17695,riflebio,0.007118774284424148
23778,zanozich,0.007118774284424148
23777,zanovich,0.007118774284424148
7350,excelled,0.007118774284424148
3532,carentan,0.007118774284424148
10055,highwayoperation,0.007118774284424148
15611,pir,0.007118774284424148
905,addresses,0.007118774284424148
500,502nd,0.007118774284424148
10711,indicated,0.007118774284424148
20696,tacticalstrategy,0.007118774284424148
17469,resolved,0.007118774284424148
2181,ballantine,0.007118774284424148
2163,bakerview,0.007118774284424148
22132,understands,0.007118774284424148
6113,dismay,0.007118774284424148
20858,teamoperated,0.007118774284424148
23588,wwwbrothersinarmsgamecom,0.007118774284424148
4345,colonels,0.007118774284424148
11331,january,0.007118774284424148
10917,inquiries,0.007118774284424148
15164,pariah,0.007118774284424148
206,1944,0.007118774284424148
10937,insights,0.007118774284424148
13206,midseptember,0.007118774284424148
10600,importance,0.007118774284424148
13114,meshed,0.007118774284424148
14945,outwitted,0.007118774284424148
4719,constructive,0.007118774284424148
8313,foreman,0.007118774284424148
19684,spilled,0.007118774284424148
1647,archetypical,0.007118774284424148
16372,promoted,0.007118774284424148
8167,flimsy,0.007118774284424148
8952,germanoccupied,0.007118774284424148
22530,valueadded,0.007118774284424148
4945,counterattacked,0.007118774284424148
4492,compatriots,0.007118774284424148
8039,firefly,0.007118774284424148
1712,armys,0.007118774284424148
14916,outlook,0.007118774284424148
4385,combatview,0.007118774284424148
22795,visualize,0.007115421840306902
12331,lobe,0.007115421840306902
20235,studentrecord,0.007115421840306902
15556,pieces,0.007114327757820525
17307,remove,0.00711036304215134
12323,lo,0.0071056423425833294
6192,divebombers,0.0071056423425833294
1762,arzew,0.0071056423425833294
209,1945medal,0.0071056423425833294
10488,iiera,0.0071056423425833294
501,50caliber,0.0071056423425833294
11785,kradschtzen,0.0071056423425833294
23128,wehrmacht,0.0071056423425833294
20247,stuka,0.0071056423425833294
22939,war1942,0.0071056423425833294
22493,v2,0.0071056423425833294
11934,lastmanstanding,0.0071056423425833294
17271,remagen,0.0071056423425833294
10575,imparts,0.0071056423425833294
6645,ealain,0.0071056423425833294
10940,insomniac,0.007073404363429847
14005,nearrealistic,0.0070702583778102235
19314,snapping,0.0070702583778102235
12683,malfi,0.0070702583778102235
20286,stylize,0.0070702583778102235
18019,rushes,0.0070702583778102235
21568,tourer,0.0070702583778102235
724,ac,0.0070702583778102235
7903,fervor,0.0070702583778102235
4813,convertibles,0.0070702583778102235
8604,fullyenhanced,0.0070702583778102235
17144,refuel,0.0070702583778102235
3375,calculate,0.0070702583778102235
4925,costa,0.0070702583778102235
20581,swedens,0.0070702583778102235
22850,volvo,0.0070702583778102235
18788,shocks,0.0070702583778102235
13849,mutations,0.007063402800952055
7422,exlusive,0.007060187994169273
1011,aesthetically,0.007044783964891452
23794,zelinski,0.007042581057793551
20038,stimulate,0.007042581057793551
14064,neon,0.007034460404579922
7743,fascination,0.007034460404579922
20488,surely,0.0070260260689552845
19815,squaresofts,0.007010952472665777
6736,editiononly,0.007008749084145719
17096,redline,0.007008749084145719
20483,supra,0.007008749084145719
3331,c6r,0.007008749084145719
12233,limitededition,0.007008749084145719
11452,josie,0.007008749084145719
19139,sl65,0.007008749084145719
7426,exotics,0.007008749084145719
20553,suv,0.007008749084145719
3563,carrera,0.007008749084145719
9632,handselected,0.007008749084145719
4432,commemorating,0.007008749084145719
12773,maran,0.007008749084145719
4855,copevasion,0.007008749084145719
4969,countrysides,0.006999930639601884
17140,reform,0.006996895043060061
38,04lotus,0.00699645534713687
11903,largerdeveloped,0.00699645534713687
10985,integra,0.00699645534713687
39,05alfa,0.00699645534713687
11910,largerrace,0.00699645534713687
3548,carmitsubishi,0.00699645534713687
11902,largercustomize,0.00699645534713687
49,06ford,0.00699645534713687
16456,ps3the,0.00699645534713687
1872,atenza,0.00699645534713687
187,18inch,0.00699645534713687
21815,tronic,0.00699645534713687
409,350gt,0.00699645534713687
631,91mazda,0.00699645534713687
8809,garageview,0.00699645534713687
4918,corvette60amuseopera,0.00699645534713687
6780,eiger,0.00699645534713687
4179,clio,0.00699645534713687
29,02daihatsu,0.00699645534713687
9423,gt1,0.00699645534713687
3552,carnissan,0.00699645534713687
7180,er34,0.00699645534713687
27,02acura,0.00699645534713687
14566,offgran,0.00699645534713687
6585,dunlop,0.00699645534713687
21868,tt,0.00699645534713687
14318,nordwand,0.00699645534713687
26,01volkswagen,0.00699645534713687
7403,exhibitmazda,0.00699645534713687
44,06alfa,0.00699645534713687
53,06nissan,0.00699645534713687
11471,jts,0.00699645534713687
54,06renault,0.00699645534713687
9962,hf,0.00699645534713687
3498,caraston,0.00699645534713687
14876,outallnew,0.00699645534713687
10987,integrale,0.00699645534713687
28,02art,0.00699645534713687
7328,evoluzione,0.00699645534713687
52,06mercedesbenz,0.00699645534713687
40,05ford,0.00699645534713687
67,08mini,0.00699645534713687
389,30fpsfull,0.00699645534713687
19645,speedway,0.00699645534713687
18040,rx8,0.00699645534713687
19823,sr,0.00699645534713687
3499,caraudi,0.00699645534713687
410,350z,0.00699645534713687
420,370gt,0.00699645534713687
3511,cardaihatsu,0.00699645534713687
14549,ofc1,0.00699645534713687
3520,cardodge,0.00699645534713687
37,04honda,0.00699645534713687
56,07audi,0.00699645534713687
17627,revving,0.00699645534713687
46,06chevrolet,0.00699645534713687
22494,v36,0.00699645534713687
19646,speedwayonline,0.00699645534713687
3534,carford,0.00699645534713687
30,02dodge,0.00699645534713687
3543,carlotus,0.00699645534713687
7807,fd,0.00699645534713687
138,147,0.00699645534713687
21615,tracksview,0.00699645534713687
16715,racersnew,0.00699645534713687
50,06jaguar,0.00699645534713687
16950,realityprologue,0.00699645534713687
42,05nissan,0.00699645534713687
17958,rsamuse,0.00699645534713687
5509,dealership,0.00699645534713687
35,03mazda,0.00699645534713687
16340,programmingtune,0.00699645534713687
7841,featuresrace,0.00699645534713687
34,03bmw,0.00699645534713687
18050,s2000,0.00699645534713687
7648,fairlady,0.00699645534713687
63,07subaru,0.00699645534713687
16423,proto,0.00699645534713687
2798,bnr34,0.00699645534713687
59,07ford,0.00699645534713687
14423,nur,0.00699645534713687
60,07honda,0.00699645534713687
132,135i,0.00699645534713687
630,91citroen,0.00699645534713687
22872,vspec,0.00699645534713687
51,06lotus,0.00699645534713687
10179,homepage,0.00699645534713687
16700,r8,0.00699645534713687
61,07mitsubishi,0.00699645534713687
4854,copen,0.00699645534713687
2357,bbs,0.00699645534713687
8567,fsi,0.00699645534713687
45,06blitz,0.00699645534713687
13456,modificationsrendered,0.00699645534713687
640,95suzuki,0.00699645534713687
522,599,0.00699645534713687
4844,coopers,0.00699645534713687
643,96lotus,0.00699645534713687
7808,fdmazda,0.00699645534713687
58,07chevrolet,0.00699645534713687
509,512bb,0.00699645534713687
310,20vts,0.00699645534713687
633,92lancia,0.00699645534713687
32,02volkswagen,0.00699645534713687
3349,cad,0.00699645534713687
3596,cartvr,0.00699645534713687
21894,turbomines,0.00699645534713687
3074,brera,0.00699645534713687
8847,gaugescompete,0.00699645534713687
583,76ferrari,0.00699645534713687
47,06dodge,0.00699645534713687
22496,v8,0.00699645534713687
23682,yetbut,0.00699645534713687
3582,cartake,0.00699645534713687
3579,carsubaru,0.00699645534713687
21920,tuscan,0.00699645534713687
3576,carslexus,0.00699645534713687
20758,tamora,0.00699645534713687
21899,turismoand,0.00699645534713687
21901,turismotake,0.00699645534713687
64,07suzuki,0.00699645534713687
5481,db9,0.00699645534713687
7584,f430,0.00699645534713687
7583,f40,0.00699645534713687
13588,morrison,0.00699645534713687
23,00clio,0.00699645534713687
9787,headlight,0.00699645534713687
133,135tii,0.00699645534713687
3750,cervo,0.00699645534713687
21388,timeview,0.00699645534713687
23620,xk,0.00699645534713687
31,02nissan,0.00699645534713687
2531,bestpolyphony,0.00699645534713687
16459,psn,0.00699645534713687
5474,daytona,0.00699645534713687
24,00tvr,0.00699645534713687
8513,fried,0.006983316053215363
1732,arrow,0.006983060693561153
11582,katarn,0.006966401016252756
9535,hack,0.006954409949347081
20411,suns,0.006931373872388685
21944,twinbladed,0.006931373872388685
8306,forearm,0.006931373872388685
1240,allwoman,0.006931373872388685
5684,deliciously,0.006931373872388685
9559,halfhuman,0.006931373872388685
3660,cattle,0.006931373872388685
11538,kagan,0.006931373872388685
16122,predators,0.006931373872388685
16952,realitys,0.006931373872388685
5150,crimsonhaired,0.006931373872388685
19869,stalks,0.006931373872388685
1973,augments,0.006931373872388685
20968,terminal,0.006931373872388685
16904,rays,0.006931373872388685
10847,infrared,0.006931373872388685
16903,rayne,0.006931373872388685
10778,inflicting,0.006931373872388685
20435,superheroes,0.006920010112479694
19674,spidey,0.006920010112479694
7966,fightor,0.006920010112479694
3386,californias,0.006918071829293285
22545,vance,0.006914477628402081
4757,continentspanning,0.006914044510586025
23696,yorda,0.006908102322887355
1572,appearing,0.006884724032536649
15833,plight,0.006832486235010193
1599,approaches,0.006832486235010193
11092,intimate,0.006832486235010193
12748,mantle,0.006832486235010193
13594,mortar,0.006832486235010193
3290,bustin,0.006820828455032196
20568,swarms,0.006819224938182107
13853,muzzle,0.006819224938182107
8012,finetune,0.006819224938182107
9214,grabs,0.006799721075147264
18680,shannon,0.006772355442457263
7738,farther,0.006770744533960859
9867,heihachi,0.006769564292951876
17527,resurrection,0.006769564292951876
11407,jin,0.006769564292951876
14071,neros,0.006739296105686961
19329,snipers,0.006724490661630696
14856,oss,0.006724490661630696
23300,wiles,0.006723567399330942
18325,scorched,0.006723567399330942
2917,borne,0.006723567399330942
15089,palaces,0.006723567399330942
3167,brutish,0.00672066011834908
10581,impenetrable,0.00672066011834908
18503,segments,0.00671550853934033
15368,perfected,0.006691004756572697
13324,minoboars,0.006683759718962182
5245,cs,0.006683759718962182
11178,invokes,0.006683759718962182
22900,walden,0.006683759718962182
3727,centaurs,0.006683759718962182
2827,boggles,0.006683759718962182
18201,satyrs,0.006683759718962182
1469,ankleslicers,0.006683759718962182
1784,aslan,0.006683759718962182
3489,captivity,0.006683759718962182
20324,substantial,0.006681158945584655
14009,nebraskas,0.006632817709605501
17578,revel,0.006632817709605501
402,33,0.006632817709605501
4814,converting,0.006632817709605501
20559,swamp,0.006632817709605501
13174,michigans,0.006632817709605501
13359,mismatches,0.006632817709605501
469,425,0.006632817709605501
22683,vibration,0.006632817709605501
403,335,0.006632817709605501
15771,playerssee,0.006632817709605501
9221,grades,0.006632817709605501
4967,countrysee,0.006632817709605501
12490,lsus,0.006632817709605501
17931,routesfeel,0.006632817709605501
18320,scoops,0.0066327948086784515
19726,spoilers,0.0066327948086784515
16701,ra,0.006621160599380244
16650,quattro,0.006621160599380244
1991,authored,0.006610424099223159
17585,revengedriven,0.006599506658117175
9355,grimy,0.006599506658117175
3739,centurys,0.006599506658117175
15847,plottwists,0.006599506658117175
4043,cinematography,0.006599506658117175
6205,divides,0.006581200512578376
5664,defusing,0.006581200512578376
10956,instance,0.006576875229995797
3311,buyers,0.006565154558007577
9565,halfvampire,0.006559570194849482
18941,signature,0.006558794617821554
10478,ignited,0.006555340033976439
5160,criterion,0.006555340033976439
8592,fullroaming,0.006548816165058368
22912,wallcrawling,0.006548816165058368
19671,spidermans,0.006548816165058368
15549,picturesmarvel,0.006548816165058368
20773,tantalizing,0.006544738693361718
5063,craves,0.006544738693361718
7245,etcneeded,0.006544738693361718
10574,impales,0.006544738693361718
11544,kains,0.006544738693361718
2750,bloodchilling,0.006544738693361718
19835,stabs,0.006544738693361718
6611,dwells,0.006544738693361718
7818,feasts,0.006544738693361718
685,abilitiesscaling,0.006544738693361718
15479,phasing,0.006544738693361718
8372,forums,0.006543972933265498
13259,milliondollar,0.006473293600025197
837,actionhero,0.006473293600025197
3592,cartoonstyle,0.006473293600025197
12583,mach,0.006473293600025197
20635,sylvia,0.006473293600025197
9255,graphicrich,0.006439092720132316
11234,islonger,0.006439092720132316
7802,favourites,0.006439092720132316
10434,icarus,0.006439092720132316
9180,gorgeouslyrendered,0.006439092720132316
18377,scribbling,0.006416288580838277
12200,lightningquick,0.006416288580838277
8101,flailing,0.006416288580838277
19818,squat,0.006416288580838277
22263,unmatch,0.006410158363598117
4165,cliff,0.006409081176129158
20077,store,0.006400999728667821
9200,governmental,0.006400438647950499
19054,sixbyten,0.006400438647950499
5007,coverup,0.006400438647950499
12522,lunar,0.006400438647950499
1616,aracde,0.006400438647950499
13840,mutagen,0.006400438647950499
19837,stacked,0.006400438647950499
10278,hotbed,0.006400438647950499
16639,quarantine,0.006400438647950499
22019,ufo,0.006400438647950499
22466,usmilitary,0.006400438647950499
17905,roswell,0.006400438647950499
7660,faked,0.006400438647950499
1184,alienenhanced,0.006400438647950499
16295,procedures,0.006400438647950499
13884,mytserious,0.006400438647950499
11248,italian,0.006387050177582051
15660,places,0.006375433323603697
16113,precisely,0.006354884782504286
3716,celshading,0.006334616032024824
11317,jam,0.0063314848136648725
16210,presumably,0.006331367751596415
14305,nonrace,0.00632560655582357
6364,downpours,0.00632560655582357
5218,cruiser,0.00632560655582357
17775,roadblocks,0.00632560655582357
3870,chased,0.00632560655582357
17783,roadways,0.00632560655582357
23530,wraiths,0.0063252379689320995
12325,loaded,0.006301485254004245
14463,objectivesfour,0.0063009874634221644
15659,placementtraditional,0.0063009874634221644
5197,crosstitle,0.0063009874634221644
9984,highaction,0.0063009874634221644
1542,aoinstant,0.0063009874634221644
19461,sophist,0.0063009874634221644
14780,optimally,0.0063009874634221644
18872,shroud,0.006295770867361239
13965,naturalmotion,0.006282018839285604
13474,molecular,0.006282018839285604
15648,pixelux,0.006282018839285604
21666,transferring,0.00627702878826758
10993,integrity,0.00627702878826758
10235,horns,0.00627702878826758
12318,ll,0.0062567368170021705
1086,agrees,0.0062567368170021705
13758,multionline,0.0062567368170021705
19990,steels,0.0062567368170021705
12396,longerrange,0.0062567368170021705
21465,tokyos,0.0062567368170021705
1911,attackers,0.0062567368170021705
18911,sidemounted,0.0062567368170021705
172,17324,0.0062567368170021705
6104,dishonorable,0.0062567368170021705
21020,tetsuo,0.0062567368170021705
14864,otoris,0.0062567368170021705
17943,royale,0.0062567368170021705
13592,mortally,0.0062567368170021705
7927,fiance,0.0062567368170021705
15334,pendinggenrecategory,0.0062567368170021705
19188,slices,0.0062567368170021705
3963,chioce,0.0062567368170021705
16675,quickpaced,0.0062567368170021705
7202,erupts,0.0062567368170021705
13511,monroe,0.0062567368170021705
17768,riveting,0.0062567368170021705
23232,whisperquiet,0.0062567368170021705
18803,shootersystem,0.0062567368170021705
13403,miyus,0.0062567368170021705
9015,giri,0.0062567368170021705
23286,wiinumber,0.0062567368170021705
17946,rp,0.0062567368170021705
19576,sparing,0.0062567368170021705
8874,geisha,0.0062567368170021705
11623,kenzo,0.0062567368170021705
21838,truce,0.0062567368170021705
9402,grow,0.006223530919105453
6519,druid,0.006221413713704121
15934,ponds,0.006205838576300968
19598,spear,0.00619367486563484
18529,semblance,0.00619367486563484
9052,gleefully,0.00619367486563484
8978,ghostface,0.006178241339127666
13638,motox,0.006172824598062493
117,125cc,0.006172824598062493
855,actionupgrading,0.006172824598062493
3547,carmichael,0.006172824598062493
23046,waycompete,0.006172824598062493
2581,bigname,0.006172824598062493
8482,freeride,0.006172824598062493
12434,loretta,0.006172824598062493
20432,superfly,0.006172824598062493
5478,dazzle,0.006172824598062493
338,250cc,0.006172824598062493
21866,tsunami,0.006172824598062493
20631,sx,0.006172824598062493
12555,lynns,0.006172824598062493
13950,nationals,0.006172824598062493
23090,weaponsto,0.006167212543067126
13462,modspecific,0.006167212543067126
22035,ultor,0.006167212543067126
22842,volitions,0.006167212543067126
18450,secondgeneration,0.006167212543067126
1621,arbitrary,0.006167212543067126
22612,vehiclesnot,0.006167212543067126
16376,prompt,0.00614817680933989
5083,createaclass,0.006135022832134538
7769,fastrope,0.006135022832134538
12567,m249,0.006135022832134538
4135,claymore,0.006135022832134538
19043,sites,0.006135022832134538
15521,physicsenabled,0.006135022832134538
17717,rimlighting,0.006135022832134538
22951,warfares,0.006135022832134538
8976,ghillie,0.006135022832134538
9830,hearty,0.006100350109055538
1280,amap,0.006100350109055538
977,adventurerscan,0.006100350109055538
7297,everquestluclin,0.006100350109055538
13545,moonscape,0.006100350109055538
7487,exploreminimum,0.006100350109055538
349,288k,0.006100350109055538
22864,voyage,0.006100350109055538
2046,awaitthe,0.006100350109055538
17721,ringed,0.006100350109055538
646,982000mexp,0.006100350109055538
18130,sameproduct,0.006100350109055538
8873,geforcegeforce2,0.006100350109055538
22739,vilest,0.006100350109055538
12369,loftyspires,0.006100350109055538
516,566k,0.006100350109055538
20757,tamed,0.006100350109055538
19987,steeds,0.006100350109055538
20991,territoriesfrom,0.006100350109055538
12505,luclinincluded,0.006100350109055538
17095,rediscovered,0.006100350109055538
15110,pamphlet,0.006100350109055538
11456,journalproduct,0.006100350109055538
2380,beastlord,0.006100350109055538
18342,scotsman,0.006096326461229281
4471,commuter,0.006096326461229281
12836,marveled,0.006096326461229281
15073,painstaking,0.006096326461229281
1925,attendees,0.006096326461229281
7011,engineers,0.006096326461229281
927,admire,0.006096326461229281
2527,bestofbreed,0.006096326461229281
14531,odakyu,0.006096326461229281
4161,clickclack,0.006096326461229281
1837,associations,0.006096326461229281
21262,thrives,0.006093957870374246
21323,tied,0.006082703138664945
14564,offerings,0.006057218710734554
213,1950s,0.006057115062594642
854,actionthriller,0.006043711583625199
22,007s,0.006043711583625199
14464,objectivesfrom,0.006043711583625199
19792,spylike,0.006043711583625199
16621,qgadgetry,0.006043711583625199
20336,subtletiesand,0.006043711583625199
4983,coursedestructive,0.006043711583625199
20311,submerses,0.006043711583625199
15209,passable,0.006041092435613423
20121,straightfromthearcade,0.006033695408713317
13075,mentality,0.006033695408713317
11621,kentucky,0.006033695408713317
16733,racking,0.006033695408713317
12646,mailboxes,0.006033695408713317
17232,relaxed,0.006033695408713317
19276,smashed,0.006033695408713317
6154,distilled,0.006033695408713317
17797,robbing,0.006033695408713317
13369,missionbattle,0.006033695408713317
5695,deliversplayers,0.006033695408713317
21853,trunkload,0.006033695408713317
2987,brag,0.006033695408713317
11642,kfc,0.006033695408713317
2828,bogs,0.006033695408713317
12405,longrunning,0.006033695408713317
3336,cabbie,0.006033695408713317
7794,favorably,0.006033695408713317
7973,fila,0.006033695408713317
12126,levis,0.006033695408713317
14534,oddest,0.006033695408713317
15658,placements,0.006033695408713317
2361,bd,0.006033695408713317
4863,copshow,0.006028979114294254
1084,agree,0.006028979114294254
11962,launchmiguel,0.006028979114294254
12426,lopez,0.006028979114294254
5319,cutanddried,0.006028979114294254
19546,spacecrafts,0.006028979114294254
18449,secondfiddle,0.006028979114294254
227,19852000,0.006028979114294254
296,20152035,0.006028979114294254
200,19351955,0.006028979114294254
11636,keyfetch,0.006028979114294254
2785,blunderbuss,0.006028979114294254
12153,licensors,0.00598629649453598
170,170,0.00598629649453598
12721,manhunt,0.00598629649453598
10604,imported,0.005927410456842487
13419,mobsters,0.005921121314324099
20636,symbol,0.005921121314324099
17267,reluctantly,0.005921121314324099
11661,kidnap,0.005921121314324099
15412,persistence,0.005888296956063323
8889,generals,0.005883912284374341
13152,metropolises,0.00587837845837019
6630,dynastic,0.00587837845837019
14190,nile,0.00587837845837019
8186,flooding,0.00587837845837019
16311,produces,0.00587837845837019
15575,pillaged,0.00587837845837019
351,2900,0.00587837845837019
13704,msg4,0.005867982206043645
21319,tides,0.005867982206043645
17666,ricky,0.005841709864285502
20607,swings,0.0058301952211216755
906,adds,0.00582889840396015
20470,supplement,0.005824412191623464
1689,arisen,0.005824412191623464
15757,playerbuilt,0.005824412191623464
21291,thugs,0.005794336839826145
13707,mt,0.005794284392954589
18119,salty,0.005789961846296673
539,62,0.005789961846296673
1441,angst,0.005789961846296673
21684,translators,0.005789961846296673
23168,wellplotted,0.005789961846296673
1635,arcadia,0.005789961846296673
21683,translations,0.005789961846296673
1443,anguish,0.005789961846296673
8249,folk,0.005789961846296673
4195,clogging,0.005789961846296673
16970,reappearing,0.005789961846296673
15896,pointsthough,0.005789961846296673
21601,tp,0.005789961846296673
5066,crawler,0.005789961846296673
23147,wellbut,0.005789961846296673
9530,habit,0.005789961846296673
22210,uninitiated,0.005789961846296673
8312,foreignlanguage,0.005789961846296673
20354,successive,0.005789961846296673
2885,boomsonic,0.005789961846296673
10061,hijinks,0.005789961846296673
3617,casters,0.005789961846296673
19304,smut,0.005789961846296673
5679,delayed,0.005789961846296673
3002,brainwork,0.005789961846296673
7717,fantasyhero,0.005789961846296673
21004,testament,0.005789961846296673
14567,offhand,0.005789961846296673
7674,falz,0.005789961846296673
6576,dungeoncrawling,0.005789961846296673
2259,barriers,0.005789961846296673
16462,psoobsessed,0.005789961846296673
909,adequately,0.005789961846296673
6123,disparity,0.005789961846296673
22323,unsupported,0.005789961846296673
13868,mysteryin,0.005789961846296673
6176,distribution,0.005789961846296673
22330,unthinkable,0.005789961846296673
17528,resurrectionfor,0.005789961846296673
3174,bubbles,0.005789961846296673
10113,hitches,0.005789961846296673
22865,voyageprepare,0.005789961846296673
20125,strained,0.005789961846296673
10453,icq,0.005789961846296673
19903,staralgol,0.005789961846296673
9078,gloriously,0.005789961846296673
17130,refines,0.005789961846296673
7158,epiphany,0.005789961846296673
13506,monomates,0.005789961846296673
13517,monsterkilling,0.005789961846296673
21225,thread,0.005789961846296673
17146,refugees,0.005789961846296673
7100,enthralled,0.005789961846296673
5372,dailyradar,0.005789961846296673
11641,keyword,0.005789961846296673
12477,lowlevel,0.005789961846296673
2706,blessing,0.005789961846296673
1320,amid,0.005789961846296673
15473,phantastic,0.005789961846296673
22991,warsthe,0.005789961846296673
17688,ridiculously,0.005789961846296673
6450,dreamy,0.00576931527946856
14487,obsessive,0.00576931527946856
5952,diesel,0.00576931527946856
4800,convention,0.00576931527946856
19930,starters,0.00571004411843835
3691,ceases,0.00571004411843835
4479,companys,0.00571004411843835
6641,eagerly,0.00571004411843835
1677,argue,0.00571004411843835
9247,grapes,0.005707519905673897
10126,hive,0.005707519905673897
9686,hardtoget,0.005707519905673897
19650,spellbook,0.005707519905673897
12627,magicoins,0.005707519905673897
8110,flamingo,0.005707519905673897
19082,skeleton,0.005707519905673897
19735,spook,0.005707519905673897
9904,helper,0.005707519905673897
6558,dueling,0.005707519905673897
13012,mediterraneanthemed,0.005707519905673897
3038,bread,0.005707519905673897
14028,nectar,0.005707519905673897
10271,hostess,0.005707519905673897
14947,oven,0.005707519905673897
11074,intersects,0.005706159184408149
15324,pelennor,0.005706159184408149
7004,engagement,0.005706159184408149
22955,warg,0.005706159184408149
8613,functional,0.005705580751562295
10614,impressions,0.005705580751562295
13747,multifaceted,0.005705580751562295
14572,offices,0.005705580751562295
4568,concealment,0.00569692184130451
2787,bluntly,0.0056888868239875585
372,2kx,0.0056888868239875585
15628,pitchappearance,0.0056888868239875585
10998,intelligencefor,0.0056888868239875585
612,89,0.0056888868239875585
7398,exhaustive,0.0056888868239875585
3326,byunghyun,0.0056888868239875585
15748,playbut,0.0056888868239875585
10445,ichiro,0.0056888868239875585
8779,gamesturned,0.0056888868239875585
23331,windups,0.0056888868239875585
2275,baserunning,0.0056888868239875585
1456,animating,0.0056888868239875585
13615,motioncapturing,0.0056888868239875585
10337,hudson,0.0056888868239875585
23148,wellconsidered,0.0056888868239875585
8617,functionsincluding,0.0056888868239875585
21495,toolsthough,0.0056888868239875585
15772,playerstadium,0.0056888868239875585
1768,ashelin,0.005688374338088573
3021,bravely,0.005688374338088573
4938,councils,0.005688374338088573
2214,banishment,0.005688374338088573
11788,krew,0.005688374338088573
22596,veger,0.005688374338088573
6572,dumped,0.005688374338088573
15308,pecker,0.005688374338088573
3130,broker,0.005688374338088573
23412,woeful,0.005688374338088573
6180,distrust,0.005688374338088573
11714,kitana,0.005682997877770802
20088,storming,0.00566873382485333
23675,yell,0.005666531476467498
5640,define,0.005664875456096555
19574,spare,0.005652945806965666
1941,attracted,0.0055838873449400505
19240,slowmoving,0.005566325776193237
18255,scatter,0.005552477410854843
5540,debuting,0.005516520114571766
13792,munchlax,0.005516520114571766
9057,glimpses,0.005516520114571766
13267,mime,0.005516520114571766
23104,weavile,0.005516520114571766
12494,lucario,0.005516520114571766
1871,ate,0.005500529697620016
11282,ixs,0.005500529697620016
23807,zidane,0.005500529697620016
7979,fills,0.005480409379990495
13460,modifying,0.005479384313375916
17044,reconnect,0.005479384313375916
6088,discretion,0.005479384313375916
4037,cinemas,0.00547668078946019
5861,detectives,0.00547612555239825
16497,publisher,0.00547612555239825
13666,movement,0.005449069404174269
3820,characteristic,0.005447225042936644
8381,foul,0.005435208970402126
3362,cage,0.005425500067185283
22757,vine,0.005401364889015119
9732,hatch,0.005401364889015119
9101,gnome,0.005401364889015119
9096,gm,0.005383730991709308
8207,flown,0.005383246024054823
21794,trips,0.0053503800526172145
21209,thoroughfares,0.005348399438848453
15103,palmonts,0.005348399438848453
5964,differentiation,0.005348399438848453
7820,feather,0.005348399438848453
20118,straightaways,0.005348399438848453
9514,gutcheck,0.005348399438848453
10707,indespensible,0.005348399438848453
2626,birds,0.005348399438848453
14422,nunchuks,0.005348399438848453
13616,motioncontrol,0.005348399438848453
8576,fuelinjected,0.005348399438848453
16620,qforce,0.0053442309123677674
17681,riders,0.0053396840832696125
3952,chili,0.005339330335587826
15357,peppers,0.005339330335587826
13406,mk,0.005329891668877965
3461,capable,0.0053125520996571765
22560,variance,0.005302857420632834
7462,experiencing,0.005291267174487456
10571,impacting,0.005291267174487456
14894,outerwear,0.005291267174487456
20404,sunburn,0.005291267174487456
8815,gardening,0.005291267174487456
14427,nurturing,0.005291267174487456
5362,dad,0.005291267174487456
2986,brady,0.005276271462791157
22531,valued,0.005276271462791157
577,7500,0.005276271462791157
16960,realm,0.005244048136191706
3894,checkpoint,0.005235855333453056
16440,provides,0.0052259459687881565
3544,carls,0.005223262192651932
15158,parasol,0.005190156835774668
14215,no07023301,0.005180198576575137
2477,belles,0.005180198576575137
22382,upc712725004309,0.005180198576575137
12519,lumiere,0.005180198576575137
20652,synopsis,0.005180198576575137
1764,ascertain,0.005180198576575137
16716,racerswireless,0.005175572280154579
8521,friendsexclusives,0.005175572280154579
9394,groundup,0.0051561066658936325
6189,divas,0.0051561066658936325
1397,andre,0.0051561066658936325
23580,wwes,0.0051561066658936325
9803,headto,0.0051561066658936325
11418,jobber,0.0051561066658936325
13482,moments,0.005153578027072856
22927,wanna,0.005073113464074145
13761,multiplatform,0.005073113464074145
5180,crooners,0.005073113464074145
1047,againstfriends,0.005073113464074145
23383,withand,0.005073113464074145
3557,caroline,0.005073113464074145
9917,henry,0.005068135339687917
11079,intertwines,0.005068135339687917
23726,youn,0.005068135339687917
18165,sang,0.005068135339687917
22841,volition,0.005068135339687917
7152,epicscale,0.005068135339687917
15471,phantagrams,0.005068135339687917
14146,nfs,0.0050615074216513916
23313,willing,0.0050615074216513916
21215,thoughtfully,0.0050615074216513916
5677,del,0.005053786073359632
10451,iconic,0.005053786073359632
18056,saberonly,0.0050535241464642194
11884,languish,0.0050535241464642194
11373,jerec,0.0050535241464642194
3170,bryar,0.0050535241464642194
13737,multiawardwinning,0.0050535241464642194
22861,vowing,0.0050535241464642194
13543,moonplus,0.0050535241464642194
13925,nar,0.0050535241464642194
18642,shaddaa,0.0050535241464642194
20904,teem,0.0050507349077840566
23786,zealand,0.0050507349077840566
6968,endorsements,0.0050507349077840566
19349,snowcats,0.0050507349077840566
9886,heliriding,0.0050507349077840566
13157,meyen,0.0050507349077840566
9494,gunny,0.0050507349077840566
3224,buller,0.0050507349077840566
3766,chairlifts,0.0050507349077840566
21936,tweaks,0.0050507349077840566
19352,snowpark,0.0050507349077840566
15982,portfolio,0.0050507349077840566
19343,snowboarders,0.0050507349077840566
12025,leblanc,0.0050507349077840566
21763,trickable,0.0050507349077840566
6343,doubling,0.0050507349077840566
11813,laax,0.0050507349077840566
20274,styledout,0.0050507349077840566
13226,mikey,0.0050507349077840566
19627,spectacularly,0.0050507349077840566
9711,harris,0.0050507349077840566
19342,snowboarder,0.0050507349077840566
11329,janna,0.0050507349077840566
19872,stalls,0.0050507349077840566
21713,travis,0.0050507349077840566
20821,taunts,0.005050238797993586
5044,cranky,0.005048590424707769
17418,requirementswin,0.0050301306106508795
17286,rememberfeatures,0.0050301306106508795
20143,strategieslearn,0.0050301306106508795
651,98me2000xppentium,0.0050301306106508795
22710,videothe,0.0050301306106508795
1793,aspirationbonus,0.0050301306106508795
16808,ram3d,0.0050301306106508795
16807,ram35gb,0.0050301306106508795
8989,ghz512mb,0.0050301306106508795
5110,creativityget,0.0050301306106508795
13481,momentous,0.004957329333971518
22441,usage,0.004957329333971518
23841,zosssubscribe,0.004944975112685492
9990,highend,0.004928386473577518
16988,rebecca,0.00491560342012714
18498,seeping,0.00491560342012714
3026,bravos,0.00491560342012714
16275,pristine,0.00491560342012714
20532,survives,0.00491560342012714
319,22car,0.004912977752295156
1107,aids,0.004912977752295156
3790,championshiptm,0.004912977752295156
11889,laps,0.004912977752295156
16350,progressive,0.004912977752295156
10662,incidents,0.004912977752295156
7925,fia,0.004912977752295156
13046,melody,0.004912250824607821
8392,fourdisc,0.0049078309047105575
13486,moms,0.004902329517269061
911,adhoc,0.0048979508757675235
8857,gbas,0.004897616627129348
17888,rookies,0.004879529491479053
6782,eighth,0.004879529491479053
5507,dealer,0.004877081158260936
14380,novelty,0.004831253938419689
3567,carrier,0.004814084722797028
22482,utilized,0.004803465534833768
6551,ducks,0.00480206919009611
17957,rs,0.00480206919009611
18454,secondroughly,0.00480206919009611
16722,racetrackgran,0.00480206919009611
9433,gtsr,0.00480206919009611
12945,mazdas,0.00480206919009611
1007,aerodynamics,0.00480206919009611
3379,calculations,0.00480206919009611
23328,windshield,0.00480206919009611
13345,mirroring,0.00480206919009611
20609,swirls,0.00480206919009611
12208,lightsourcing,0.004801469445594671
2847,bomberbattling,0.004789100026744751
9982,higes,0.004789100026744751
15201,partnership,0.004782449391858585
21377,timers,0.00477980991286432
1919,attempt,0.004777403661131743
15070,painfully,0.004776093423991249
6698,eats,0.004765322214070577
4398,combs,0.004765322214070577
23292,wilder,0.004765322214070577
11044,interferes,0.004765322214070577
2584,bigticket,0.004765322214070577
19347,snowboardseach,0.004765322214070577
715,absurdly,0.004765322214070577
14618,okay,0.004765322214070577
8921,genredefining,0.004765322214070577
8022,finishhave,0.004765322214070577
3243,bumps,0.004765322214070577
3242,bumping,0.004765322214070577
4607,cones,0.004765322214070577
11466,joysticktwisting,0.004765322214070577
2110,backbreaking,0.004765322214070577
20664,systemjustifying,0.004765322214070577
10437,icebergs,0.004765322214070577
3593,cartoony,0.004765322214070577
15520,physicsdefying,0.004765322214070577
4985,coursessome,0.004765322214070577
14020,necksnapping,0.004765322214070577
23843,zur,0.004749147674628217
1305,ambitiously,0.004749147674628217
16120,precursors,0.004749147674628217
23611,xenosagas,0.004749147674628217
9663,happygolucky,0.004749147674628217
8790,gamingbut,0.004749147674628217
12416,looooooooong,0.004749147674628217
12095,lessthansubtle,0.004749147674628217
17351,repetitious,0.004749147674628217
5446,database,0.004749147674628217
23817,zohar,0.004749147674628217
1161,alarming,0.004749147674628217
19547,spacedwelling,0.004749147674628217
20332,subtitle,0.004749147674628217
5776,der,0.004749147674628217
250,1but,0.004749147674628217
20184,stretchedout,0.004749147674628217
12402,longone,0.004749147674628217
8514,friedrich,0.004749147674628217
14162,nietzsche,0.004749147674628217
14540,ode,0.004749147674628217
10996,intellectually,0.004749147674628217
14466,obligatory,0.004749147674628217
10505,illconceived,0.004749147674628217
14293,noninteractive,0.004749147674628217
3628,casually,0.004749147674628217
15493,philosopher,0.004749147674628217
7416,existentialism,0.004749147674628217
955,adultminded,0.004749147674628217
3943,chihuahua,0.004741777842426126
19153,slapshot,0.004717176671924891
18575,serenade,0.004717176671924891
8395,fouronfour,0.004717176671924891
2211,banging,0.004717176671924891
13662,mouthguard,0.004717176671924891
20041,sting,0.004717176671924891
16883,rattle,0.004717176671924891
12728,manicfans,0.004717176671924891
3896,checks,0.004717176671924891
4128,clatter,0.004717176671924891
950,adrenalinestyle,0.004717176671924891
16383,propagating,0.004715603211326186
3956,chimeran,0.004715603211326186
18347,scourge,0.004715603211326186
11930,lastditch,0.004715603211326186
13856,myresistancenet,0.004715603211326186
4815,converts,0.004715603211326186
9552,hale,0.004715603211326186
214,1951,0.004715603211326186
7883,felucia,0.004711513798541534
17097,redman,0.004695224149508537
8638,furnish,0.004691705297886366
11397,jewelry,0.004691705297886366
17870,romanceor,0.004691705297886366
7455,expensive,0.004691705297886366
19492,soughtafter,0.004691414431232317
18836,shots,0.004683752770002831
18047,ryuken,0.00463172599573912
12858,massacred,0.00463172599573912
8685,gaidens,0.00463172599573912
13788,multiverseis,0.004631563231086362
21046,thatrotate,0.004631563231086362
22286,unravelcommon,0.004631563231086362
1257,alsocalled,0.004631563231086362
6399,dragonsproduct,0.004631563231086362
18697,sharpedged,0.004631563231086362
15681,planesyoucan,0.004631563231086362
15677,planescapemultiverse,0.004631563231086362
16390,properkey,0.004631563231086362
4581,conceptions,0.004631563231086362
9196,gouges,0.004631563231086362
23757,ysgard,0.004631563231086362
9970,hiddensome,0.004631563231086362
2647,bizarreadversaries,0.004631563231086362
8091,fixture,0.004631563231086362
20280,styletheplanescape,0.004631563231086362
2457,beingsand,0.004631563231086362
23395,withsharpedged,0.004631563231086362
10566,immunities,0.004631563231086362
4075,citythe,0.004631563231086362
7034,enigmaticruler,0.004631563231086362
23025,watering,0.004631563231086362
23753,youvenever,0.004631563231086362
820,acrossthe,0.004631563231086362
23208,wheelthe,0.004631563231086362
4483,comparedto,0.004631563231086362
712,abstractconcepts,0.004631563231086362
12629,magicsencounterinventory,0.004631563231086362
18610,settingfor,0.004631563231086362
10015,highlightscharactercreation,0.004631563231086362
21453,tofit,0.004631563231086362
11088,inthat,0.004631563231086362
6846,elsethe,0.004631563231086362
13360,misnomer,0.004631563231086362
15522,physicsproduct,0.004631563231086362
21156,thestrangest,0.004631563231086362
2152,bag,0.004627087664376986
15844,plotslots,0.004626224899164344
14404,nudity,0.004626224899164344
12101,lethargic,0.004626224899164344
2746,blog,0.004626224899164344
13005,medias,0.004626224899164344
19734,spoofs,0.004626224899164344
18000,runandgun,0.004626224899164344
15466,pg,0.004626224899164344
3566,carried,0.004626224899164344
12172,lifes,0.004626224899164344
2582,bigpicture,0.004626224899164344
18283,scheming,0.004626224899164344
23445,woohoo,0.004626224899164344
19363,soapopera,0.004626224899164344
2132,backstories,0.004626224899164344
12179,lifetimes,0.004626224899164344
6204,dividends,0.004626224899164344
12533,luridly,0.004626224899164344
20804,tastefully,0.004626224899164344
17218,rejected,0.004626224899164344
9107,goaloriented,0.004626224899164344
15467,pg13,0.004626224899164344
12175,lifespan,0.004626224899164344
4828,cookin,0.0046207748428732445
3467,caper,0.004608262978938897
21013,tests,0.00458915947851105
16322,professionals,0.004587585751325314
3269,burnt,0.004587585751325314
21292,thumb,0.004578927167056419
22089,uncompetitive,0.004557091078252255
1666,arenanets,0.004557091078252255
20902,tedium,0.004557091078252255
20165,streams,0.004557091078252255
15238,patching,0.004557091078252255
3423,camping,0.004557091078252255
11688,killstealing,0.004557091078252255
21524,tornado,0.004531842652478117
5360,dachshund,0.004527987407265306
2826,bogged,0.004510176795641103
21960,twodisc,0.004509606245719693
11976,lawn,0.0045078327396667105
1346,amy,0.004502745003232953
2169,balances,0.004494399847445082
19727,spoiling,0.004494399847445082
10527,imagery,0.004494399847445082
15926,polygonic,0.004481394517698687
10037,highpolygon,0.004481394517698687
4899,correspond,0.004481394517698687
3826,charactersa,0.004481394517698687
1001,aeons,0.004481394517698687
23697,yore,0.004481394517698687
20099,storyfeatures,0.004481394517698687
23024,waterfilled,0.004481394517698687
3531,careless,0.004454106767264712
21595,toying,0.004451346988976486
21392,timingbased,0.004445558616204975
17195,reigons,0.004399538069597952
8250,folklore,0.004399538069597952
15099,palkia,0.004399538069597952
20637,symbolize,0.004399538069597952
5927,dialga,0.004399538069597952
6163,distort,0.004399538069597952
15900,pokedex,0.004399538069597952
11077,intertwine,0.004399538069597952
15263,patton,0.004396475199879116
10397,hurricanes,0.004396475199879116
16398,prophets,0.004396475199879116
23672,yearsproduct,0.004396475199879116
22914,walled,0.004396475199879116
20512,surreptitiously,0.004396475199879116
9502,gunships,0.004396475199879116
4024,churchill,0.004396475199879116
7581,f15s,0.004396475199879116
13569,morestrategic,0.004396475199879116
2094,b2,0.004396475199879116
3403,camels,0.004396475199879116
4560,computerplayer,0.004396475199879116
10265,hospitals,0.004396475199879116
1543,apache,0.004396475199879116
4088,civilizationsimproving,0.004396475199879116
3561,carpetbombing,0.004396475199879116
6969,endow,0.004396475199879116
14583,offshore,0.004396475199879116
19708,spitfires,0.004396475199879116
5732,demonstrating,0.004396475199879116
5774,depthproduct,0.004396475199879116
5882,devastate,0.004396475199879116
17452,reshape,0.004383122966976059
19729,spokes,0.004383122966976059
888,adapts,0.004383122966976059
16752,radios,0.004378071065431568
19364,soar,0.00436485519809994
19259,slys,0.004361072460512293
5782,derelict,0.004351813883233005
20752,tallon,0.004351813883233005
13149,metroids,0.004351813883233005
21303,thwarted,0.004351813883233005
11920,larva,0.004351813883233005
7052,enormity,0.004326009824822451
6362,downlowshowtime,0.004271728071384064
17779,roadraging,0.004271728071384064
10563,immortalize,0.004271728071384064
20721,takedownin,0.004271728071384064
11851,lakewhite,0.004271728071384064
6231,doalong,0.004271728071384064
9866,heightssilver,0.004271728071384064
11898,largeralthough,0.004271728071384064
11905,largergo,0.004271728071384064
6933,encompasses,0.004271728071384064
14124,newinstant,0.004271728071384064
11911,largerstart,0.004271728071384064
20068,stoplight,0.004271728071384064
10529,imagesdowntown,0.004271728071384064
11909,largernothing,0.004271728071384064
8931,genteel,0.004271728071384064
2567,bids,0.004271728071384064
14128,newmarked,0.004271728071384064
10056,highways,0.004271728071384064
7298,everteam,0.004271728071384064
2943,boulevards,0.004271728071384064
11319,jammed,0.004271728071384064
4069,cityheaven,0.004271728071384064
14705,onlineburnout,0.004271728071384064
4120,classesclassic,0.004271728071384064
8761,gamertagpsn,0.004271728071384064
8624,funinthesun,0.004271728071384064
4068,cityharbor,0.004271728071384064
17313,renamed,0.004271728071384064
9345,gridlock,0.004271728071384064
23477,worldin,0.004271728071384064
16761,rageburning,0.004271728071384064
16713,raceroad,0.004271728071384064
5049,crashcausing,0.004271728071384064
11223,isenter,0.004271728071384064
13723,mugshots,0.004271728071384064
21588,townpalm,0.004271728071384064
8462,freeburn,0.004271728071384064
8465,freedomdrivers,0.004271728071384064
17932,routestunt,0.004271728071384064
23058,wayunlike,0.004271728071384064
12329,lobbies,0.004271728071384064
13646,mountainburnout,0.004271728071384064
18482,seedriving,0.004271728071384064
2031,avenues,0.004271728071384064
18882,shunt,0.004271728071384064
2631,birthday,0.004231185966834663
11256,item,0.004221747936939231
1513,antigravity,0.004160644930716767
4074,citystates,0.004160644930716767
20867,tear,0.004159203302484035
23348,winnings,0.004144862923743118
682,abes,0.0041254363084030745
3806,chant,0.0041254363084030745
13720,mudokon,0.0041254363084030745
23108,webfooted,0.0041254363084030745
16384,propel,0.0041254363084030745
23203,wheelchairbound,0.0041254363084030745
13793,munchs,0.0041254363084030745
16072,powerpacking,0.0041254363084030745
11709,kinsmen,0.0041254363084030745
12978,meanspirited,0.0041254363084030745
23202,wheelchair,0.0041254363084030745
14539,oddysee,0.0041254363084030745
22695,victim,0.004099936676903055
21331,tight,0.004098855618307071
20481,suppress,0.004098477987957578
9318,greatplaying,0.004098477987957578
2712,blindfire,0.004098477987957578
13061,memorizing,0.004098477987957578
6678,easing,0.004098477987957578
6500,droolworthy,0.004098477987957578
16137,pree3,0.004098477987957578
9314,greatlooking,0.004098477987957578
4563,comrade,0.004098477987957578
23008,wasting,0.004098477987957578
18757,shined,0.004098477987957578
1222,allot,0.004098477987957578
8702,galaxystar,0.004097978454944438
11358,jedifor,0.004097978454944438
21095,theirsthe,0.004097978454944438
922,adjusts,0.00407045331700426
4976,coupling,0.004067159570625638
17661,richest,0.004067159570625638
22380,upc710425296116,0.004067159570625638
368,2k5,0.004067159570625638
14227,no29611,0.004067159570625638
14696,onformat,0.004067159570625638
5577,declaration,0.004061304041203006
17977,ruffians,0.004061304041203006
8540,frogger,0.004061304041203006
18809,shopkeepers,0.004061304041203006
8588,fullle,0.004061304041203006
19532,sowing,0.004061304041203006
484,4kids,0.004061304041203006
1538,anythingcanhappen,0.004061304041203006
13786,multitudes,0.004061304041203006
2233,bardel,0.004061304041203006
22218,uniqueevergrowing,0.004061304041203006
21830,troublemaking,0.004061304041203006
4240,clyde,0.004061304041203006
1866,ata,0.004061304041203006
3439,candyspilling,0.004061304041203006
10510,illness,0.004061304041203006
4198,cloning,0.004061304041203006
18052,s7500095,0.004061304041203006
15528,piatafilled,0.004061304041203006
14147,ngth,0.004061304041203006
23297,wildroaming,0.004061304041203006
2001,autoaiming,0.00404274699674197
2573,bigass,0.00404274699674197
4379,combatoriented,0.00404274699674197
12986,meateating,0.00404274699674197
19693,spinoffs,0.00404274699674197
22764,violins,0.00404274699674197
4711,constitute,0.00404274699674197
21996,tyrannosaurus,0.00404274699674197
18880,shuffling,0.00404274699674197
15004,owed,0.00404274699674197
23163,wellintegrated,0.00404274699674197
9369,grizzly,0.00404274699674197
4291,cohort,0.00404274699674197
16697,r2,0.00404274699674197
180,180degree,0.00404274699674197
12918,maw,0.00404274699674197
17653,ribbonsaving,0.00404274699674197
14940,outstretched,0.00404274699674197
10247,horroran,0.00404274699674197
6809,electronically,0.00404274699674197
10250,horrormovie,0.00404274699674197
18457,secondstory,0.00404274699674197
755,accessorycustomization,0.00404274699674197
11711,kirk,0.00404274699674197
21904,turnabout,0.00404274699674197
14993,overused,0.00404274699674197
7314,evilbiohazard,0.00404274699674197
7311,evidenced,0.00404274699674197
2759,bloodspattered,0.00404274699674197
22721,viewed,0.00404274699674197
18331,scorerating,0.00404274699674197
1041,aftertaste,0.00404274699674197
17167,reginaburger,0.00404274699674197
12228,limelight,0.00404274699674197
12238,limping,0.00404274699674197
5699,deluge,0.00404274699674197
17159,regards,0.00404274699674197
19851,stagger,0.00404274699674197
8686,gail,0.00404274699674197
6472,drip,0.00404274699674197
930,admiring,0.00404274699674197
16577,pursuer,0.00404274699674197
17514,restyle,0.00404274699674197
6010,dinoinfested,0.00404274699674197
17215,reish,0.00404274699674197
11437,joke,0.00404274699674197
3442,cannibalizing,0.00404274699674197
1147,airvents,0.00404274699674197
6525,drunks,0.00404274699674197
10467,idiot,0.00404274699674197
13107,merits,0.00404274699674197
18214,savvier,0.00404274699674197
23503,wormseye,0.00404274699674197
17550,retrieval,0.00404274699674197
7887,femmefatale,0.00404274699674197
4559,computerexpert,0.00404274699674197
15643,pivots,0.00404274699674197
22340,unwanted,0.00404274699674197
17397,reptiles,0.00404274699674197
6233,dobermans,0.00404274699674197
2172,balcony,0.00404274699674197
18761,shinji,0.00404274699674197
13201,midna,0.004035518043561985
4159,clichs,0.004027699786613484
18090,sag,0.004027699786613484
6514,drowned,0.004027699786613484
16286,probability,0.004027699786613484
7342,examination,0.004027699786613484
7536,extinct,0.004027699786613484
6674,easiertoland,0.004027699786613484
4523,complexities,0.004027699786613484
2453,beholder,0.004027699786613484
13438,moderated,0.004027699786613484
16635,qualm,0.004027699786613484
18581,serges,0.004027699786613484
19842,stadiums,0.004023107619282244
22742,villagers,0.00402274128194416
21984,tyhrranoids,0.004008173299400125
22621,veldin,0.004008173299400125
18013,runs,0.003983674107298372
5465,daxters,0.003981638783140087
9540,hagai,0.003981638783140087
6714,ecoa,0.003981638783140087
23116,wee,0.003981638783140087
13389,misty,0.003981638783140087
8325,forevertransforming,0.003981638783140087
4733,containers,0.003981638783140087
11749,knowledgeable,0.003981638783140087
14865,otter,0.003981638783140087
17835,rodent,0.003981638783140087
18131,samos,0.003981638783140087
22580,vat,0.003981638783140087
23098,weasellike,0.003981638783140087
5069,crawls,0.003981638783140087
21340,tiin,0.003981339280000854
12431,lordsfrom,0.003981339280000854
22749,villainy,0.003981339280000854
14452,obiwans,0.003981339280000854
18079,saesee,0.003981339280000854
9636,handswield,0.003981339280000854
11651,kiadimundi,0.003981339280000854
21073,theed,0.003981339280000854
16141,preferably,0.003963213832723399
18686,shapeshifting,0.003959233721163887
13148,metroid,0.003952755239511809
2197,bambi,0.00393991611992446
4337,collided,0.00393991611992446
12138,liberties,0.00393991611992446
17714,riku,0.00393991611992446
1003,aeris,0.00393991611992446
11545,kairi,0.00393991611992446
10681,incongruity,0.00393991611992446
13109,mermaid,0.00393991611992446
20797,tarzan,0.00393991611992446
23221,whining,0.00393991611992446
18287,schizophrenic,0.00393991611992446
9822,heartless,0.00393991611992446
11632,keyblade,0.00393991611992446
19808,squall,0.00393991611992446
12664,majorly,0.00393991611992446
19816,squarestyle,0.00393991611992446
2387,beatemupcumplatformer,0.00393991611992446
17037,recommendation,0.00393991611992446
14015,necessity,0.00393991611992446
11737,knobs,0.00393991611992446
8457,freaky,0.00393991611992446
10634,improvised,0.0039150611274064015
20715,tailor,0.0039150611274064015
880,adaptable,0.0039150611274064015
20932,tempest,0.0039150611274064015
6281,dominant,0.0039150611274064015
17860,rollercoaster,0.003910214488601381
3257,burg,0.0039054190424637394
14284,nomuraformat,0.0039054190424637394
22373,upc662248904115,0.0039054190424637394
14243,no90411,0.0039054190424637394
14121,newfeatures,0.0039054190424637394
13726,mulan,0.0039054190424637394
1262,altering,0.0039054190424637394
23405,witty,0.0039041447608603565
6948,endangered,0.0039041447608603565
16852,rapids,0.0039041447608603565
20703,tagbattle,0.0038821785945305134
12777,marble,0.003843452820319129
22200,unified,0.003843452820319129
15469,ph,0.003843452820319129
11747,knowing,0.0038344444373773086
18369,screams,0.0038258912515723212
19305,snack,0.0038258912515723212
674,abandons,0.0038258912515723212
22681,vibrantly,0.0038116511130510105
766,accompanies,0.0038038298144345613
14007,neat,0.003803292686602258
6246,dodge,0.0037978011096913415
11656,kickers,0.003788905581049851
3097,brighton,0.003788905581049851
22475,utahs,0.003788905581049851
2801,boarders,0.003788905581049851
15302,peak,0.003788905581049851
9491,gunnerson,0.003788905581049851
2869,bonk,0.003788905581049851
22651,vermonts,0.003788905581049851
19339,snowballs,0.003788905581049851
7510,exposuremultipliers,0.003788905581049851
21499,top10,0.003788905581049851
20153,stratton,0.003788905581049851
20394,summit,0.003788905581049851
12980,meantime,0.0037785286005571337
12791,marios,0.0037762270198192925
15898,poison,0.0037697355019772794
21549,toten,0.0037697355019772794
17398,reptilia,0.0037697355019772794
20016,stevie,0.0037697355019772794
16530,pumpkins,0.0037697355019772794
21613,tracksspecifications,0.0037697355019772794
16556,purchasable,0.0037697355019772794
21085,thegreatestlegends,0.0037697355019772794
17971,ruby,0.0037697355019772794
17145,refugee,0.0037697355019772794
18171,santana,0.0037697355019772794
19406,soldseparatelyincluded,0.0037697355019772794
18952,silencio,0.0037697355019772794
23740,yourselfguitarhero,0.0037697355019772794
17824,rocklegendproduct,0.0037697355019772794
18337,scorpions,0.0037697355019772794
17621,revolverhead,0.0037697355019772794
23758,yster,0.0037697355019772794
17814,rockabillygreaser,0.0037697355019772794
20423,superbus,0.0037697355019772794
22582,vaughan,0.0037697355019772794
21835,troy,0.0037697355019772794
18444,sebastian,0.0037697355019772794
18237,scandinavian,0.0037697355019772794
23845,zz,0.0037697355019772794
8813,garcon,0.0037697355019772794
3920,cherub,0.0037697355019772794
15139,parade,0.0037697355019772794
11836,lacuna,0.0037697355019772794
14599,ofrock,0.0037697355019772794
14600,ofrockproduct,0.0037697355019772794
2492,benatar,0.0037697355019772794
13813,muse,0.0037697355019772794
9978,hier,0.0037697355019772794
12878,matchbook,0.0037697355019772794
13890,naast,0.0037697355019772794
11766,kommit,0.0037697355019772794
9240,grange,0.0037697355019772794
12917,mauvis,0.0037697355019772794
5620,defeatopponents,0.0037697355019772794
8242,foghat,0.0037697355019772794
11689,killswitch,0.0037697355019772794
2378,beastie,0.0037697355019772794
7849,featuringoriginal,0.0037697355019772794
7806,fcp,0.0037697355019772794
11617,kennedys,0.0037697355019772794
589,7s,0.0037697355019772794
399,325,0.0037697355019772794
10842,informationwith,0.0037697355019772794
3398,cambodia,0.0037697355019772794
10696,incrediblelighting,0.0037697355019772794
9469,guitarcontroller,0.0037697355019772794
10683,incoop,0.0037697355019772794
7293,everpiled,0.0037697355019772794
6394,dragonforce,0.0037697355019772794
1395,andprepare,0.0037697355019772794
1048,againstguitar,0.0037697355019772794
6348,dover,0.0037697355019772794
1028,afi,0.0037697355019772794
9889,hellacopters,0.0037697355019772794
10636,impulse,0.0037697355019772794
9943,heroiii,0.0037697355019772794
3717,celsius,0.0037697355019772794
2248,barracuda,0.0037697355019772794
11775,kool,0.0037697355019772794
10263,hosen,0.0037697355019772794
14872,oumiette,0.0037697355019772794
14814,orfriends,0.0037697355019772794
11546,kaiser,0.0037697355019772794
15452,petitionincluding,0.0037697355019772794
4293,coil,0.0037697355019772794
2103,babies,0.0037697355019772794
8605,fullyimmersive,0.0037697355019772794
13563,morello,0.0037697355019772794
13128,metallica,0.0037697355019772794
11442,jonas,0.0037697355019772794
4367,colour,0.0037697355019772794
2021,avalancha,0.0037697355019772794
8709,gallows,0.0037697355019772794
4684,considerations,0.0037697355019772794
8742,gamenote,0.0037697355019772794
11595,kb,0.0037697355019772794
3234,bulls,0.0037697355019772794
3405,cameos,0.003752187832586337
12269,linksys,0.003744467720377777
14444,oak,0.0037285763429231165
4035,cinema,0.0037050547228292385
3123,broaden,0.0037050547228292385
2078,axes,0.0037050547228292385
15718,platformer,0.003704638141440409
3404,cameo,0.0036959297014775164
6666,earthshaking,0.003692055080283932
6617,dyanasty,0.003692055080283932
19801,squadlevel,0.003692055080283932
5274,cunning,0.003684356669096095
718,abused,0.003672029631629764
11932,lasting,0.0036303613436942765
2444,behaviour,0.003600377548108078
1605,apr,0.003600377548108078
9204,governs,0.003600377548108078
17710,rigours,0.003600377548108078
5571,decisive,0.0035689926129814104
15235,pat,0.003567524347067208
23143,wele,0.003567524347067208
16792,raining,0.003567524347067208
2212,bangs,0.003567524347067208
19739,sporadic,0.003567524347067208
12774,marathon,0.003557710920153451
4506,competitor,0.003557710920153451
8722,gamecontrolled,0.003557710920153451
3000,braintraining,0.003557710920153451
20662,systemcontrolled,0.003557710920153451
2930,botches,0.003557710920153451
14417,numerical,0.003557710920153451
15078,painting,0.003557710920153451
6942,encouragement,0.003557710920153451
7059,enrolls,0.003557710920153451
22420,upsidedown,0.003557710920153451
17539,rethinking,0.003557710920153451
4033,cinch,0.003557710920153451
9625,handoffs,0.003557710920153451
19877,stamping,0.003557710920153451
16849,rapidfire,0.003557710920153451
22423,uptodate,0.003557710920153451
17234,relay,0.003557710920153451
8683,gaggle,0.0035470709093114823
11591,kawashima,0.0035212905288967756
10460,identifies,0.0035212905288967756
20238,studies,0.0035212905288967756
20218,stroop,0.0035212905288967756
7268,evaluated,0.0035212905288967756
12895,mathematic,0.0035212905288967756
18048,ryuta,0.0035212905288967756
3378,calculation,0.0035212905288967756
14101,neuroscientist,0.0035212905288967756
8154,flex,0.0035212905288967756
6690,easytoread,0.0035212905288967756
21012,testprepping,0.0035212905288967756
8955,gerontology,0.0035212905288967756
5514,dean,0.0035212905288967756
13497,monitoring,0.0035212905288967756
2883,boomers,0.0035212905288967756
16147,prefrontal,0.0035212905288967756
18627,seventeen,0.0035212905288967756
8286,footrace,0.0035212905288967756
7689,familyits,0.0035212905288967756
1630,arcadeperfect,0.003514731032882395
16428,protracted,0.003504344034285022
13056,mementos,0.003476219184937049
9219,grade,0.003476219184937049
5373,daimlerchrysler,0.003476219184937049
1551,apiece,0.003476219184937049
11307,jaguar,0.003476219184937049
21900,turismostyle,0.003476219184937049
130,13000,0.003476219184937049
14115,newaltered,0.003468614989288887
15879,poffin,0.003468614989288887
7130,enviornments,0.003468614989288887
6543,dualtype,0.003468614989288887
16865,rasie,0.003468614989288887
18113,salivating,0.0034619575993789695
4091,cj,0.0034619575993789695
1369,anddaunting,0.0034570222552930126
14779,optimal,0.0034570222552930126
16013,possibilitiesformat,0.0034570222552930126
430,3din,0.0034570222552930126
14244,no90501,0.0034570222552930126
22374,upc662248905013,0.0034570222552930126
3859,charmadded,0.0034570222552930126
18492,seeminglylimitless,0.0034570222552930126
750,accessibleanother,0.0034570222552930126
10553,immenselypopular,0.0034570222552930126
17727,ringworld,0.003452386708013456
22492,v12,0.003411861374313984
2418,beforeinfiltrate,0.003411861374313984
8817,gargantuan,0.0034061928013156616
4108,clanks,0.0034007452335399753
15857,plumber,0.003397457594163338
15558,pierce,0.0033861777212286317
3697,celeb,0.0033861777212286317
10342,hugging,0.0033861777212286317
12921,maxim,0.0033861777212286317
15112,panache,0.0033861777212286317
13779,multisystem,0.0033861777212286317
5738,denise,0.0033861777212286317
2781,blueprint,0.0033861777212286317
8335,forgo,0.0033861777212286317
610,875,0.0033861777212286317
1194,alist,0.0033861777212286317
17657,richards,0.0033861777212286317
4014,chucked,0.0033861777212286317
8410,fpsaction,0.0033861777212286317
23305,willem,0.0033861777212286317
2016,autotargeting,0.0033861777212286317
17918,roughshod,0.0033861777212286317
4532,comporably,0.0033861777212286317
13374,missionsrated,0.0033861777212286317
15860,plummeting,0.0033861777212286317
14904,outings,0.0033861777212286317
2000,autoaim,0.0033861777212286317
2013,autopilot,0.0033861777212286317
8647,furtherproof,0.0033861777212286317
12613,madonnas,0.0033861777212286317
14877,outandout,0.0033861777212286317
9051,glee,0.0033861777212286317
23784,zbutton,0.0033861777212286317
19508,soundmyas,0.0033861777212286317
2216,bankable,0.0033861777212286317
4151,cleese,0.0033861777212286317
5365,dafoe,0.0033861777212286317
9879,helgesonissue,0.0033861777212286317
10339,hugconceptout,0.0033861777212286317
3070,breezy,0.0033861777212286317
22326,unsurprisingly,0.0033861777212286317
1271,alum,0.0033861777212286317
3017,brass,0.0033861777212286317
7051,ennui,0.0033861777212286317
7092,entertainmentits,0.0033861777212286317
14207,nitendo,0.0033861777212286317
1268,althought,0.0033861777212286317
22503,vacillates,0.0033861777212286317
3475,capping,0.0033861777212286317
3138,brosnan,0.0033861777212286317
19572,sparda,0.0033696480528434803
17460,residing,0.0033696480528434803
21173,thie,0.0033696480528434803
16990,rebelled,0.0033696480528434803
3104,bringer,0.0033696480528434803
8367,fortuna,0.0033696480528434803
15890,pointer,0.003366872546810527
13223,miis,0.003366872546810527
3672,cavalry,0.0033534960218222602
8509,freshness,0.0033460297679237597
3864,chart,0.0033360672152572823
8563,frustration,0.003292721677035311
3332,ca,0.0032762557753643635
21519,toriyama,0.0032715850218119676
1155,akira,0.0032715850218119676
14824,organized,0.0032702251077114056
10920,inring,0.003245074502620268
23619,xix,0.003245074502620268
22814,vj,0.0032366468000125984
12195,lightingfast,0.0032366468000125984
16648,quasi,0.0032366468000125984
840,actionmovie,0.0032366468000125984
10779,inflicts,0.0032366468000125984
21359,timebending,0.0032366468000125984
10638,inaba,0.0032366468000125984
356,2d3d,0.0032366468000125984
20259,stuntfilled,0.0032366468000125984
16688,quirkiest,0.0032366468000125984
1903,atsushi,0.0032366468000125984
9946,herojoe,0.0032366468000125984
18924,sideways,0.003231470927488229
1253,alps,0.0032288466895147878
23803,zerogravity,0.0032288466895147878
11776,koopa,0.003217663222105331
3150,brpf,0.0032162853219486077
13751,multilevel,0.0032162853219486077
10427,hyperstrong,0.0032162853219486077
10419,hyperbeast,0.0032162853219486077
20299,subjected,0.0032162853219486077
8652,furyoptimized,0.0032162853219486077
6228,doa,0.0032162853219486077
19585,sparta,0.003215927994208606
22598,vegetable,0.0032142633787650005
3361,cafs,0.0032142633787650005
10304,housebreak,0.0032142633787650005
23401,witnessed,0.0032054176480015694
17263,reload,0.0031985534885103847
14291,nonhistory,0.0031983699497763244
23402,witnesses,0.003188897748685021
5305,custom,0.0031703762513633177
6725,edge,0.0031671450212350464
6223,dmm,0.003141009419642802
2657,blackouts,0.003138552785960842
11151,inverted,0.003138552785960842
14613,ohsodeadly,0.003138552785960842
2640,biting,0.003138552785960842
4076,citywide,0.003138552785960842
19976,stealthdriven,0.003138552785960842
14392,nsas,0.003138552785960842
20830,taxiits,0.0031115953951081033
11964,laurent,0.0031115953951081033
17778,roadrage,0.0031115953951081033
6301,donuts,0.0031115953951081033
20828,taxiesque,0.0031115953951081033
18933,sightseeing,0.0031115953951081033
18971,similarity,0.0031115953951081033
19051,situationspecific,0.0031115953951081033
9236,grandpa,0.0031115953951081033
22281,unpretentious,0.0031115953951081033
19580,sparkle,0.0031115953951081033
1583,applied,0.0031115953951081033
5767,deposit,0.0031115953951081033
9393,groundskeeper,0.0031115953951081033
21546,totals,0.0031115953951081033
15183,partial,0.0031115953951081033
17407,requested,0.0031115953951081033
1929,attentionwin,0.003089120669563833
3370,cakewalk,0.003089120669563833
8975,ghetto,0.003089120669563833
23561,writhe,0.003089120669563833
14989,overthrow,0.003089120669563833
13414,moanlarry,0.003089120669563833
21578,touting,0.003089120669563833
12470,lowdown,0.003089120669563833
11672,killah,0.003089120669563833
19709,spittin,0.003089120669563833
7957,fightclub,0.003089120669563833
12741,manny,0.003089120669563833
21011,testosteronespiked,0.003089120669563833
12510,ludacrisnot,0.003089120669563833
6225,dmxs,0.003089120669563833
10400,hurtin,0.003089120669563833
5575,decking,0.003089120669563833
11673,killahs,0.003089120669563833
20727,takers,0.003089120669563833
12509,ludacris,0.003089120669563833
12508,luda,0.003089120669563833
22317,unsophisticated,0.003089120669563833
9800,headslamming,0.003089120669563833
21290,thuggin,0.003089120669563833
9513,gutbusting,0.003089120669563833
13943,nastiest,0.003089120669563833
11517,junkyard,0.003089120669563833
20903,teef,0.003089120669563833
12957,mcmahon,0.0030710063606538512
19422,solution,0.0030697328197895283
14682,oneplayer,0.003069654958920929
5247,ctr,0.003055561387962583
13581,morph,0.003043761450772713
11025,interactions,0.0030343571317258036
17640,rey,0.0030217649066193552
6098,disguises,0.0030000985823090886
17049,record,0.0029898258114468227
1286,amaze,0.002975204497204801
10060,hijacking,0.0029701985460974093
13614,motioncaptured,0.002967571931757601
22753,vince,0.002947502998305457
19319,sneaking,0.0029446871079655875
17733,riotously,0.0029446871079655875
11951,laughoutloud,0.0029446871079655875
18674,shameless,0.0029446871079655875
20518,surroundingsformat,0.0029339911030218224
21504,topoftheline,0.0029339911030218224
3411,camo,0.0029339911030218224
3412,camoflauge,0.0029339911030218224
2067,awestruck,0.0029339911030218224
6542,dualshock3,0.0029339911030218224
14006,nears,0.0029339911030218224
14224,no20160,0.0029339911030218224
4460,commotion,0.0029339911030218224
4400,comeback,0.0029339911030218224
15221,passive,0.0029339911030218224
7993,finality,0.0029339911030218224
5827,destabilize,0.0029339911030218224
6452,drebin,0.0029339911030218224
17486,responded,0.0029339911030218224
14859,otacon,0.0029339911030218224
19292,smokescreen,0.0029339911030218224
6277,domains,0.0029339911030218224
3783,chameleonlike,0.0029339911030218224
22990,warssnake,0.0029339911030218224
10464,ideologies,0.0029339911030218224
22996,warzone,0.0029339911030218224
1328,amok,0.0029339911030218224
16314,productions,0.0029339911030218224
14951,overarching,0.0029339911030218224
6288,dominationkey,0.0029339911030218224
23504,worn,0.0029339911030218224
14522,octacamo,0.0029339911030218224
22364,upc083717201601,0.0029339911030218224
22511,vagueness,0.0029339911030218224
13706,msx2,0.0029339911030218224
21317,tidbits,0.0029339911030218224
2690,blazin,0.0029234181609879176
7467,experiments,0.002921353950566636
9326,greek,0.002921029313853473
3199,buffs,0.0029050814679036046
21688,transparent,0.002897376674962469
105,110,0.002897376674962469
11825,labyrinthmarble,0.002897376674962469
1330,amortal,0.002890275849668023
15573,pilfer,0.002890275849668023
1613,ar,0.002890275849668023
10820,informationking,0.002890275849668023
1741,arthur,0.002890275849668023
6983,enemiesto,0.002890275849668023
1769,asheroes,0.002890275849668023
3745,ceremony,0.002890275849668023
6979,enemiesbut,0.002890275849668023
15194,partiescross,0.002890275849668023
2208,bandtogether,0.002890275849668023
1742,arthurian,0.002890275849668023
10938,insignia,0.002890275849668023
21102,themagical,0.002890275849668023
861,actively,0.002890275849668023
1154,akingdom,0.002890275849668023
22704,victorythe,0.002890275849668023
1531,anuneasy,0.002890275849668023
3402,camelotdare,0.002890275849668023
2598,binations,0.002890275849668023
11066,interrealm,0.002890275849668023
10021,highlightsrealm,0.002890275849668023
12045,legendproduct,0.002890275849668023
13387,mists,0.002890275849668023
11139,invasions,0.002890275849668023
8357,fortable,0.002890275849668023
9966,hiberniainspired,0.002890275849668023
10176,homelands,0.002890275849668023
16724,racewitness,0.002890275849668023
21585,towield,0.002890275849668023
17000,rebuildproduct,0.002890275849668023
10007,highlanders,0.002890275849668023
1743,arthurs,0.002890275849668023
9967,hibernians,0.002890275849668023
19742,sporting,0.0028771796500281816
6884,emit,0.0028441871690442866
19964,stayed,0.002810371201342856
3382,calibur,0.002797397719101598
11487,juicy,0.002776609638563983
6603,dw4,0.002759242127422364
23787,zealotry,0.002759242127422364
19518,souped,0.002759242127422364
20037,stilted,0.002759242127422364
20724,takeon,0.002759242127422364
14793,orb,0.002759242127422364
5530,debatable,0.002759242127422364
17547,retracing,0.002759242127422364
1340,amulet,0.002759242127422364
14680,oneononeduels,0.002759242127422364
11260,itemssuch,0.002759242127422364
10267,hostage,0.002759164036972361
9801,headstrong,0.002750264848810008
4095,claims,0.002750264848810008
2536,besttell,0.002750264848810008
2158,bahamut,0.002750264848810008
3505,carbuncle,0.002750264848810008
22809,vivi,0.002750264848810008
13694,mp,0.002750264848810008
12947,mazes,0.002750264848810008
2371,beaming,0.002750264848810008
11018,intention,0.002750264848810008
11798,kuja,0.002750264848810008
19017,singledigit,0.002750264848810008
6141,disproportionalcharacter,0.002750264848810008
11799,kujas,0.002750264848810008
16054,powerand,0.002750264848810008
1873,ates,0.002750264848810008
1177,alexandrias,0.002750264848810008
1818,assert,0.002750264848810008
18780,shiva,0.002750264848810008
4259,cobblestones,0.002750264848810008
8682,gaga,0.002750264848810008
15234,pastures,0.002750264848810008
19332,snob,0.002750264848810008
9329,greener,0.002750264848810008
8824,garnet,0.002750264848810008
8547,fronting,0.002750264848810008
2990,brahne,0.002750264848810008
10474,ifrit,0.002750264848810008
12124,leviathan,0.002750264848810008
2136,backtracked,0.002750264848810008
23363,wirelessly,0.0027433702981220737
13502,monkeys,0.0027419592629050866
21623,trader,0.002735239506808653
8667,g4,0.002733452458267276
12826,martial,0.0027258666311844493
11832,lacked,0.002692078343720556
15840,plotdriven,0.0026916230120274114
15111,pan,0.0026908846866847825
17019,recipebyrecipe,0.0026908846866847825
23224,whipping,0.0026908846866847825
7064,enshrouds,0.002690345263151589
7166,epona,0.002690345263151589
6679,east,0.0026808232309047412
10612,impressed,0.0026755004615001896
4499,competes,0.0026751900263086072
15458,petting,0.0026751900263086072
16695,qwark,0.0026721154561838837
2131,backstage,0.00265775425638192
11608,keibler,0.00265775425638192
3680,caw,0.00265775425638192
5098,createawrestler,0.00265775425638192
10350,hulkster,0.00265775425638192
14438,nwo,0.00265775425638192
21791,tripleteam,0.00265775425638192
19840,stacy,0.00265775425638192
5388,daminator,0.00265775425638192
16084,ppv,0.00265775425638192
12608,madison,0.00265775425638192
21293,thumbnail,0.00265775425638192
2126,backlash,0.00265775425638192
22189,unforgiven,0.00265775425638192
6697,eatingyes,0.0026527517970701734
22119,underlings,0.0026527517970701734
6696,eatingthem,0.0026527517970701734
10323,hows,0.0026527517970701734
11069,interrupted,0.0026527517970701734
16508,puffy,0.0026527517970701734
13878,mythological,0.00262523922768769
231,1990s,0.002611631096325966
19290,smog,0.002611631096325966
16206,pressures,0.002611631096325966
19447,sonically,0.002611631096325966
20127,straits,0.002611631096325966
1497,anthems,0.002611631096325966
10190,homicide,0.002611631096325966
3241,bumpers,0.002611631096325966
22405,upholstery,0.002611631096325966
7209,escaped,0.002611631096325966
11165,invigorated,0.002611631096325966
12483,lowrider,0.002611631096325966
10227,hopping,0.002611631096325966
14208,nitro,0.002611631096325966
16363,prolonged,0.00261123440860543
14032,needler,0.002603866388103959
115,1200,0.002603866388103959
4353,colonyworld,0.002603866388103959
157,1600,0.002603866388103959
8280,footbased,0.002603866388103959
8577,fuelrod,0.002603866388103959
3062,bred,0.002603866388103959
9492,gunnery,0.002603866388103959
9447,guerillawar,0.002603866388103959
19327,snipe,0.002603866388103959
4769,continuously,0.0026027386893296076
3139,brosstyle,0.002595078417887334
2967,bowsers,0.002595078417887334
5345,cyclone,0.002595078417887334
23321,windmills,0.002595078417887334
9071,gloom,0.002595078417887334
23228,whirls,0.002595078417887334
10610,impossibly,0.002595078417887334
21579,tow,0.002595078417887334
23126,weeps,0.002595078417887334
8539,frog,0.002515190483095271
17654,ric,0.002515190483095271
4865,copying,0.0025104564311665954
21285,thrown,0.002500504164048151
23614,xian,0.002496288441889457
6524,drunken,0.002496288441889457
10118,hitomi,0.002496288441889457
12055,lei,0.002496288441889457
7705,fang,0.002496288441889457
11575,kasumi,0.002496288441889457
11563,karate,0.002496288441889457
4004,christie,0.002496288441889457
16503,puddles,0.002496288441889457
23842,zui,0.002496288441889457
2096,ba,0.002496288441889457
15856,plugs,0.0024752601771223224
11665,kidnaps,0.0024558763901612714
4859,copious,0.0024539154523552788
16037,potency,0.0024539154523552788
16280,privy,0.0024539154523552788
16022,postbattle,0.0024539154523552788
7065,enslave,0.0024539154523552788
4409,comfy,0.0024539154523552788
2344,battlesplayers,0.0024539154523552788
19682,spiky,0.0024539154523552788
6342,doublewide,0.0024539154523552788
7068,enslavers,0.0024539154523552788
4394,comboattackstyle,0.0024539154523552788
6405,dragoonshumans,0.0024539154523552788
6403,dragoona,0.0024539154523552788
6397,dragonsagainst,0.0024539154523552788
21591,townsperson,0.0024539154523552788
7397,exhaustingespecially,0.0024539154523552788
3286,busses,0.0024354659378896036
13629,motorboats,0.0024354659378896036
18068,sacrifices,0.0024354659378896036
23303,willdefine,0.0024354659378896036
23034,waterways,0.0024354659378896036
12032,leeds,0.0024354659378896036
19917,stark,0.0024354659378896036
11392,jetskis,0.0024354659378896036
15256,patrolling,0.0024354659378896036
6335,doubled,0.0024354659378896036
8296,forcefully,0.0024354659378896036
21687,transparency,0.0024354659378896036
7348,exceeds,0.0024354659378896036
2019,available,0.0024120050113015765
8859,gcn,0.002411670448369976
21357,timeas,0.002411670448369976
23243,whizzing,0.0024080170950302867
22908,walkways,0.0024080170950302867
8057,firstrobot,0.0024080170950302867
21189,thirdrobot,0.0024080170950302867
7138,environmentsbut,0.0024080170950302867
11968,lavished,0.0024080170950302867
2681,blarg,0.0024080170950302867
18397,scuttle,0.0024080170950302867
2707,blew,0.0024080170950302867
15393,perishing,0.0024080170950302867
18265,scenariorun,0.0024080170950302867
21715,treacherously,0.0024080170950302867
13130,metamorphoses,0.0024080170950302867
20415,sunshinethis,0.0024080170950302867
5159,crisscrossing,0.0024080170950302867
4617,configure,0.0023952656191608703
14396,ntrpad2e,0.002370888921213063
19566,spaniel,0.002370888921213063
18738,shetland,0.002370888921213063
3671,cavalier,0.002370888921213063
18710,sheepdog,0.002370888921213063
14519,oceans,0.0023623857559818416
2789,bluray,0.002357801605663093
10764,infested,0.002357801605663093
18958,silkysmooth,0.002357801605663093
6928,encircle,0.002357801605663093
645,98107,0.002357801605663093
4613,confident,0.002357801605663093
10240,horric,0.002357801605663093
12343,locating,0.002357801605663093
11436,jointly,0.002357801605663093
8214,fluidly,0.002357801605663093
1969,auger,0.002357801605663093
7182,eraappropriate,0.002357801605663093
19066,sizes,0.002357801605663093
21000,terrors,0.002357801605663093
7193,erected,0.002357801605663093
17377,reply,0.002357801605663093
16168,prepares,0.002357801605663093
14004,nearreal,0.002357801605663093
1282,amassed,0.002357801605663093
13846,mutates,0.002357801605663093
9863,heightening,0.002357801605663093
1559,app,0.002357801605663093
17002,rebuking,0.002357801605663093
15157,parasitic,0.002357801605663093
10759,infects,0.002357801605663093
19683,spill,0.002357801605663093
12910,maturegenrecategory,0.002357801605663093
20226,struggle,0.002356559734337997
14363,noticeablyabsent,0.0023487689703249924
747,accesses,0.0023487689703249924
19235,slowest,0.0023487689703249924
11304,jagged,0.0023487689703249924
16165,preparations,0.0023487689703249924
11269,itselfrated,0.0023487689703249924
9577,halts,0.0023487689703249924
7372,excites,0.0023487689703249924
20263,stupidest,0.0023487689703249924
8855,gbabased,0.0023487689703249924
10335,huddled,0.0023487689703249924
18257,scattering,0.0023487689703249924
13903,nameconcepta,0.0023487689703249924
21186,thinly,0.0023487689703249924
5823,despise,0.0023487689703249924
13760,multiperson,0.0023487689703249924
1073,aggravating,0.0023487689703249924
7921,ff,0.0023487689703249924
5879,detrimental,0.0023487689703249924
10613,impression,0.0023487689703249924
3619,castings,0.0023487689703249924
6368,downtimes,0.0023487689703249924
22183,unfit,0.0023487689703249924
19509,soundnot,0.0023487689703249924
1678,argued,0.0023487689703249924
9275,graphicsstylish,0.0023487689703249924
18070,sacrosanct,0.0023487689703249924
5330,cutter,0.0023487689703249924
15899,poisoned,0.0023487689703249924
6885,emits,0.0023487689703249924
13044,melodies,0.0023487689703249924
7995,finallythe,0.0023487689703249924
15738,playabilitysteers,0.0023487689703249924
10618,impressively,0.002345852648943183
12641,mai,0.002345852648943183
4600,condescending,0.002345852648943183
9959,hexing,0.002345852648943183
12644,maidgardener,0.002345852648943183
20718,tais,0.002345852648943183
17143,refrigerator,0.002345852648943183
9933,herman,0.002345852648943183
3562,carpeting,0.002345852648943183
3560,carpet,0.002345852648943183
3612,cassandra,0.002345852648943183
22409,uploads,0.002345852648943183
12885,matchmakerlandlordcounselorgod,0.002345852648943183
21800,triumphs,0.002345852648943183
21342,tikiheavy,0.002345852648943183
22407,uploaded,0.002345852648943183
16862,rarities,0.002345852648943183
16881,ratingwhich,0.002345852648943183
15423,personalityastrological,0.002345852648943183
13537,moods,0.002345852648943183
3374,calamity,0.002345852648943183
23590,wwwthesimscom,0.002345852648943183
16342,programrequires,0.002345852648943183
13711,mtvs,0.002345852648943183
23607,xenalike,0.002345852648943183
20564,swapping,0.002345852648943183
5586,decorating,0.002345852648943183
10536,imaginationand,0.002345852648943183
14037,needssatisfying,0.002345852648943183
13356,mismanage,0.002345852648943183
4562,computing,0.002345852648943183
14770,opposites,0.002345852648943183
18965,simcitys,0.002345852648943183
8092,fixtures,0.002345852648943183
18926,siding,0.002345852648943183
18987,simslike,0.002345852648943183
22682,vibrating,0.002345852648943183
1448,animalor,0.002345852648943183
23196,whateverand,0.002345852648943183
23252,whomeveryou,0.002345852648943183
19316,snapshot,0.002345852648943183
11352,jealousies,0.002345852648943183
8370,fortunetelling,0.002345852648943183
15874,pocketbook,0.002345852648943183
1581,appliances,0.002345852648943183
11229,islander,0.002345852648943183
1928,attentiongetting,0.002345852648943183
8206,flowingfoam,0.002345852648943183
22852,voodoo,0.002345852648943183
21634,tragedies,0.002345852648943183
1579,applause,0.002345852648943183
19273,smartits,0.002345852648943183
22073,unbelievably,0.0023441282182825565
21419,tiresome,0.002322285557767569
18055,saber,0.0023077403857232268
17345,repeater,0.0023077403857232268
19137,skywalkers,0.0023077403857232268
16105,precariously,0.0023077403857232268
6333,doublebladed,0.0023077403857232268
2958,bowcaster,0.0023077403857232268
6634,dysfunctional,0.002304825876134026
6646,ear,0.0022921725897624688
5193,crossings,0.0022823067573232336
16636,quan,0.0022673803932417988
17636,rewrites,0.0022313274591622316
18685,shapes,0.0022313274591622316
22891,waited,0.0022313274591622316
6160,distinguish,0.0022227793081024873
22059,unaffected,0.0022227793081024873
2069,awfully,0.0022227793081024873
6709,echo,0.0022227793081024873
4826,cookie,0.0022227793081024873
19988,steel,0.002221893934427433
17901,ross,0.0022200195298142603
5949,diehards,0.0022200195298142603
16221,prevailed,0.0022200195298142603
10092,hiring,0.0022200195298142603
15371,perfectly,0.0022062862007676655
20177,strengths,0.0021631022994526715
18092,sagaformat,0.0021570736456790565
22359,upc023272324353,0.0021570736456790565
15245,pathsthe,0.0021570736456790565
14229,no32435,0.0021570736456790565
19168,slayed,0.0021439519961390712
19034,sins,0.0021439519961390712
1931,attica,0.0021439519961390712
7035,enix,0.0021333883490914744
21072,thedragon,0.0021005516142110388
23396,withspyro,0.0021005516142110388
10098,hissignature,0.0021005516142110388
21150,thescavengerhunt,0.0021005516142110388
23683,yeti,0.0021005516142110388
354,2and,0.0021005516142110388
21097,thekangaroo,0.0021005516142110388
19472,sorceressand,0.0021005516142110388
660,9the,0.0021005516142110388
3322,byrd,0.0021005516142110388
1407,andseveral,0.0021005516142110388
1412,andspeedboats,0.0021005516142110388
16703,rabbithole,0.0021005516142110388
973,adventured,0.0021005516142110388
10673,includingboxing,0.0021005516142110388
13669,movesas,0.0021005516142110388
20102,storylines,0.002089766409680863
7566,eyebrow,0.0020758590784369377
20471,supplementary,0.002057153843514147
13432,modem,0.002054109187422532
2507,bentley,0.0019878764152809064
3383,caliburs,0.0019511563880447028
4480,comparable,0.0019410892972652567
6949,endear,0.0019410892972652567
14516,occurring,0.0019410892972652567
234,1994,0.0019410892972652567
14905,outjeff,0.0019410892972652567
701,abridged,0.0019410892972652567
9868,heihachiheaded,0.0019410892972652567
12080,lensflare,0.0019410892972652567
18374,screenshot,0.0019410892972652567
13113,mesh,0.0019410892972652567
6365,downright,0.0019410892972652567
9068,globes,0.0019410892972652567
19772,springing,0.0019410892972652567
10174,homecoming,0.0019410892972652567
9055,glimmer,0.0019410892972652567
19949,stationary,0.0019410892972652567
5562,decidedly,0.0019410892972652567
19477,sore,0.0019410892972652567
22820,vocoder,0.0019410892972652567
23100,weather,0.0019376206603376042
9138,gokarts,0.0019277726001214327
15909,police,0.00191251260957949
20998,terrorists,0.0019036639831785248
7481,exploration,0.0018826993301771689
7803,faxmodem,0.0018722338601888885
14092,netsurfer,0.0018722338601888885
6840,elissa,0.0018722338601888885
17594,revert,0.0018722338601888885
11922,lasek,0.0018722338601888885
11061,internetcapable,0.0018722338601888885
11792,krsone,0.0018722338601888885
6530,dsb650tx,0.0018722338601888885
22709,videotapes,0.0018722338601888885
18067,sacrificed,0.0018722338601888885
6220,dlink,0.0018722338601888885
884,adapters,0.0018722338601888885
353,2985l,0.0018722338601888885
7576,eznetusb,0.0018722338601888885
16816,ramones,0.0018722338601888885
14401,nub100,0.0018722338601888885
19394,sohoware,0.0018722338601888885
7558,extremesports,0.0018722338601888885
21515,topshelf,0.0018722338601888885
12750,manuala,0.0018722338601888885
7253,etherfast,0.0018722338601888885
7254,ethernet,0.0018722338601888885
13633,motorhead,0.0018722338601888885
22444,usb5601201cw,0.0018722338601888885
22443,usb100tx,0.0018722338601888885
3186,bucky,0.0018722338601888885
17837,rodney,0.0018722338601888885
852,actiontec,0.0018722338601888885
12118,levelspecific,0.0018722338601888885
13732,mullen,0.0018722338601888885
19282,smc,0.0018722338601888885
13824,muska,0.0018722338601888885
313,2102,0.0018722338601888885
19983,steamer,0.0018722338601888885
11635,keyboards,0.0018722338601888885
13781,multitech,0.0018722338601888885
14981,overshadow,0.0018722338601888885
14459,objectivefilled,0.0018722338601888885
14211,nmt00700,0.0018722338601888885
13708,mt5634zba,0.0018722338601888885
6503,dropindropout,0.0018423814749586674
19241,slowpaced,0.0018390843402073785
13413,moaned,0.0018390843402073785
6550,ducking,0.0018390843402073785
19776,sprints,0.0018390843402073785
19244,slowwitted,0.0018390843402073785
6456,dressers,0.0018390843402073785
4942,counteract,0.0018390843402073785
2489,belting,0.0018390843402073785
13238,milestones,0.0018390843402073785
5060,cratersized,0.0018390843402073785
12606,maderated,0.0018390843402073785
13192,middleaged,0.0018390843402073785
23047,wayconcepta,0.0018390843402073785
12621,maggotinfested,0.0018390843402073785
4233,clumsily,0.0018390843402073785
5168,criticized,0.0018390843402073785
11503,jumpoutofyourseat,0.0018390843402073785
9100,gnawing,0.0018390843402073785
22155,unearthed,0.0018390843402073785
1022,affectionately,0.0018390843402073785
11728,kneedeep,0.0018390843402073785
9968,hickeys,0.0018390843402073785
2367,beady,0.0018390843402073785
10675,incoherently,0.0018390843402073785
7090,entertainmenthard,0.0018390843402073785
2715,blindly,0.0018390843402073785
18879,shuffled,0.0018390843402073785
9511,gushing,0.0018390843402073785
9330,greenhorn,0.0018390843402073785
2752,bloodier,0.0018390843402073785
9799,headshot,0.0018390843402073785
20181,stressinducing,0.0018390843402073785
2758,bloodsoaked,0.0018390843402073785
18898,sickening,0.0018390843402073785
15599,pins,0.00183696790415134
14257,nobrainer,0.001807158115052562
14630,ollie,0.0017718059885206204
2486,belongs,0.0017573655164411974
22846,volleyball,0.0017573655164411974
12145,libraryespecially,0.0017573655164411974
7156,epilogue,0.0017573655164411974
2238,bargainbasement,0.0017573655164411974
7157,epilogues,0.0017573655164411974
13153,mettekken,0.0017573655164411974
3969,chock,0.0017573655164411974
6955,endeavors,0.0017573655164411974
9163,goodiesmost,0.0017573655164411974
7682,familiarity,0.0017404345246209158
9258,graphicsa,0.0017404345246209158
20501,surpasses,0.0017404345246209158
18246,scare,0.0017404345246209158
5072,crazed,0.0017404345246209158
10311,housewife,0.0017404345246209158
6187,ditching,0.0017270255807218388
22498,vacant,0.0017270255807218388
3488,captivea,0.0017270255807218388
16599,puzzler,0.0017270255807218388
20416,sunsoaked,0.0017165759143370157
10081,hippest,0.0017165759143370157
18790,shoe,0.0017165759143370157
4502,competitionlet,0.0017165759143370157
2660,blacktop,0.0017165759143370157
13137,meterwhich,0.0017165759143370157
18294,schoolin,0.0017165759143370157
10368,humiliate,0.0017165759143370157
17972,rucker,0.0017165759143370157
14586,offthebackboard,0.0017165759143370157
7718,fantasyland,0.001698728797081669
12115,levelsand,0.001698728797081669
6150,dissuade,0.001698728797081669
14432,nutshell,0.0016730148839618798
6019,dips,0.0016730148839618798
14626,oldthis,0.0016730148839618798
21949,twirl,0.0016730148839618798
14462,objectivesand,0.0016730148839618798
18359,scraped,0.0016730148839618798
14870,ouch,0.0016730148839618798
5607,deepens,0.0016730148839618798
5793,describes,0.0016730148839618798
20780,tapes,0.0016730148839618798
19077,skaterwhich,0.0016730148839618798
12793,mariothemed,0.0016432728025667104
17975,rudimentary,0.0016343868127950394
10622,imprisonment,0.0016343868127950394
4817,conveying,0.0016343868127950394
2356,bball,0.0016244976570564346
18298,schoolyard,0.0016244976570564346
17591,reversal,0.001622537251310134
5095,createasuperstar,0.001622537251310134
9283,grapples,0.001622537251310134
19941,stategic,0.001622537251310134
20314,submit,0.001622537251310134
12347,locationspecific,0.001622537251310134
19998,steiner,0.001622537251310134
12053,legs,0.001622537251310134
20007,stephanie,0.001622537251310134
18705,shawn,0.001622537251310134
3780,challengingbut,0.0015991849748881622
16068,powering,0.0015991849748881622
3019,bravado,0.0015991849748881622
16450,prudence,0.0015991849748881622
6505,dropout,0.0015991849748881622
15065,pageturner,0.0015991849748881622
15590,pineapple,0.0015991849748881622
8562,frustratinglevels,0.0015991849748881622
5871,determining,0.0015832731567880095
6934,encompassing,0.001570504709821401
6984,enemiesview,0.001570504709821401
11573,kashyyyk,0.001570504709821401
1596,apprenticeview,0.001570504709821401
9725,hasbro,0.001570504709821401
16499,publishing,0.001570504709821401
16898,raxus,0.001570504709821401
7617,facilitythe,0.001570504709821401
885,adapting,0.001570504709821401
22036,ultradestructive,0.001570504709821401
8300,forcesensitive,0.001570504709821401
5834,destinyjoin,0.001570504709821401
12795,maris,0.001570504709821401
1595,apprenticeunleash,0.001570504709821401
6179,districtthe,0.001570504709821401
16374,promotional,0.001570504709821401
4397,combosexamples,0.001570504709821401
18703,shatters,0.001570504709821401
17403,repulse,0.001570504709821401
17196,reimagines,0.001570504709821401
22245,unleashedthe,0.001570504709821401
22246,unleashedwith,0.001570504709821401
551,66,0.001570504709821401
2577,biggestever,0.001570504709821401
11900,largeras,0.001570504709821401
2442,behavioralsimulation,0.001570504709821401
12104,letterman,0.001570504709821401
22507,vadervisit,0.001570504709821401
11899,largerartwork,0.001570504709821401
16017,possiblethe,0.001570504709821401
18925,sideyou,0.001570504709821401
16196,presidio,0.001570504709821401
8192,floral,0.001570504709821401
7884,felucians,0.001570504709821401
2852,bombin,0.001570504709821401
16204,pressmeet,0.001570504709821401
7834,featuresduring,0.001570504709821401
21366,timegame,0.001570504709821401
11915,largeruse,0.001570504709821401
19439,somewhat,0.0015667485368178213
23565,written,0.0015182166449893763
10163,hollywoods,0.0015134036083264343
2792,blurry,0.0015134036083264343
15083,paired,0.001486261726292423
10493,iiis,0.001486261726292423
15689,planetside,0.0014849959837525545
9183,gosh,0.0014849959837525545
19348,snowcapped,0.0014849959837525545
21743,trench,0.0014849959837525545
14307,nonsense,0.0014849959837525545
20222,structurally,0.0014849959837525545
13888,n64an,0.0014849959837525545
9277,graphicsthey,0.0014849959837525545
23511,worship,0.0014849959837525545
3464,capcoms,0.0014610142262732285
11570,kartracing,0.0014242580905097625
2941,bouillabaisse,0.0013454423433423913
19564,spain,0.0013454423433423913
16507,puffs,0.0013454423433423913
12692,mamas,0.0013454423433423913
16502,pudding,0.0013454423433423913
22414,upright,0.0013454423433423913
3133,bronze,0.0013454423433423913
22477,utensil,0.0013454423433423913
18435,seasonings,0.0013454423433423913
22478,utensils,0.0013454423433423913
12073,lengthwise,0.0013454423433423913
9290,grate,0.0013454423433423913
3265,burner,0.0013454423433423913
8565,fry,0.0013454423433423913
21775,triforce,0.0013451726315757944
18847,shoves,0.0013451726315757944
23793,zeldaesque,0.0013451726315757944
1830,assistant,0.0013451726315757944
10891,inkling,0.0013451726315757944
8706,galloping,0.0013451726315757944
21518,torches,0.0013451726315757944
8583,fulfillment,0.0013451726315757944
18015,rupees,0.0013451726315757944
16359,projectileweapon,0.0013451726315757944
241,1998s,0.0013451726315757944
5308,customers,0.001341918271032096
6114,dismayed,0.0013360577280919419
13974,navigates,0.0013360577280919419
4422,commandeering,0.0013360577280919419
7866,feelings,0.0013360577280919419
13746,multieye,0.0013360577280919419
19088,skidd,0.0013360577280919419
19196,slider,0.0013360577280919419
21969,twosome,0.0013360577280919419
12958,mcmarxx,0.0013360577280919419
10319,hovership,0.0013360577280919419
14817,organics,0.0013360577280919419
14301,nonplayable,0.0013360577280919419
10315,hoverboarding,0.0013360577280919419
9878,helga,0.0013360577280919419
6945,encrypt,0.0013360577280919419
20885,technogeek,0.0013360577280919419
16371,promote,0.0013360577280919419
18478,seductress,0.0013360577280919419
2050,awakens,0.0013119043997450903
6051,disappointed,0.0013022368564262455
12846,mash,0.0012732719347769942
7920,fewest,0.0012732719347769942
5023,crab,0.0012732719347769942
7112,entirety,0.0012730165751227897
10972,instructed,0.0012643906613941565
8359,forthcoming,0.0012643906613941565
19143,slacker,0.0012643906613941565
22445,usbcameraenabled,0.0012376300885611612
12187,lightcolored,0.0012376300885611612
6795,elbows,0.0012376300885611612
20440,superimposes,0.0012376300885611612
572,72inch,0.0012376300885611612
19047,situated,0.0012376300885611612
9770,hazard,0.0012376300885611612
6069,discbut,0.0012376300885611612
538,60watt,0.0012376300885611612
18976,simplejust,0.0012376300885611612
18456,secondseven,0.0012376300885611612
15243,pathologically,0.0012376300885611612
17077,redecorating,0.0012376300885611612
3216,bulb,0.0012376300885611612
21114,themeyour,0.0012376300885611612
10085,hips,0.0012376300885611612
22513,vain,0.0012376300885611612
8775,gamesthere,0.0012376300885611612
17647,rhythm,0.0012050186169047725
4326,collecting,0.001188175852511802
12022,leaves,0.0011800458021960832
11474,judged,0.0011498956775226254
18892,siberian,0.0011319968518163266
19396,soiled,0.0011319968518163266
16509,pug,0.0011319968518163266
18750,shih,0.0011319968518163266
22002,tzu,0.0011319968518163266
5449,dated,0.0011252695019331035
9865,heights,0.0011127829555774627
7163,epitomizes,0.0010719759980695356
14635,olympusgod,0.0010719759980695356
13977,navigational,0.0010719759980695356
2601,binds,0.0010719759980695356
15365,perches,0.0010719759980695356
2432,beginningkratos,0.0010719759980695356
7359,exceptionalthough,0.0010719759980695356
10684,incorporate,0.0010719759980695356
20795,tartarus,0.0010719759980695356
23053,waysan,0.0010719759980695356
16464,pspplaystation,0.0010719759980695356
10492,iiiregardless,0.0010719759980695356
20051,stirring,0.0010719759980695356
9124,godshe,0.0010719759980695356
11901,largerbeautiful,0.0010719759980695356
12116,levelsexploration,0.0010719759980695356
19430,solvingfrom,0.0010719759980695356
11907,largerkratos,0.0010719759980695356
829,actioncombat,0.0010719759980695356
10107,historymore,0.0010719759980695356
11908,largermythological,0.0010719759980695356
5511,dealings,0.0010719759980695356
14129,newnearly,0.0010719759980695356
21113,themexplore,0.0010719759980695356
14449,obey,0.0010712757435879983
21818,troopers,0.0010442053758375253
14698,onground,0.0010442053758375253
16791,rained,0.0010308750807298598
7358,exceptionally,0.0010308750807298598
1179,alfalfaesque,0.0010308750807298598
15801,playstationbased,0.0010308750807298598
23092,weaponsword,0.0010308750807298598
11251,itand,0.0010308750807298598
1272,alumni,0.0010308750807298598
20647,synchronizes,0.0010308750807298598
3052,breasts,0.0010308750807298598
23411,wobble,0.0010308750807298598
13392,mitsurugi,0.0010308750807298598
11401,jiggle,0.0010308750807298598
13445,modes1player,0.0010308750807298598
20575,sways,0.0010308750807298598
20657,system12,0.0010308750807298598
15321,peers,0.0010308750807298598
13393,mitsurugis,0.0010308750807298598
11279,ivys,0.0010308750807298598
19779,sprouts,0.0010308750807298598
18224,sc,0.0010308750807298598
23225,whipsword,0.0010308750807298598
1848,astaroths,0.0010308750807298598
19413,solidlooking,0.0010308750807298598
15309,pectorals,0.0010308750807298598
10761,inferno,0.0010308750807298598
23783,zbuffering,0.0010308750807298598
11670,kiliks,0.0010308750807298598
13879,mythologies,0.0010308750807298598
11123,intros,0.0010308750807298598
3302,buttocks,0.0010308750807298598
5854,detailintensive,0.0010308750807298598
18789,shodown,0.0010308750807298598
19961,stave,0.0010308750807298598
8427,framespersecond,0.0010308750807298598
6784,eightway,0.0010308750807298598
7568,eyemelting,0.0010308750807298598
9546,hairdo,0.0010308750807298598
11669,kilik,0.0010308750807298598
13725,muhammed,0.0010308750807298598
20895,techroll,0.0010308750807298598
11583,katars,0.0010308750807298598
13809,muscleflexing,0.0010308750807298598
12314,lizardmans,0.0010308750807298598
2740,blockiness,0.0010308750807298598
23234,whistle,0.0010308750807298598
18928,siegfrieds,0.0010308750807298598
6910,employing,0.0010308750807298598
8096,flaccid,0.0010308750807298598
8310,foreground,0.0010308750807298598
22673,vf3tb,0.0010308750807298598
10541,imagining,0.0010308750807298598
8155,flexes,0.0010308750807298598
12010,leapfrog,0.0010308750807298598
22840,voldos,0.0010308750807298598
14694,oneups,0.0010308750807298598
9127,godzillalike,0.0010308750807298598
16304,processortaxing,0.0010308750807298598
2076,ax,0.0010308750807298598
7565,eyeball,0.0010308750807298598
14420,nunchaku,0.0010308750807298598
2932,bother,0.0010285769217570735
13045,melodramatic,0.0010285769217570735
17208,reintroduces,0.0010285769217570735
17827,rocksolid,0.0010285769217570735
17427,rerelease,0.0010285769217570735
4810,conversions,0.0010285769217570735
17217,reissues,0.0010285769217570735
6952,endearingly,0.0010285769217570735
23062,weaker,0.0010285769217570735
7650,fairness,0.0010185204626541914
23206,wheelies,0.0010185204626541914
21939,twentyfive,0.0010185204626541914
5995,diminutive,0.0010185204626541914
3647,catchup,0.0010185204626541914
21334,tighterturning,0.0010185204626541914
17863,rollicking,0.0010185204626541914
10228,hops,0.0010185204626541914
9193,gottahave,0.0010185204626541914
2578,bigheaded,0.0010185204626541914
4767,continuity,0.0010144744800902727
22221,unison,0.0010144744800902727
21121,themthe,0.0010144744800902727
10564,immortals,0.0010144744800902727
21771,tried,0.0010121532732837721
3205,buggies,0.000988193471224704
16297,proceedings,0.0009755781940223514
11346,jaws,0.0009755781940223514
15980,ported,0.0009755781940223514
20597,swiftly,0.0009755781940223514
20315,subpar,0.0009734032971915167
21104,thematic,0.0009638863000607164
23176,welsh,0.0009118676443300028
18289,schnauzer,0.0009118676443300028
15600,pinscher,0.0009118676443300028
15327,pembroke,0.0009118676443300028
11820,labrador,0.0009118676443300028
4871,corgi,0.0009118676443300028
18739,shiba,0.0009118676443300028
15940,poodle,0.0009118676443300028
11129,inu,0.0009118676443300028
3928,chevrolet,0.000903579057526281
15994,posed,0.000903579057526281
4473,compacts,0.000903579057526281
20840,tea,0.000903579057526281
20707,tahiti,0.000903579057526281
5975,digest,0.000903579057526281
22881,wade,0.000903579057526281
1628,arcademode,0.000903579057526281
21665,transferred,0.000903579057526281
21539,tossup,0.000903579057526281
18441,seattle,0.000903579057526281
5118,credibility,0.000903579057526281
20565,swaps,0.000903579057526281
3578,carsnelson,0.000903579057526281
20796,taruccopyright,0.000903579057526281
21418,tirescreeching,0.000903579057526281
903,addons,0.000903579057526281
14683,oneplayeronly,0.000903579057526281
10620,imprinted,0.000903579057526281
16704,rabid,0.000903579057526281
3325,bythenumbers,0.000903579057526281
16710,raced,0.000903579057526281
17929,routers,0.000884913997369005
17707,rights,0.0008797533462741775
5225,crunching,0.0008551104395692199
22844,volkswagen,0.0008551104395692199
4542,comprehensive,0.0008257061454532481
8529,frightening,0.000822529554704474
19679,spiked,0.0007395206479538098
9950,herowell,0.0007085251729454341
15404,perplexing,0.0007085251729454341
18356,scramble,0.0007085251729454341
8734,gameish,0.0007085251729454341
21833,trousers,0.0007085251729454341
9298,gravestones,0.0007085251729454341
13540,moolah,0.0007085251729454341
3470,capitalist,0.0007085251729454341
4177,cling,0.0007085251729454341
15862,plunder,0.0007085251729454341
2718,blingbling,0.0007085251729454341
18944,significance,0.0007085251729454341
15577,pillar,0.0007085251729454341
11395,jewel,0.0007085251729454341
12830,martinet,0.0007085251729454341
22880,waddle,0.0007085251729454341
21963,twolegged,0.0007085251729454341
9049,gleaming,0.0007085251729454341
18857,showers,0.0007085251729454341
9454,guffaws,0.0007085251729454341
1731,arrogant,0.0007085251729454341
19876,stamped,0.0007085251729454341
9405,growls,0.0007085251729454341
14590,ofin,0.0007085251729454341
3998,chortles,0.0007085251729454341
23804,zest,0.0007085251729454341
14267,noggin,0.0007085251729454341
9072,gloomy,0.0007085251729454341
10870,inhale,0.0007085251729454341
3221,bull,0.0006795010894008414
18234,scan,0.000638246833310967
22857,votes,0.0005899426784093553
17174,registered,0.0005899426784093553
16677,quicksand,0.0004864661527385144
13759,multipak,0.0004864661527385144
15613,piranha,0.0004864661527385144
5025,crabs,0.0004864661527385144
7759,fasten,0.0004864661527385144
10035,highplace,0.0004864661527385144
9207,gp,0.0004864661527385144
8399,fourrace,0.0004864661527385144
19118,skittering,0.0004864661527385144
5074,craziest,0.00046037179044904725
10063,hilarious,0.00045724928574195946
19873,stamin,0.0004559338221650014
14397,ntrpad3e,0.0004559338221650014
17555,retriver,0.0004559338221650014
16426,prototype,0.0004368980121974921
21474,tome,0.00039378175757103553
16579,pursues,0.00039378175757103553
19920,starman,0.00039378175757103553
17581,revels,0.00039378175757103553
4172,climaxes,0.00039378175757103553
21957,twitching,0.00039378175757103553
11777,koopas,0.00039378175757103553
13311,minimushroom,0.00039378175757103553
11081,intervals,0.00037265902022658664
19457,sooner,0.00037265902022658664
1913,attackingstealing,0.00029497133920467763
13203,midrace,0.00029497133920467763
23342,winloss,0.00029497133920467763
4338,colliding,0.00029497133920467763
14644,onand,0.00029497133920467763
6466,drifter,0.00029497133920467763
8391,fourcourse,0.00029497133920467763
2764,blooper,0.00029497133920467763
3153,bruiser,0.00029497133920467763
16060,powerdrifting,0.00029497133920467763
7365,exchanging,0.00029497133920467763
10287,hotspot,0.00029497133920467763
4653,connector,0.00029497133920467763
17175,registration,0.00029497133920467763
23142,welcoming,0.00029497133920467763
4760,continually,0.0002854195939372615
5278,cups,0.00027914885750476544
16348,progressing,0.00027914885750476544
22697,victor,0.00027914885750476544
19377,society,0.00019804415210312407
7178,equivalent,9.433535815780346e-05
23593,x1600,2.1418470046892767e-06
8596,fullsize,0.0
1785,aslines,0.0
8608,fumes,0.0
23038,wattos,0.0
8599,fully3d,0.0
8899,generators,0.0
8597,fulltime,0.0
23037,watto,0.0
1933,attilas,0.0
23048,waylays,0.0
19224,slope,0.0
23035,waterwe,0.0
8593,fulls,0.0
8589,fullleague,0.0
1761,arwing,0.0
19223,slomo,0.0
23039,wav,0.0
2047,awake,0.0
19391,softs,0.0
23033,waterwave,0.0
2033,averted,0.0
8631,funrated,0.0
19376,societies,0.0
2045,awaitsproduct,0.0
8882,gemspark,0.0
19378,sociopathic,0.0
8628,funnily,0.0
8626,funnel,0.0
8883,gemswapping,0.0
8622,funfeaturesplay,0.0
19384,soe,0.0
8610,funbryan,0.0
19389,softer,0.0
19236,slowfall,0.0
19390,softpackagingretail,0.0
19222,slogging,0.0
23212,whet,0.0
8865,gearheads,0.0
1755,artoon,0.0
23002,wasp,0.0
2111,backcountry,0.0
2122,backgroundsthe,0.0
19216,slippy,0.0
19209,slingshots,0.0
8544,frontend,0.0
8541,fromcivilian,0.0
2125,backing,0.0
428,3daction,0.0
19449,sonicstyle,0.0
19450,sonny,0.0
22995,wary,0.0
19454,sonya,0.0
19206,slimes,0.0
19205,slimenia,0.0
23216,whichis,0.0
19438,somethingto,0.0
23213,whethersplitscreen,0.0
19412,solidleads,0.0
23023,waterfalls,0.0
23032,watersoaked,0.0
19414,solidplaying,0.0
19416,sollozzo,0.0
23029,waterscapes,0.0
19221,slogans,0.0
19219,slobber,0.0
8915,genosian,0.0
131,133,0.0
2106,babysitter,0.0
23021,waterenhanced,0.0
23019,watercraft,0.0
19428,solves,0.0
23016,waterbased,0.0
2085,azkaban,0.0
2088,aztecs,0.0
2101,babel,0.0
1798,asragnar,0.0
1840,asstories,0.0
8751,gameplaycoop,0.0
19373,socialite,0.0
8726,gameengine,0.0
2127,backproduct,0.0
8725,gamedestructible,0.0
8724,gamedays,0.0
1890,atlas,0.0
8776,gamesthink,0.0
1981,austin,0.0
23139,weirdproduct,0.0
19326,sniffing,0.0
8785,gamewindows,0.0
23089,weaponspersonalize,0.0
8721,gamechoose,0.0
8719,gameboth,0.0
19279,smashhitfirstperson,0.0
23141,welcomes,0.0
8793,gamma,0.0
19333,snobs,0.0
19320,sneaks,0.0
1970,augment,0.0
23094,wearable,0.0
1950,attributesbuildings,0.0
8753,gameplaying,0.0
1944,attraction,0.0
8750,gameplaybonus,0.0
8758,gamerone,0.0
8764,gameset,0.0
8749,gameplayarmy,0.0
1932,attila,0.0
8741,gamenamely,0.0
8732,gamegeneration,0.0
8770,gamespecifications,0.0
1959,audi,0.0
8738,gamemaker,0.0
1924,attended,0.0
19284,smellplenty,0.0
8737,gamemake,0.0
1917,attacksexclusive,0.0
8810,garb,0.0
19335,snoozer,0.0
8717,gameallnew,0.0
19250,slugging,0.0
19354,snowspeeders,0.0
19355,snowwindows,0.0
19254,slumped,0.0
8675,gabrielle,0.0
23065,weaknessesdifferent,0.0
8852,gaze,0.0
8662,fuzzy,0.0
1867,atac,0.0
8679,gadgetsbut,0.0
8858,gbmultiplay,0.0
2023,avalanches,0.0
2024,avalancheson,0.0
1856,astonishinglyhigh,0.0
8645,furtherfrom,0.0
8644,furs,0.0
8860,gdf,0.0
8839,gathered,0.0
19258,slyest,0.0
8712,gambit,0.0
23080,weaponryyou,0.0
23087,weaponsespecially,0.0
19340,snowblind,0.0
1884,athlonm,0.0
8812,garcia,0.0
23157,welldone,0.0
23085,weaponscorner,0.0
1874,athena,0.0
8707,gallops,0.0
8827,garrettmaster,0.0
2003,autofranchise,0.0
8696,galaxia,0.0
23075,weaponhandling,0.0
2020,availablefrank,0.0
2022,avalanche,0.0
23066,weaksauce,0.0
23160,wellfed,0.0
4566,comvp,0.0
19524,sourcing,0.0
8525,frieza,0.0
2517,berserkerinto,0.0
2462,belgians,0.0
33,037,0.0
22790,visor,0.0
2513,bernstein,0.0
8044,firewall,0.0
19747,sportsvideo,0.0
22776,viruses,0.0
8034,firecracker,0.0
19751,spoton,0.0
8021,finishers,0.0
2538,bethe,0.0
8524,friendstake,0.0
19759,sprayer,0.0
2550,beused,0.0
8016,fingerpaint,0.0
8013,finetuned,0.0
8006,fineitll,0.0
2560,bible,0.0
8003,findings,0.0
7998,finances,0.0
7996,finals,0.0
2568,biessenerissue,0.0
2458,bejeweled,0.0
22802,vitamin,0.0
8048,firm,0.0
22803,vito,0.0
2416,beforecustomizable,0.0
2423,befriend,0.0
8150,fleshedout,0.0
8145,fleetingly,0.0
8138,flawlessly,0.0
8134,flavors,0.0
19695,spins,0.0
19699,spiraling,0.0
8119,flashbacks,0.0
19705,spiritually,0.0
22824,voiceacting,0.0
19712,splashy,0.0
8100,flagwaving,0.0
19716,splicers,0.0
2435,begs,0.0
8093,fizzle,0.0
22816,vmus,0.0
8080,fivecharacter,0.0
8069,fisk,0.0
2445,behead,0.0
19732,sponsorships,0.0
22752,vin,0.0
2572,bigair,0.0
7992,finale,0.0
2597,bination,0.0
2600,bindings,0.0
7864,feelin,0.0
7863,feelgood,0.0
22731,vigilante,0.0
19843,stadiumseven,0.0
7854,federationmanaged,0.0
22728,viggo,0.0
7847,featurettes,0.0
2603,bined,0.0
19855,stain,0.0
19856,stained,0.0
7845,featureswreak,0.0
19859,staked,0.0
2607,biography,0.0
7832,featurescomplete,0.0
7831,featuresboards,0.0
19870,stall,0.0
7826,featurehome,0.0
2613,bios,0.0
7816,fearthat,0.0
2614,bioshock,0.0
7872,feint,0.0
7891,fendergrinding,0.0
2574,bigboss,0.0
7900,ferret,0.0
7988,filmstyle,0.0
19780,spruced,0.0
7982,filmbattle,0.0
445,3point,0.0
2579,bighuge,0.0
19783,spurn,0.0
19787,spygame,0.0
19788,spyglass,0.0
7959,fightermages,0.0
2586,bikathalon,0.0
22741,villager,0.0
19795,spyware,0.0
2591,billboard,0.0
7950,fiercer,0.0
22738,vile,0.0
7940,fieldercam,0.0
7934,fictitious,0.0
7929,fiber,0.0
22737,vikings,0.0
22736,viking,0.0
7916,feuds,0.0
2414,beforeand,0.0
15509,photographsbut,0.0
8169,flinger,0.0
2185,ballet,0.0
19510,soundprepare,0.0
2193,ballstealer,0.0
8435,franchiseplay,0.0
2204,bandico,0.0
2213,banish,0.0
2228,barbarianor,0.0
2243,barney,0.0
140,14gb,0.0
19529,southwest,0.0
19533,sown,0.0
22936,wanzers,0.0
8393,fourman,0.0
8376,forza,0.0
8374,forwardcommand,0.0
22935,wanzer,0.0
2260,barring,0.0
2262,barry,0.0
2270,baseballfree,0.0
2274,basement,0.0
2278,bashing,0.0
2287,basketballchallenging,0.0
2186,ballgame,0.0
19503,soundfrom,0.0
614,8man,0.0
19502,soundeasily,0.0
8516,friendand,0.0
2129,backstab,0.0
19466,sopot,0.0
22987,warriorslike,0.0
22984,warriormasters,0.0
8507,freshfaced,0.0
8489,freeways,0.0
2144,baddest,0.0
2146,badge,0.0
2149,badlooking,0.0
2166,bala,0.0
22966,warmblooded,0.0
2173,balducci,0.0
2180,ballandrew,0.0
8480,freeplay,0.0
2183,ballencased,0.0
19483,sortie,0.0
19487,sos,0.0
8472,freeforalls,0.0
8459,fredrickson,0.0
19500,soundalbeit,0.0
19568,spanishconquistadors,0.0
8329,forges,0.0
2413,befitting,0.0
8278,footballplayer,0.0
8277,footballgame,0.0
8276,footballand,0.0
19611,specializes,0.0
2399,bedandbreakfast,0.0
19614,speciallydesigned,0.0
8262,fondly,0.0
19618,specialweapon,0.0
22845,volley,0.0
8232,foam,0.0
8228,fmvbased,0.0
8226,fm,0.0
19641,speedsget,0.0
8209,floyd,0.0
2403,bedtime,0.0
8200,flourishing,0.0
8198,flotsam,0.0
2408,beefier,0.0
8184,floats,0.0
8181,floated,0.0
8177,flirting,0.0
8175,flirt,0.0
19605,specialforces,0.0
22858,voting,0.0
2293,bastogne,0.0
8283,footpaths,0.0
8320,forestall,0.0
8317,foreshadowings,0.0
8315,forensic,0.0
19579,sparking,0.0
22905,walkers,0.0
2301,bathroom,0.0
2303,batista,0.0
19584,sparsely,0.0
22897,waker,0.0
19588,spas,0.0
19589,spastic,0.0
2319,battleaxe,0.0
8301,forcesof,0.0
2326,battlefree,0.0
2350,baying,0.0
2352,bayonets,0.0
8292,forays,0.0
8287,footsie,0.0
2359,bcs,0.0
2360,bcthe,0.0
2385,beatconcepta,0.0
23219,whim,0.0
9119,godfatherwhere,0.0
1744,artic,0.0
18657,shadowsthe,0.0
18629,sevenyear,0.0
9930,heretofore,0.0
23645,yamato,0.0
9926,hereconcepttighten,0.0
9923,hercules,0.0
9907,helpinga,0.0
18647,shadingits,0.0
148,151,0.0
18650,shadowdisciplines,0.0
1026,afford,0.0
1035,africans,0.0
18675,shamrock,0.0
9873,heirloom,0.0
23637,ya,0.0
23633,xuniverse,0.0
23623,xmens,0.0
9862,heightened,0.0
9859,heftier,0.0
9853,hedonistic,0.0
9852,hedonism,0.0
1070,ageto,0.0
1071,agewhich,0.0
18628,seventyfive,0.0
23646,yamatos,0.0
1013,aesthetics,0.0
1012,aestheticand,0.0
9972,hidea,0.0
23670,yearsfrom,0.0
23666,yearold,0.0
981,adventuresteeped,0.0
9964,hiatus,0.0
18602,servicesthe,0.0
985,adversary,0.0
986,adversarys,0.0
987,adversarythe,0.0
9963,hi,0.0
989,adversity,0.0
990,advertises,0.0
23655,yao,0.0
9958,hewitt,0.0
18612,settingsboth,0.0
9952,herworldrune,0.0
23653,yanqui,0.0
18620,settler,0.0
9935,herneckupon,0.0
995,advisors,0.0
23651,yankeeslike,0.0
23613,xi,0.0
9844,heavilyarmored,0.0
18590,serkis,0.0
9719,hart,0.0
9753,haveto,0.0
18726,shelve,0.0
18729,shepard,0.0
9749,haveenough,0.0
1159,alan,0.0
1160,alarm,0.0
23555,wrinkled,0.0
18740,shibe,0.0
1180,algorithmic,0.0
1187,alife,0.0
9713,harrogath,0.0
1087,agriculture,0.0
23545,wrestle,0.0
9699,harmful,0.0
9696,harlem,0.0
23542,wrecks,0.0
9693,hare,0.0
9687,hardtomaster,0.0
18759,shingles,0.0
9685,hardtoearn,0.0
9683,hardship,0.0
9681,hardpackbut,0.0
9760,hawkins,0.0
9763,hayami,0.0
1151,akari,0.0
9772,haze,0.0
1093,ahh,0.0
18678,shang,0.0
9839,heavenly,0.0
9835,heatseeking,0.0
9829,heartwarming,0.0
9824,heartpumping,0.0
1100,aiarmy,0.0
23606,xecutioners,0.0
9821,heartbroken,0.0
18690,shards,0.0
23596,x3,0.0
647,9895,0.0
9797,headsetmicrophone,0.0
1119,airbase,0.0
18700,sharpshooter,0.0
1122,airbrush,0.0
1133,airman,0.0
9790,headlinesarmy,0.0
9788,headlights,0.0
1150,aka,0.0
18714,sheezy,0.0
18591,serpentine,0.0
967,advantageous,0.0
8985,ghoulish,0.0
787,accuracyutilize,0.0
10252,horrorspowerful,0.0
381,2x2,0.0
752,accessoriesan,0.0
23785,zeal,0.0
10239,horribly,0.0
18458,secondstring,0.0
780,accounted,0.0
10234,horizontal,0.0
10231,horiuchi,0.0
784,accumulating,0.0
797,achieved,0.0
10194,honcho,0.0
23759,yuantis,0.0
10225,hopkins,0.0
10222,hopelessly,0.0
806,acidthe,0.0
10213,hooligan,0.0
826,actionadveturesystem,0.0
835,actiongame,0.0
18479,see6000,0.0
10208,hoods,0.0
18486,seeit,0.0
10253,horrorthe,0.0
661,9x9,0.0
737,accentuated,0.0
23805,zeus,0.0
10336,huddling,0.0
670,aball,0.0
673,abandoning,0.0
18408,seahawks,0.0
686,abilitieswhich,0.0
10334,huddle,0.0
695,abominations,0.0
23830,zookeeperinteractive,0.0
18418,sean,0.0
23824,zoneits,0.0
23815,zodiac,0.0
721,abygone,0.0
10305,housecat,0.0
725,academic,0.0
18431,seasona,0.0
10296,hounding,0.0
729,academys,0.0
10292,hottempered,0.0
10269,hostagesaving,0.0
18446,secluded,0.0
23806,zexen,0.0
10201,honeymoon,0.0
836,actiongo,0.0
9987,highcaliber,0.0
10031,highlytrained,0.0
10086,hipster,0.0
904,addressed,0.0
10084,hippogriff,0.0
923,administration,0.0
18550,sensitiveeared,0.0
10076,hintondemand,0.0
10068,hillys,0.0
18558,sentinels,0.0
23688,yielded,0.0
10050,highspirited,0.0
949,adrenalinesoaked,0.0
655,98se,0.0
23685,yettobeunveiled,0.0
10020,highlightsragnar,0.0
10018,highlightson,0.0
10017,highlightsmore,0.0
23684,yetthe,0.0
952,adrift,0.0
10006,highintensity,0.0
10004,highheaped,0.0
953,adroit,0.0
9997,higherrecommended,0.0
901,additionto,0.0
10095,hironobu,0.0
23706,youbuild,0.0
23708,youchoose,0.0
846,actionreporter,0.0
10186,homework,0.0
10178,homemade,0.0
23738,yoursefl,0.0
848,actionrpgs,0.0
859,activation,0.0
23718,youinternational,0.0
10173,homebodies,0.0
152,15including,0.0
10169,holt,0.0
10168,holster,0.0
18516,selfcontained,0.0
10166,holocaust,0.0
10150,holeinone,0.0
10132,hoards,0.0
882,adapted,0.0
10111,historysgreatest,0.0
18530,semi3d,0.0
10109,historyproduct,0.0
10108,historyplayers,0.0
23711,youdecide,0.0
18768,shipments,0.0
9629,handplants,0.0
23541,wreckless,0.0
19038,sirius,0.0
23356,wintertime,0.0
1535,anybuilding,0.0
9241,granger,0.0
23354,winterborn,0.0
1540,anywhereare,0.0
9228,grammar,0.0
9220,graded,0.0
1547,apathetic,0.0
19035,sioux,0.0
1557,apologize,0.0
9216,graced,0.0
23315,willpower,0.0
1558,apowerhungry,0.0
19056,sixer,0.0
23333,winegardner,0.0
23332,windy,0.0
9195,goty,0.0
19059,sixperson,0.0
19060,sixs,0.0
19063,sizable,0.0
23326,windowspatible,0.0
1576,appetite,0.0
1528,antiyakuza,0.0
1519,antiques,0.0
23367,wisecracking,0.0
1517,antipokmaniacs,0.0
1399,andregicide,0.0
18986,simsdating,0.0
1409,andshooting,0.0
1423,andyou,0.0
1433,anger,0.0
23398,withthe,0.0
18988,simulants,0.0
1452,animalszoo,0.0
1455,animatedraising,0.0
9278,graphicsvirtually,0.0
1466,aninvasion,0.0
1475,announce,0.0
9269,graphicsnobody,0.0
9268,graphicsnew,0.0
19006,simultaneousplay,0.0
23375,wisteria,0.0
9266,graphicsfor,0.0
9265,graphicseasily,0.0
19010,singalongs,0.0
9263,graphicscreating,0.0
19012,singer,0.0
9187,gothamlike,0.0
1592,appreciation,0.0
18781,shizzit,0.0
23242,whiz,0.0
23248,wholenew,0.0
19140,slaadi,0.0
1721,arrange,0.0
19145,slalom,0.0
23245,whod,0.0
23244,whoassist,0.0
9063,glittery,0.0
9060,glistens,0.0
9059,glistening,0.0
9058,glints,0.0
9054,gliding,0.0
23307,willfulfill,0.0
1722,arrangement,0.0
19162,slaughtered,0.0
1740,arthate,0.0
9050,gleams,0.0
23231,whispering,0.0
19173,sledgehammer,0.0
19181,sleepy,0.0
9013,girard,0.0
9006,gimmick,0.0
8991,gi,0.0
19133,skys,0.0
9098,gman,0.0
1711,armyinfested,0.0
9110,gobble,0.0
23302,willdecide,0.0
9173,goons,0.0
9167,goodnight,0.0
1620,aran,0.0
1627,arcadelike,0.0
9156,gonebecause,0.0
19091,skiers,0.0
9146,goldfish,0.0
9143,goldeneyes,0.0
23288,wiiunique,0.0
9136,goingson,0.0
9134,gohan,0.0
9129,goers,0.0
1642,archenemy,0.0
23266,widen,0.0
19113,skirmishthis,0.0
9125,godsmack,0.0
1699,armchair,0.0
9120,godforsaken,0.0
2618,bioticsspecialisteach,0.0
9111,gobbling,0.0
9288,grasshopper,0.0
18978,simpletoplay,0.0
23423,womenfolk,0.0
1242,allyour,0.0
1241,allying,0.0
9545,haircut,0.0
9541,hagen,0.0
9531,habitat,0.0
18839,shoulderlaunched,0.0
9529,haas,0.0
23510,worseconceptbust,0.0
9525,gymnasiums,0.0
9522,guysthis,0.0
9517,gutterballs,0.0
1246,aloneinvite,0.0
9289,grasslands,0.0
23505,wornout,0.0
9485,gunmen,0.0
9471,gullible,0.0
1247,aloneproduct,0.0
11,console_Sega Genesis,0.0
1266,alternatives,0.0
23492,worldseeking,0.0
18883,shus,0.0
18885,shutout,0.0
18886,shutters,0.0
9551,hairstyles,0.0
9558,halfhour,0.0
9562,halfman,0.0
1237,alltoolong,0.0
18782,shizzle,0.0
18783,shn,0.0
18785,shocked,0.0
9628,handpicked,0.0
23536,wrc,0.0
23529,wr,0.0
1221,allof,0.0
9612,handfulof,0.0
9604,handcrafted,0.0
641,96,0.0
23521,wouldve,0.0
9598,hamtaros,0.0
9597,hamtaro,0.0
9592,hamsterhas,0.0
9584,hamjam,0.0
9583,hamhams,0.0
1231,allpro,0.0
18810,shoppers,0.0
9582,hamham,0.0
9581,hamha,0.0
9579,hamchat,0.0
9413,grudge,0.0
1276,alyxs,0.0
1287,amazed,0.0
1351,analogous,0.0
9335,greeting,0.0
9333,greens,0.0
23448,wooly,0.0
9331,greenlandreplay,0.0
1363,andas,0.0
1370,anddemolishing,0.0
1379,andhalberdier,0.0
23438,wonteven,0.0
9320,greatsall,0.0
9317,greatnessor,0.0
9307,greasers,0.0
9302,gravitybending,0.0
1386,andmagical,0.0
18961,silverfall,0.0
9293,gratifying,0.0
1387,andmake,0.0
9292,grates,0.0
1389,andmontezuma,0.0
18970,similarities,0.0
1390,andmore,0.0
18973,simlish,0.0
1352,analyse,0.0
9346,gridmaster,0.0
9408,grownups,0.0
1342,amuse,0.0
18894,sibling,0.0
9401,groves,0.0
23481,worldmaps,0.0
1295,ambassador,0.0
18901,sicknesssniff,0.0
9390,grounding,0.0
9379,grooving,0.0
9377,grooves,0.0
23478,worldits,0.0
1298,ambiencenoise,0.0
18908,sideline,0.0
9371,groans,0.0
9367,grittier,0.0
18915,sidescroller,0.0
9357,grinders,0.0
18919,sidestep,0.0
9349,griff,0.0
18921,sidetoside,0.0
9348,grievous,0.0
1313,amen,0.0
23474,worldconquering,0.0
2617,biotic,0.0
452,3wide,0.0
22714,vietcongis,0.0
4025,churchills,0.0
21019,tetrislike,0.0
4003,christian,0.0
4013,chuck,0.0
5769,depravity,0.0
5758,depicts,0.0
4015,chucks,0.0
5710,dementors,0.0
5703,delving,0.0
5673,dehydration,0.0
4016,chult,0.0
5663,defuse,0.0
21017,tetrinaut,0.0
5659,deforming,0.0
5658,deformedlooking,0.0
5657,deformedcartoon,0.0
21971,twosword,0.0
4028,chyna,0.0
5656,deformed,0.0
21060,thebattlefield,0.0
5636,defensivelyso,0.0
5632,defenselessly,0.0
525,5on5,0.0
21986,tyler,0.0
21016,tetra,0.0
21071,thedestiny,0.0
3927,chestthumping,0.0
5895,deviated,0.0
3887,cheatfree,0.0
3904,cheerleader,0.0
5866,determination,0.0
5864,detentionclassrooms,0.0
5863,detention,0.0
5862,detects,0.0
3918,cherriedout,0.0
5847,destructions,0.0
22023,uhlan,0.0
22018,uematsu,0.0
21014,tet,0.0
22017,ucs,0.0
5818,desolation,0.0
3930,chewbacca,0.0
22010,ubi,0.0
22009,ubers,0.0
22008,uber,0.0
5792,describedher,0.0
21008,testimonynew,0.0
3942,chieftain,0.0
3970,chockfull,0.0
5624,defence,0.0
4031,cid,0.0
4113,clarke,0.0
5468,daylights,0.0
5515,dear,0.0
4099,clamber,0.0
566,720,0.0
5505,deaf,0.0
21135,thepulse,0.0
21136,theraf,0.0
21137,thereal,0.0
21146,therolling,0.0
4105,clancystyle,0.0
5476,dazed,0.0
21160,thethousands,0.0
4092,clad,0.0
21162,thetop,0.0
21164,theultimate,0.0
4107,clanking,0.0
5437,darril,0.0
5433,darkside,0.0
5432,darks,0.0
21907,turnedbased,0.0
21177,thievius,0.0
531,600000,0.0
91,1080,0.0
21126,themysterious,0.0
21122,themtogether,0.0
5622,defect,0.0
4038,cinemastyle,0.0
21965,twominute,0.0
21076,theenemyproduct,0.0
21080,thefertile,0.0
5613,deepspace,0.0
21083,thefts,0.0
5590,decors,0.0
4032,cigar,0.0
5580,decline,0.0
21961,twodisk,0.0
5576,decks,0.0
4053,circumstantial,0.0
4087,civilizationsfour,0.0
4056,citadel,0.0
21952,twister,0.0
21947,twinshas,0.0
21940,twentyodd,0.0
4084,civilization2,0.0
21109,themercenaries,0.0
4085,civilizationa,0.0
21926,tuxedo,0.0
21115,themfrom,0.0
21118,themountains,0.0
3883,chavez,0.0
97,10hour,0.0
5899,devicesthe,0.0
20819,taunted,0.0
22099,uncooperative,0.0
3769,chalk,0.0
6155,distilleries,0.0
3777,challengesconnect,0.0
6147,dissidentsyour,0.0
22090,uncompromised,0.0
6139,disposing,0.0
20810,tattaglia,0.0
6137,disposalancient,0.0
3794,chancellor,0.0
6126,dispatches,0.0
6174,distressingly,0.0
22087,uncloaking,0.0
6115,dismember,0.0
3808,chao,0.0
20827,taxicrazed,0.0
3809,chaobreeding,0.0
20829,taxiinfluenced,0.0
22080,uncertainties,0.0
6102,dishing,0.0
3819,characterised,0.0
6073,disciplines,0.0
6173,distressing,0.0
3751,cesar,0.0
510,52,0.0
6267,doles,0.0
6300,donut,0.0
6299,donttakeitawayfromme,0.0
20732,taketwo,0.0
3712,cellphone,0.0
20735,takingit,0.0
6294,doneabrams,0.0
3721,cena,0.0
6287,dominationif,0.0
22124,underneath,0.0
6271,dolled,0.0
6254,dogan,0.0
6184,disturbingclues,0.0
20769,tanksweapons,0.0
3726,centauriin,0.0
3728,centaurus,0.0
22114,undergo,0.0
3738,centuryold,0.0
6200,diverting,0.0
6197,diversify,0.0
22109,underattack,0.0
22107,undecided,0.0
20783,tapped,0.0
20850,teamcontrolling,0.0
6071,discerned,0.0
6070,disccdrom,0.0
5973,diffuse,0.0
3853,charleenas,0.0
5989,dime,0.0
5987,dillon,0.0
5983,dilapidated,0.0
20908,teenager,0.0
20910,teenfriendlier,0.0
20911,teengenrecategory,0.0
5982,digyourownmaze,0.0
3857,charlies,0.0
5980,digitized,0.0
5968,differs,0.0
571,725,0.0
20926,teller,0.0
22047,ultraviolence,0.0
20930,temperate,0.0
5939,dictator,0.0
5934,dice,0.0
5923,diabolically,0.0
20940,tempted,0.0
22044,ultraresponsive,0.0
5912,devoured,0.0
5909,devotees,0.0
5991,dimensional,0.0
20897,techspecialist,0.0
22061,unarguably,0.0
5994,dimensionshifting,0.0
22075,uncage,0.0
20854,teamleadership,0.0
6058,disarmingly,0.0
6057,disarming,0.0
6052,disappointedly,0.0
3828,charactersallowing,0.0
22070,unbearable,0.0
20862,teamsand,0.0
6044,disadvantage,0.0
6036,directsound,0.0
20868,tearheaded,0.0
3840,characterswith,0.0
3844,charater,0.0
6015,diplomacywar,0.0
6008,dinners,0.0
22064,unattackable,0.0
6005,dink,0.0
3849,charging,0.0
6001,dingodile,0.0
3852,charleena,0.0
20893,technomites,0.0
21181,thingswhich,0.0
5399,danceoffs,0.0
22713,vietcong,0.0
4835,cools,0.0
4883,corolla,0.0
4876,cornerbacks,0.0
21463,tokugawa,0.0
4875,cornerand,0.0
4870,corey,0.0
4382,combats,0.0
4860,copper,0.0
21485,toning,0.0
21487,tonsil,0.0
4836,coombs,0.0
21759,tribulations,0.0
21449,toeight,0.0
21754,triangle,0.0
560,700mhz,0.0
559,700mb,0.0
4808,converses,0.0
4807,conversely,0.0
21509,toppings,0.0
21728,treaties,0.0
4442,commentator,0.0
4444,comments,0.0
21520,toriyamas,0.0
4894,corralled,0.0
4910,corruptsheriff,0.0
4454,commodities,0.0
4979,coureur,0.0
5022,cpucontrolled,0.0
21396,ting,0.0
21397,tinge,0.0
21399,tinges,0.0
5016,cower,0.0
21402,tino,0.0
21403,tinos,0.0
5015,cowell,0.0
4991,courtyards,0.0
21411,tipped,0.0
4972,coup,0.0
4921,cosmetic,0.0
4342,colombia,0.0
4356,colorcoats,0.0
21769,trickster,0.0
4959,counting,0.0
84,1024x768,0.0
21427,titleboy,0.0
4950,counteroperative,0.0
4362,coloring,0.0
4932,couchand,0.0
4927,costly,0.0
21527,toronto,0.0
4459,commonwealth,0.0
4119,classescameo,0.0
21662,transactions,0.0
4526,compliantdirectx,0.0
4672,conscript,0.0
4671,consciousness,0.0
4669,conrack,0.0
4668,conquistadors,0.0
21599,toys30,0.0
4661,conqueroryou,0.0
4652,connectivitycompete,0.0
4640,congratulate,0.0
4630,confrontation,0.0
4545,comprisemartial,0.0
4685,considerationwilliam,0.0
4627,conflux,0.0
21614,tracksthe,0.0
4546,comprises,0.0
21620,tradeespionage,0.0
4548,compromised,0.0
4549,compromising,0.0
4606,conducting,0.0
4551,compunctions,0.0
4556,computerbased,0.0
4565,comradesinto,0.0
4505,competitively,0.0
4495,compels,0.0
4462,communicating,0.0
4725,consumers,0.0
4759,contingent,0.0
4758,continentsspanning,0.0
21537,tosses,0.0
4755,continental,0.0
81,101stairborne,0.0
21545,totalover,0.0
4466,communicator,0.0
4741,contentgripping,0.0
21551,totheir,0.0
21553,touchdown,0.0
21560,toughasnails,0.0
21700,trapsare,0.0
21709,travellers,0.0
21570,tourismyou,0.0
4702,consolidate,0.0
21577,tours,0.0
4467,communist,0.0
4470,communitybuilding,0.0
4689,consigliore,0.0
21582,towered,0.0
77,100th,0.0
21703,trashtalking,0.0
4339,collin,0.0
21786,trio,0.0
5024,crabblesnitch,0.0
4174,climber,0.0
86,1034,0.0
21257,thrillogy,0.0
21870,tubbin,0.0
5273,cuneo,0.0
5271,culturesproduct,0.0
5266,cultivates,0.0
5260,culminate,0.0
5254,cuirassier,0.0
5251,cuddle,0.0
5250,cubes,0.0
21271,throughenemy,0.0
5290,curriculum,0.0
21272,throughmilitary,0.0
21273,throughouteach,0.0
21275,throughoutthe,0.0
5243,crystalclear,0.0
21867,tsung,0.0
4181,clipped,0.0
21865,tshirt,0.0
4184,clique,0.0
4185,cliques,0.0
5187,crosses,0.0
5289,currentstring,0.0
21248,threewide,0.0
5034,craftily,0.0
4148,clearprofit,0.0
21896,turbulent,0.0
5386,damaging,0.0
5378,dallas,0.0
4127,classrooms,0.0
5370,daijo,0.0
4145,clearing,0.0
5363,dads,0.0
5355,cyrax,0.0
21207,thorn,0.0
4146,clearingthe,0.0
5312,customizations,0.0
21247,threetime,0.0
4149,cleats,0.0
4150,cleaving,0.0
4154,clerics,0.0
4170,climatic,0.0
5299,curt,0.0
5298,cursors,0.0
21239,threemember,0.0
5297,cursorbased,0.0
21243,threepointer,0.0
21246,threetiered,0.0
5181,crooning,0.0
4207,closeups,0.0
21857,trusting,0.0
5070,crayon,0.0
21354,time18,0.0
5093,createarider,0.0
4302,cola,0.0
4306,coldweather,0.0
5076,crazythe,0.0
21364,timeever,0.0
5073,crazier,0.0
4311,collaborates,0.0
4316,collapses,0.0
4323,collectables,0.0
5067,crawlers,0.0
5178,crook,0.0
21373,timeouts,0.0
21799,triumphant,0.0
21376,timerated,0.0
5056,crashthrough,0.0
5055,crashsometimes,0.0
21381,timesbestselling,0.0
21789,triplemaximum,0.0
5045,crannies,0.0
21384,timeswhip,0.0
21387,timethe,0.0
21351,tilting,0.0
21810,trolleylike,0.0
21348,till,0.0
5096,createateam,0.0
4223,clubhouses,0.0
21848,truer,0.0
21304,thwarting,0.0
5171,critterits,0.0
4227,clued,0.0
21837,truancy,0.0
21836,trozei,0.0
5146,criminality,0.0
21314,tickets,0.0
4237,clutch,0.0
5137,cries,0.0
21324,tiein,0.0
21326,tieup,0.0
4258,coaxed,0.0
21824,tropico,0.0
5128,crept,0.0
540,63,0.0
4268,cocktail,0.0
5113,creatorsor,0.0
21814,tron,0.0
4300,coinsucking,0.0
22140,underwhelming,0.0
3677,cavernous,0.0
6315,doortodoor,0.0
7276,evening,0.0
20148,strategyassault,0.0
20149,strategyfps,0.0
7322,evoke,0.0
3014,brando,0.0
7320,evo,0.0
7319,evilthe,0.0
7316,evildoers,0.0
3016,brash,0.0
7295,everproduct,0.0
22527,valor,0.0
3035,brazini,0.0
20146,strategizing,0.0
3039,breadth,0.0
7266,evacuation,0.0
20180,stresseven,0.0
3044,breakdownuncovering,0.0
20183,stretched,0.0
7259,euphoric,0.0
7256,ethical,0.0
3057,breather,0.0
3060,breathlessliterally,0.0
7247,etcwhich,0.0
2985,bradley,0.0
7343,examine,0.0
7240,esteed,0.0
22562,variants,0.0
2894,booststheir,0.0
2910,boredom,0.0
2914,boringin,0.0
20100,storyfor,0.0
2926,bossthe,0.0
2933,bothhybrid,0.0
470,42gb,0.0
2934,bothin,0.0
20111,stracci,0.0
7368,excitebike,0.0
20114,straddling,0.0
7347,exbank,0.0
7367,excite,0.0
7366,excia,0.0
7363,exchanged,0.0
7361,excessive,0.0
22561,variant,0.0
2942,boulders,0.0
2976,boxratingteenin,0.0
22546,vancouver,0.0
20134,strangetown,0.0
20135,strangetownkeep,0.0
7241,esteemed,0.0
20195,strikesproduct,0.0
6317,doozy,0.0
3181,buckets,0.0
7139,environmentseas,0.0
20257,stunninglyrendered,0.0
22457,userinterface,0.0
3159,brushes,0.0
598,80a,0.0
20260,stuntmen,0.0
3168,bryan,0.0
20264,stupidly,0.0
3177,buckbeaks,0.0
7127,enveloped,0.0
20275,stylefeaturesplay,0.0
20253,stunner,0.0
20276,styleinvest,0.0
20278,styleproduct,0.0
7098,entertainmentwhats,0.0
7094,entertainmentowner,0.0
7093,entertainmentoptions,0.0
3188,buddiesformat,0.0
3193,budgeted,0.0
3202,bugbears,0.0
3203,bugeyed,0.0
3204,buggers,0.0
20255,stunninggraphics,0.0
22460,usetheir,0.0
20202,strips,0.0
3121,broadcastcam,0.0
7221,espa,0.0
3063,bree,0.0
7212,escaton,0.0
3079,brewed,0.0
7206,escalation,0.0
3093,briefly,0.0
7196,ernie,0.0
20217,strongwilled,0.0
3109,brio,0.0
3112,bristowdeadly,0.0
20219,strove,0.0
20245,stuffed,0.0
3126,broady,0.0
22473,uswhat,0.0
7190,erathia,0.0
3145,brow,0.0
20232,strutting,0.0
22465,usingnew,0.0
7168,equalcaliber,0.0
22464,usingeverything,0.0
3148,browse,0.0
7161,episodic,0.0
2888,boonta,0.0
20091,stormy,0.0
7404,exhibits,0.0
7671,fallsanywhere,0.0
2685,blasters,0.0
7696,fanatic,0.0
2687,blasts,0.0
2713,blindfolded,0.0
7691,familys,0.0
22662,verticalaction,0.0
19946,statesinspired,0.0
456,4000,0.0
2717,bling,0.0
19951,statistical,0.0
22654,versatility,0.0
22685,vicariously,0.0
19963,stayahead,0.0
2744,blocksthen,0.0
7663,falco,0.0
7652,fairways,0.0
2747,blonde,0.0
7634,faculty,0.0
7633,factsmore,0.0
2763,bloomington,0.0
22637,venomous,0.0
2766,blotting,0.0
2671,blahget,0.0
453,3x3,0.0
7412,existance,0.0
2654,blacklist,0.0
2642,bitten,0.0
22699,victorian,0.0
22698,victoria,0.0
7804,fayt,0.0
7798,favorplan,0.0
19892,standouts,0.0
7790,fatty,0.0
19898,stans,0.0
7787,fathom,0.0
7776,fatally,0.0
7758,fastbreak,0.0
2670,blah,0.0
7756,fastball,0.0
7755,fastapproaching,0.0
7751,fashions,0.0
19915,starflooded,0.0
22690,viceversa,0.0
19921,starred,0.0
2661,blackwood,0.0
7735,farranging,0.0
2666,bladedweapons,0.0
4574,concentrated,0.0
19985,steaming,0.0
7615,facilitiespopulate,0.0
22631,venetian,0.0
7492,exploreseamlessly,0.0
7544,extralarge,0.0
20033,stillback,0.0
2855,bombshell,0.0
7533,exterminator,0.0
22586,vaultdwellers,0.0
7507,exposing,0.0
7503,exports,0.0
20047,stinky,0.0
22585,vaultdweller,0.0
603,81b,0.0
7486,exploredisplayed,0.0
2769,blowhard,0.0
465,40yard,0.0
7482,explorationbased,0.0
2872,bonusesformat,0.0
7453,expenditures,0.0
7451,expelled,0.0
22578,vastness,0.0
20072,stopper,0.0
20073,stoppers,0.0
7444,expectedstunning,0.0
20076,stopwatch,0.0
22589,vaulttec,0.0
7546,extraordinaire,0.0
20026,stickwitu,0.0
7553,extravaganza,0.0
19989,steele,0.0
7606,facesformat,0.0
7598,facedemon,0.0
2772,blowout,0.0
2775,blowtorch,0.0
7595,facade,0.0
7580,f15,0.0
22614,vehiclestake,0.0
20006,stepfather,0.0
2806,boasted,0.0
20009,steppes,0.0
2814,bobbito,0.0
7573,eyesearing,0.0
7571,eyepoppingly,0.0
2819,bodybending,0.0
2825,boggart,0.0
2833,boingburg,0.0
2836,bolivar,0.0
22597,vegeta,0.0
7559,extremities,0.0
2841,bombard,0.0
3209,builder,0.0
7060,enroth,0.0
3211,buildingoriented,0.0
20610,swiss,0.0
6561,duelling,0.0
20594,swerving,0.0
22283,unprovoked,0.0
22279,unpredictability,0.0
3477,cappy,0.0
6548,ducati,0.0
20602,swimthrough,0.0
22276,unpleasantness,0.0
22271,unorthodox,0.0
6540,dualpistolwielding,0.0
22261,unlocks,0.0
6570,dumbest,0.0
3506,carcer,0.0
3522,cardsand,0.0
6522,drumming,0.0
20615,switchonthefly,0.0
6513,droves,0.0
3526,careerof,0.0
3538,caricatures,0.0
22241,unknownalready,0.0
6502,dropdead,0.0
497,500m,0.0
20591,swells,0.0
6580,dunked,0.0
6647,earl,0.0
20558,swami,0.0
3416,campaignes,0.0
3432,canal,0.0
6644,eait,0.0
6642,eagle,0.0
493,5000,0.0
20548,suspensions,0.0
6635,e102,0.0
3435,candlelit,0.0
6633,dynastyyou,0.0
20557,svga,0.0
3444,cannonballs,0.0
6581,dunkedon,0.0
6613,dx,0.0
3445,cannonmultiplayer,0.0
20562,swanky,0.0
3447,cannotbe,0.0
22289,unravels,0.0
6597,duvall,0.0
20574,swaying,0.0
20580,swede,0.0
6583,dunkor,0.0
6582,dunker,0.0
6492,driveways,0.0
3545,carlton,0.0
6485,driveor,0.0
22166,unerringly,0.0
22195,ungodly,0.0
3610,casket,0.0
6372,doyle,0.0
20684,tacked,0.0
6371,downward,0.0
3635,catalogue,0.0
20690,tacky,0.0
3638,catapultsthat,0.0
22172,unexplainable,0.0
22169,unexciting,0.0
20697,tacticians,0.0
6483,drivehard,0.0
22165,unerring,0.0
6340,doubleteam,0.0
3665,caulfield,0.0
20709,taiko,0.0
578,75ton,0.0
6329,dots,0.0
6321,dorms,0.0
22157,unearthly,0.0
3675,caveins,0.0
6320,dormitories,0.0
3605,casestwo,0.0
6400,dragonthemed,0.0
3601,casanovas,0.0
3600,casanevers,0.0
6481,drivedirectx,0.0
6480,drivebys,0.0
20634,sydney,0.0
3556,carnivorous,0.0
6455,dressed,0.0
22226,unites,0.0
20642,sync,0.0
6442,dreamers,0.0
22225,unitedoffensiveproduct,0.0
6429,drawings,0.0
20653,synopsisembark,0.0
20655,synths,0.0
584,772,0.0
6413,drakengards,0.0
6412,drakengard,0.0
3583,cartel,0.0
6409,draining,0.0
22212,uninteresting,0.0
6407,dragunov,0.0
22207,unimportant,0.0
6404,dragoons,0.0
22312,unseat,0.0
6660,earthling,0.0
7058,enriched,0.0
6903,empirethe,0.0
3295,butchers,0.0
20359,sucker,0.0
3300,buttery,0.0
6932,encom,0.0
6929,encironments,0.0
3316,buzzwords,0.0
20364,sudoku,0.0
6916,emulates,0.0
6915,emulated,0.0
20380,suikoden,0.0
6902,empires2,0.0
22388,upc814582405821,0.0
20391,summerall,0.0
20392,summersaults,0.0
20393,summertime,0.0
6889,emotionally,0.0
3333,caan,0.0
22360,upc023272327750,0.0
6883,eminent,0.0
6878,emergent,0.0
6871,embroiled,0.0
6862,embellishments,0.0
22387,upc805529009899,0.0
22390,upclose,0.0
6662,earthproduct,0.0
482,49ers,0.0
3219,bulgefight,0.0
22422,uptight,0.0
20301,subjectspecific,0.0
7044,enlightened,0.0
7036,enixs,0.0
20313,submissions,0.0
3222,bulldog,0.0
3232,bullies,0.0
3235,bullworth,0.0
7018,englishaccented,0.0
6987,enemyand,0.0
20350,successcreate,0.0
3236,bully,0.0
3237,bummer,0.0
6981,enemiesin,0.0
3245,bundesliga,0.0
6972,endtoend,0.0
3248,bundles,0.0
6971,endso,0.0
3254,buoyancy,0.0
3264,burnedto,0.0
3279,bushes,0.0
6860,embassies,0.0
6859,embarrassment,0.0
6858,embarrass,0.0
3360,cafeterias,0.0
20496,surgery,0.0
6719,economies,0.0
6717,economicfeatures,0.0
22346,unwritten,0.0
6712,eclipse,0.0
3357,caf,0.0
6703,ec,0.0
6700,eax,0.0
6699,eavesdropping,0.0
3359,cafeteria,0.0
3364,caim,0.0
20412,sunset,0.0
3368,cakedecorating,0.0
6685,easytofind,0.0
22331,untilyou,0.0
22329,untapped,0.0
3389,callingin,0.0
6673,easierpoor,0.0
3409,camille,0.0
6667,earthswallowing,0.0
3410,camilles,0.0
20531,surviveproduct,0.0
3353,cadillac,0.0
6731,edie,0.0
490,4x4,0.0
6748,eerilyempty,0.0
22358,upc020626725866,0.0
22356,upc014633152036,0.0
6854,emailing,0.0
6845,elseif,0.0
6843,elsa,0.0
22355,upc013388320066,0.0
20426,supercomputer,0.0
20429,supereasy,0.0
20430,superfast,0.0
6824,elevated,0.0
3339,cabinet,0.0
6803,electoons,0.0
592,800horsepower,0.0
20459,supersoldiers,0.0
6794,elbow,0.0
3344,cabsharing,0.0
6771,egocrushing,0.0
20469,suplexing,0.0
3348,cactus,0.0
6762,efficiently,0.0
6758,effectssystem,0.0
15510,photography,0.0
664,a3d,0.0
17598,reviewing,0.0
13565,morepopulated,0.0
14958,overflows,0.0
17672,riddicks,0.0
17673,riddikulus,0.0
13571,morethanbestselling,0.0
15273,payback,0.0
14168,nightclubs,0.0
15272,payand,0.0
13222,miiand,0.0
16461,psone,0.0
12720,manhood,0.0
13171,micheal,0.0
12722,manhunts,0.0
15614,piranhas,0.0
12726,manic,0.0
15831,plexes,0.0
11754,knuckle,0.0
11746,knowfast,0.0
17109,reeducate,0.0
11036,interestingthis,0.0
11740,knocker,0.0
11736,knives,0.0
16707,raccoonus,0.0
18057,sabers,0.0
11727,knee,0.0
17671,riddick,0.0
11013,intensify,0.0
15834,plob,0.0
11012,intensifies,0.0
14336,norths,0.0
15286,payton,0.0
15285,paysproduct,0.0
17663,richness,0.0
14164,nighinfinite,0.0
347,27807,0.0
15837,plopped,0.0
18084,safehouse,0.0
11003,intelligentlythe,0.0
11762,koins,0.0
13572,morethe,0.0
13165,mia,0.0
11005,intelmacs,0.0
13847,mutating,0.0
15644,pix,0.0
11008,intends,0.0
17667,rico,0.0
11761,koeis,0.0
18076,sadistic,0.0
15835,plobs,0.0
14167,nightclub,0.0
11760,koei,0.0
12718,manhandle,0.0
16506,puerile,0.0
16624,quadbikes,0.0
11725,klonoa,0.0
14323,normalsized,0.0
14181,nightss,0.0
13773,multipliers,0.0
13839,mutable,0.0
11697,kindred,0.0
14321,normalcy,0.0
15820,pleasureseeking,0.0
11684,killingsproduct,0.0
15246,pathway,0.0
17712,rijker,0.0
13559,morecolourful,0.0
18031,rut,0.0
16277,privateyuri,0.0
14193,nineball,0.0
11675,killanythingthatmoves,0.0
14317,nordic,0.0
18029,rustbelt,0.0
17726,ringsthrough,0.0
17730,rinky,0.0
12884,matchmaker,0.0
16630,quakestyle,0.0
13548,mopeds,0.0
15242,pathfinding,0.0
18022,russell,0.0
14980,overseers,0.0
13842,mutantkind,0.0
15264,paul,0.0
12743,manor,0.0
11060,internetbased,0.0
15260,pattern,0.0
15259,patter,0.0
14174,nightmarens,0.0
14963,overheat,0.0
18049,s1,0.0
14177,nightopia,0.0
13418,mobster,0.0
11064,internetto,0.0
14964,overheating,0.0
16699,r6,0.0
184,1878,0.0
14965,overlap,0.0
13420,moby,0.0
13564,moreplayers,0.0
11073,intersections,0.0
16814,rambo,0.0
14328,norrathtm,0.0
11704,kingofthehillstyle,0.0
13768,multiplayermode,0.0
11082,intervene,0.0
14178,nightopian,0.0
13951,nationdeploys,0.0
15640,pittsburgh,0.0
14338,northwestbeautiful,0.0
16293,problemsspecifically,0.0
10875,inhibit,0.0
12943,mayweather,0.0
17587,revenue,0.0
11875,landmaster,0.0
16607,pyramid,0.0
17589,reverence,0.0
16800,rallisport,0.0
11867,landbased,0.0
13591,mortality,0.0
11865,lancia,0.0
15884,pointandfire,0.0
14890,outdo,0.0
18133,sampled,0.0
15881,pogostick,0.0
305,2096,0.0
14365,noting,0.0
15310,peculiar,0.0
16802,rallycross,0.0
17600,reviewsgta,0.0
10902,innocencenew,0.0
17601,reviewsif,0.0
17129,refineries,0.0
15877,pods,0.0
17603,revision,0.0
13940,nascars,0.0
17586,revengeseeking,0.0
14902,outfox,0.0
15893,pointman,0.0
11924,laserguided,0.0
17563,returnedand,0.0
14850,osbourne,0.0
10862,ingrained,0.0
15323,pek,0.0
323,232,0.0
14852,oscarnominated,0.0
13597,mos,0.0
17906,rot,0.0
14855,osmosis,0.0
15905,polar,0.0
18144,samuraisuch,0.0
14378,novelist,0.0
14867,ottoman,0.0
14868,ottomans,0.0
14869,ottsel,0.0
344,266,0.0
11891,laptops,0.0
14145,nfls,0.0
11887,lao,0.0
11879,landscaping,0.0
12675,mako,0.0
18139,sams,0.0
13388,mistwalker,0.0
16721,racetrack,0.0
11769,konamix,0.0
246,19yearold,0.0
18104,sakaguchi,0.0
13405,mj,0.0
14936,outsideto,0.0
18102,saiyan,0.0
16457,psiblast,0.0
10969,institution,0.0
10973,instruction,0.0
11795,krypt,0.0
12926,maximthe,0.0
18097,sahn,0.0
14943,outvoguing,0.0
13575,morgan,0.0
10980,insults,0.0
16986,rebalanced,0.0
15839,plotbased,0.0
17650,rhythms,0.0
219,1970s,0.0
13573,morethese,0.0
12911,maturity,0.0
13411,mmx,0.0
11784,kournikova,0.0
18089,saffire,0.0
13767,multiplayerformat,0.0
18105,sakaguchis,0.0
361,2its,0.0
10912,innuendo,0.0
13230,mildly,0.0
14903,outfoxing,0.0
18124,salvatore,0.0
10921,inrob,0.0
17605,revisited,0.0
11847,laird,0.0
16803,rallycross27,0.0
14358,notexist,0.0
12934,maxwell,0.0
17126,refine,0.0
14914,outlined,0.0
10934,insidiously,0.0
16804,rallye48,0.0
14925,outrace,0.0
14353,notebook,0.0
10936,insightful,0.0
11828,laces,0.0
11821,labrinths,0.0
16981,reasonthis,0.0
15850,plows,0.0
14155,nicesolution,0.0
11807,kyme,0.0
10953,installmentthe,0.0
13946,nate,0.0
17732,riot,0.0
16468,psych,0.0
11135,invades,0.0
11240,isradically,0.0
14228,no32006,0.0
15042,packfocuses,0.0
17833,rodder,0.0
17834,rodela,0.0
15043,packintended,0.0
12859,massacring,0.0
11246,isthe,0.0
14230,no32775,0.0
15045,packsystem,0.0
15048,pacmania,0.0
13800,murdercase,0.0
11462,joust,0.0
15049,pacmanthemed,0.0
15767,playersmashing,0.0
13816,museumss,0.0
11440,jolson,0.0
11275,ityouve,0.0
14233,no40582,0.0
15151,paramount,0.0
12812,marlon,0.0
15066,pai,0.0
11427,johnny,0.0
11423,jocks,0.0
17955,rpgthe,0.0
253,1ghz,0.0
16667,questvery,0.0
11467,jpop,0.0
17808,robotnik,0.0
11218,isaf,0.0
15037,packagetropico,0.0
11219,isalnd,0.0
12794,mariotype,0.0
13789,mummy,0.0
15777,playfield,0.0
15175,parksand,0.0
357,2dand,0.0
11485,juiced,0.0
11483,jugular,0.0
17066,recreational,0.0
17819,rocketry,0.0
14288,nonexistent,0.0
15039,packattack,0.0
17959,rta,0.0
14286,nondvd,0.0
17826,rockslides,0.0
11473,judge,0.0
13447,modesformat,0.0
15774,playexpansion,0.0
13795,municipal,0.0
12865,masterful,0.0
16247,primates,0.0
12848,mashes,0.0
11516,junkies,0.0
15121,panicked,0.0
11353,jealously,0.0
13458,modifier,0.0
12825,marsupials,0.0
11348,jays,0.0
14266,nofurther,0.0
17922,rounded,0.0
11300,jadame,0.0
11347,jax,0.0
11303,jades,0.0
14259,nobuo,0.0
16482,psychonaut,0.0
17039,recommendedram,0.0
17915,roughandtumble,0.0
14264,nodproduct,0.0
11313,jakcompete,0.0
17903,rosterand,0.0
11315,jakes,0.0
11321,jamming,0.0
15733,playabilitycan,0.0
13956,nationsrise,0.0
17040,recommendedsound,0.0
17041,recommendedvideo,0.0
14263,nodgrind,0.0
15114,panamerican,0.0
16833,randy,0.0
11422,jock,0.0
17890,roombased,0.0
17940,rows,0.0
15719,platformers,0.0
15077,painted,0.0
15756,playerassigned,0.0
13954,nationshas,0.0
14242,no72586,0.0
11409,jingle,0.0
17869,romanceeven,0.0
15084,pairs,0.0
15744,playablecharacter,0.0
11287,jackalheaded,0.0
17050,recordbreaking,0.0
12831,martinez,0.0
14272,noises,0.0
11361,jeepsmotorcycles,0.0
11359,jediplay,0.0
15737,playabilitypitching,0.0
13491,moneycrazed,0.0
15134,paperboy,0.0
11296,jacks,0.0
14268,nohitters,0.0
15127,pantheon,0.0
13807,murray,0.0
13176,micro,0.0
15026,pacattack,0.0
11648,khe,0.0
16686,quips,0.0
15206,partying,0.0
14202,niro,0.0
18007,runethe,0.0
12765,mappingthis,0.0
11627,kerr,0.0
15802,playstationr2,0.0
14994,overusing,0.0
11164,invictoria,0.0
16684,quigons,0.0
15198,partnerbefore,0.0
15192,particularlybrutal,0.0
17755,rites,0.0
11622,kenya,0.0
18001,runandjump,0.0
13200,midlevel,0.0
15006,owl,0.0
15693,planks,0.0
11166,invincibility,0.0
16471,psychedelic,0.0
13538,moodsetting,0.0
16683,quigon,0.0
12766,mappingwater,0.0
17996,rumpshaking,0.0
11629,kessens,0.0
14991,overtures,0.0
11611,kellerman,0.0
17751,risinga,0.0
17090,redhaired,0.0
11647,kharkovwhether,0.0
11638,keypad,0.0
15816,pleases,0.0
266,2000xpvistaprocessor,0.0
13172,michel,0.0
15218,passingcatching,0.0
11637,keylime,0.0
14308,nonstandard,0.0
17743,rippling,0.0
15815,pleaser,0.0
12881,matchesfeatures4,0.0
208,194555,0.0
13428,modeler,0.0
15680,planeswalker,0.0
15812,pleasant,0.0
11634,keyboardmultiplayer,0.0
358,2features,0.0
15809,playto,0.0
15807,playthroughs,0.0
13838,mustsee,0.0
11155,investigates,0.0
15211,passages,0.0
17760,rivall,0.0
13778,multistory,0.0
11521,jurgen,0.0
13825,musketeer,0.0
13526,montezuma,0.0
11185,inwar,0.0
17074,recurring,0.0
13783,multithreaded,0.0
207,19451955,0.0
17979,rug,0.0
224,1982,0.0
11191,iowaor,0.0
11193,ipx,0.0
11568,karsh,0.0
11196,iridion,0.0
11204,iroquois,0.0
11556,kano,0.0
12790,marionette,0.0
11548,kamikaze,0.0
11205,irreparably,0.0
11540,kahn,0.0
13953,nationseach,0.0
11526,justiceon,0.0
11213,irritations,0.0
17801,roberto,0.0
15702,plantations,0.0
267,2000xpvistapublisherubi,0.0
14221,no15203,0.0
15784,playjoin,0.0
16472,psychelock,0.0
14212,no00989,0.0
15792,playremended,0.0
14210,nitrousinjected,0.0
15012,ownersand,0.0
16262,principals,0.0
17766,riverbedsinstead,0.0
16214,pretender,0.0
15016,ownway,0.0
15020,ozzy,0.0
17990,rum,0.0
15786,playmakers,0.0
13536,moodkilling,0.0
12775,marauders,0.0
15184,partially,0.0
12776,marauding,0.0
17988,rulewheel,0.0
12779,marching,0.0
13434,modenew,0.0
12786,margins,0.0
16473,psychelockuse,0.0
17075,recycling,0.0
13827,muslim,0.0
11592,kayak,0.0
11584,katarsthe,0.0
14847,orton,0.0
17567,reunion,0.0
14843,orphaned,0.0
13037,melded,0.0
18316,scissorwielding,0.0
12290,litanks,0.0
18314,scissor,0.0
13987,nbainside,0.0
13033,meiji,0.0
12282,lishooting,0.0
12278,lipsyncing,0.0
17357,replaces,0.0
12273,liother,0.0
16767,ragnar,0.0
14678,oneoffpickup,0.0
12249,linegod,0.0
10557,immersing,0.0
12526,lunatics,0.0
15438,persuade,0.0
17231,relaxation,0.0
16125,predecessorincluding,0.0
12237,limousine,0.0
13294,miniadventure,0.0
12226,limbless,0.0
12222,lili,0.0
13030,megavillains,0.0
10577,impeccable,0.0
10547,immaculate,0.0
13108,meritsconceptwatch,0.0
14631,olmecs,0.0
10540,imaging,0.0
18332,scorers,0.0
17334,renovation,0.0
15464,peyj,0.0
17339,repackages,0.0
13290,ming,0.0
13291,mingle,0.0
15456,petrenko,0.0
14645,onas,0.0
12521,lumines,0.0
10517,illusia,0.0
10520,illustrate,0.0
10522,illustration,0.0
14663,onecompelling,0.0
14664,onedimensional,0.0
15540,picnic,0.0
16357,projectileranged,0.0
15443,pest,0.0
18323,scopeand,0.0
13696,mp3s,0.0
17348,repelling,0.0
12523,lunatea,0.0
12524,lunateas,0.0
14666,onefooted,0.0
10582,imperative,0.0
13894,nacho,0.0
16549,pupils,0.0
10590,implants,0.0
15430,personalizing,0.0
12182,lifted,0.0
13637,motorstorm,0.0
16544,punt,0.0
16756,raft,0.0
12180,lifind,0.0
164,16game,0.0
16755,radius,0.0
15992,portuguese,0.0
12171,lifeproduct,0.0
14716,onrails,0.0
16175,preppies,0.0
12542,lustrous,0.0
14489,obsidian,0.0
13924,nappa,0.0
10635,imps,0.0
18263,scenariodriven,0.0
17411,requiredplayers,0.0
17417,requirementssupported,0.0
12165,lifegiving,0.0
14730,oomph,0.0
12164,lifeforce,0.0
14741,openocean,0.0
10623,improbably,0.0
12197,lightner,0.0
10617,impressiveexcellent,0.0
17391,reproduce,0.0
16548,pupil,0.0
18296,schoolproduct,0.0
18295,schoolplete,0.0
17229,relaunch,0.0
18293,schoolboy,0.0
13642,moundvisiting,0.0
13701,mscd04328wi,0.0
18291,scholarly,0.0
14690,oneto,0.0
14691,onetofourplayer,0.0
13891,nab,0.0
13639,motson,0.0
17393,reproducing,0.0
14692,onetouch,0.0
16757,rafts,0.0
15434,persontotal,0.0
18284,schilling,0.0
14496,obstructive,0.0
16001,positionof,0.0
14693,onetwos,0.0
10608,imposing,0.0
12207,lightsaberslash,0.0
161,166,0.0
12315,lizardmen,0.0
12552,lylat,0.0
14562,offerhot,0.0
10380,hunky,0.0
14575,officiallylicensed,0.0
13994,near3d,0.0
10381,huns,0.0
12432,lordsgame,0.0
17287,rememberonce,0.0
12458,loveable,0.0
12464,lovin,0.0
13072,mens,0.0
16779,raien,0.0
16083,ppk,0.0
14000,nearlydestroyed,0.0
16380,pronunciation,0.0
14002,nearperfect,0.0
10392,hurley,0.0
12418,looping,0.0
14588,offworld,0.0
13677,movethrough,0.0
14003,nearphotorealistic,0.0
160,162game,0.0
10403,hussar,0.0
10408,hyda,0.0
10412,hyenas,0.0
12435,lori,0.0
13089,mercenarieseverybody,0.0
12320,lleyton,0.0
282,2005s,0.0
18400,sd,0.0
16106,precaution,0.0
13686,moviesproduct,0.0
16104,precarious,0.0
12447,loud,0.0
14543,of1943,0.0
376,2number,0.0
15507,photographing,0.0
16101,preassessment,0.0
15504,photograph,0.0
16884,rattles,0.0
16107,preceded,0.0
14545,ofage,0.0
10366,humid,0.0
10367,humidity,0.0
14546,ofan,0.0
16555,purcell,0.0
12448,louder,0.0
14547,ofboth,0.0
14553,ofempires,0.0
14542,odysseus,0.0
14559,offensively,0.0
10373,hun,0.0
16078,powerstone,0.0
14591,oflearning,0.0
14594,ofnew,0.0
12413,loom,0.0
14529,ocu,0.0
13041,mellow,0.0
12381,loki,0.0
13266,milwaukee,0.0
10471,idyllic,0.0
16050,pow,0.0
16365,prominence,0.0
16117,precreated,0.0
15482,phenom,0.0
15472,phantarion,0.0
12376,logitech,0.0
17251,relieve,0.0
10482,ignored,0.0
12365,lode,0.0
12348,loch,0.0
10486,iibecome,0.0
16049,poverty,0.0
16118,precredits,0.0
12497,lucasartss,0.0
15531,piccolo,0.0
308,20second,0.0
13263,mills,0.0
12322,lnf,0.0
18348,scouring,0.0
17312,renaissance,0.0
16055,powerblah,0.0
17301,remorse,0.0
13917,nanotechnology,0.0
16900,rayman,0.0
13675,movesplay,0.0
15498,phobia,0.0
16901,raymans,0.0
15495,philosophies,0.0
10436,iceberg,0.0
10439,icecap,0.0
16064,powerfuldon,0.0
13911,nang,0.0
12394,longeared,0.0
13673,movesfrom,0.0
14017,necklace,0.0
17262,relivethe,0.0
12468,lowbudget,0.0
13674,movesmany,0.0
10462,identities,0.0
17306,removal,0.0
12386,londons,0.0
12469,lowdamage,0.0
14606,oftheir,0.0
16781,railbased,0.0
17424,requirments,0.0
17223,relation,0.0
16663,questionssocialize,0.0
15580,pills,0.0
14433,nutt,0.0
12069,lending,0.0
12058,leingod,0.0
14790,optionto,0.0
18159,sanders,0.0
10743,indys,0.0
16595,puzo,0.0
12597,macrauchenia,0.0
16305,proclivity,0.0
12040,legal,0.0
14830,originality,0.0
16737,radarand,0.0
14799,orc,0.0
10767,infighting,0.0
12036,leftoff,0.0
14800,orca,0.0
10833,informationsomething,0.0
14093,netthe,0.0
15380,performs,0.0
15378,performer,0.0
10829,informationrun,0.0
16859,rapture,0.0
14787,optionproduct,0.0
15606,pioneers,0.0
13353,misinformed,0.0
12952,mcdonough,0.0
17483,respectively,0.0
15392,perish,0.0
13352,misguided,0.0
17184,regurgitator,0.0
13742,multicolored,0.0
13743,multidirectional,0.0
17552,retrieved,0.0
14388,nowstandard,0.0
16148,pregenerated,0.0
15576,pillaging,0.0
13745,multievent,0.0
13755,multimoveset,0.0
15572,pileups,0.0
258,1stperson,0.0
325,23rd,0.0
14083,ness,0.0
10844,informative,0.0
12077,lennon,0.0
10645,inand,0.0
17510,restrictions,0.0
13133,meteors,0.0
14823,organize,0.0
14805,orchestrating,0.0
11988,layups,0.0
16734,racoonus,0.0
12964,me109s,0.0
17535,retains,0.0
18178,sardonic,0.0
10799,informationcrime,0.0
10800,informationdark,0.0
16169,prepareshim,0.0
12636,magnitude,0.0
15358,peppy,0.0
12959,mcnamaraissue,0.0
14126,newlevel,0.0
17536,retaken,0.0
18174,sap,0.0
17544,retirementtropico,0.0
10804,informationdominate,0.0
10805,informationelite,0.0
12961,mcpherson,0.0
14139,nextand,0.0
16162,preorder,0.0
15596,pinned,0.0
14405,nui,0.0
15373,perforating,0.0
16600,puzzlers,0.0
12005,leaguers,0.0
10825,informationoriginal,0.0
14827,oriented,0.0
16448,proximity,0.0
12981,meantimerated,0.0
18186,sat,0.0
14094,netting,0.0
13249,milk,0.0
17521,resume,0.0
18182,sark,0.0
255,1online,0.0
16524,pummel,0.0
14106,nevadas,0.0
16951,realityrune,0.0
13604,mostwanted,0.0
14410,numberbased,0.0
15935,pong,0.0
10823,informationon,0.0
10821,informationmercenaries,0.0
14109,neverbeforeseenoutofthearcade,0.0
10818,informationjoin,0.0
17481,respectful,0.0
10716,indigo,0.0
12949,mc,0.0
12121,leverage,0.0
18247,scares,0.0
13715,muck,0.0
17206,reintroduce,0.0
13338,mipmapping,0.0
10856,ing,0.0
14050,negro,0.0
12135,liberates,0.0
14477,obscure,0.0
13934,narrowly,0.0
18239,scans,0.0
12132,liars,0.0
14057,neighing,0.0
10854,infuse,0.0
15972,portability,0.0
11929,lassoing,0.0
14842,orphan,0.0
211,1947,0.0
12572,m5900073,0.0
10671,includespecial,0.0
10678,incommon,0.0
12122,leverages,0.0
13329,minotaur,0.0
10664,inclined,0.0
12140,libertycity,0.0
13320,miniseries,0.0
13882,mythos,0.0
10647,inanimate,0.0
13926,nariko,0.0
15418,personable,0.0
13019,meetcustomize,0.0
16174,preppie,0.0
17212,reinvents,0.0
16751,radioman,0.0
10648,inapplicable,0.0
15410,persianmahouts,0.0
15333,pending,0.0
12143,libraries,0.0
12554,lynette,0.0
13323,mino,0.0
10655,incarcerated,0.0
15555,piecedtogether,0.0
12559,lyte,0.0
10663,incline,0.0
15407,persevering,0.0
12141,libilliards,0.0
14077,nerveshunt,0.0
12635,magnifying,0.0
17557,retrofitted,0.0
12587,machineadd,0.0
12656,maintenance,0.0
14773,oppressed,0.0
13348,miserable,0.0
11944,latin,0.0
12099,lethally,0.0
10850,infrastructuresand,0.0
17188,rehearsal,0.0
14072,nerve,0.0
15401,perpetrators,0.0
16593,putsthe,0.0
12594,mackay,0.0
10706,indescribably,0.0
14439,ny,0.0
10709,indian,0.0
10849,infrastructures,0.0
13600,mosque,0.0
15963,populating,0.0
12089,lessdeveloped,0.0
14778,optic,0.0
14076,nerves,0.0
14782,optimize,0.0
13339,miraculous,0.0
12111,levelfeatures,0.0
13000,medallion,0.0
13341,mired,0.0
13129,metaltwisting,0.0
12119,levelsranging,0.0
16135,prediction,0.0
14059,nelw,0.0
10688,incorrect,0.0
14455,objection,0.0
17456,residency,0.0
17194,reignsupreme,0.0
18220,sayings,0.0
16346,progressed,0.0
13938,nasal,0.0
16446,provocopyright,0.0
14068,nerd,0.0
12951,mccloud,0.0
14069,nerds,0.0
23434,wonders,-3.802783422869881e-05
17984,rule,-0.00010292322151605657
749,accessible,-0.0001472114761929415
10942,inspiration,-0.00027108595221006607
15266,pause,-0.0002842876110890676
13364,missiles,-0.0002864575615207052
9284,grappling,-0.00029280149597516147
18979,simplicity,-0.0003818518249188936
7340,exaggerated,-0.00039019533876478334
2428,begin,-0.0004015240386385481
12888,matchups,-0.00044052217392289155
23452,word,-0.00046086660711040664
3967,chipsets,-0.00047842161191925564
19098,skills,-0.0006235332285746248
22985,warriors,-0.0006685983415974143
23579,wwe,-0.0007300806663702614
3027,brawl,-0.0007389312378020322
5892,developing,-0.000755961918406369
21028,textured,-0.0007806815774903706
17381,reports,-0.0008259791130398878
13822,musicians,-0.0008413994806429461
15436,perspective,-0.0008911121855736373
6269,dollar,-0.000898528948889689
4162,clicking,-0.0009100050812238722
19993,steer,-0.0009371790151668036
5893,development,-0.0009949275492299253
5323,cute,-0.0011404049971482971
17344,repeated,-0.0011931134061494864
5371,daily,-0.0011932637628865891
15374,perform,-0.0011951297741059
7999,financial,-0.001328714375547206
15976,portal,-0.0013316038440501056
3456,canyons,-0.0013845518200890574
21477,tomorrow,-0.0013876004239109876
14502,occasional,-0.0014366236759091548
3568,carriers,-0.0014625499688395809
17917,roughly,-0.0014646466110260859
10598,implies,-0.0015096981925582468
18194,satisfied,-0.0016061010822084332
18953,silent,-0.0016572660507884604
12467,low,-0.0017143984963366935
6734,editing,-0.0017199464107696418
276,20042nd,-0.0017225105065712969
9047,glass,-0.0017425081853111853
8260,followup,-0.001790494911615144
20705,tagteam,-0.0018286490958757977
2215,bank,-0.0019207744915775648
18603,session,-0.0019298087899679794
18367,scream,-0.001981036447303743
6506,dropped,-0.0020067822047604585
12257,lineup,-0.0020417354837709276
1622,arc,-0.0021273766538581857
18799,shooter,-0.0022342034808424936
2675,bland,-0.002243437664644065
19312,snap,-0.002463210680630878
3736,centuries,-0.0024997461480937722
5071,craze,-0.002746161676578365
19230,slouch,-0.0028779941990721633
16585,pushed,-0.0028942545912683483
16526,pump,-0.0029230017929627876
18570,sequences,-0.0031224009921905446
17765,river,-0.0031449729555838054
22014,uboat,-0.0031744758746663063
20477,supporting,-0.003219984268842384
4518,completed,-0.0032732944474805
11094,intimidate,-0.003453604641957236
2007,automatically,-0.0035281455793229983
17632,rewards,-0.003547133900878712
19486,sorts,-0.0035776485145120446
21350,tilted,-0.0037496889171795486
10424,hyperrealistic,-0.0038214645686791334
16935,ready,-0.003831199201303713
6050,disappoint,-0.003926061297015978
5119,credit,-0.003949755092153312
18607,sets,-0.003983776254224427
11024,interaction,-0.004030066048079983
8187,floor,-0.0040587339788652425
69,100,-0.004124769143081605
9077,glorious,-0.004140997481279203
21925,tutorials,-0.004348126330241204
4879,corners,-0.004361731335191519
19731,sponsors,-0.0044796835848619635
22176,unfamiliar,-0.004581212947343503
5005,covert,-0.004590200152387095
2324,battlefields,-0.004623395957970018
17592,reversals,-0.004678418996461989
10907,innovation,-0.004706165752748022
20739,talented,-0.004764924881960832
1824,assigned,-0.004923385957498265
12624,magically,-0.005085900371347145
6652,earned,-0.0051833631271203835
20944,tend,-0.005201154535779043
4646,connect,-0.005300317412371487
23630,xpvista,-0.0055319557980668165
18380,scripted,-0.005615447097459869
13421,mod,-0.005699830178925027
9670,hardcore,-0.005715711787591452
19952,statistics,-0.0058297683055361735
2281,basics,-0.005870658812845951
20096,storybooks,-0.005988597923037493
10599,import,-0.006026462917582109
18423,searching,-0.006110750263870442
2062,away,-0.006110833106112462
23270,widescreen,-0.006159815906422902
23081,weapons,-0.006278882432054949
6055,disappointment,-0.0064307764726521804
18673,shame,-0.006471040067560185
23164,wellknown,-0.0064884093140765604
3009,brand,-0.006521290708130289
12437,lose,-0.006679587463877532
15661,placing,-0.006832858853553121
22112,undercover,-0.006952026344570026
8259,follows,-0.007286993203191959
18719,shell,-0.007320376217706063
6806,electrifying,-0.007323917447698442
21445,todd,-0.007327772880072466
3172,bub,-0.007345778710349004
20385,suited,-0.007347568809152222
7556,extremely,-0.007376194589989041
20890,technologies,-0.007383934861237855
11231,islands,-0.007401285882170351
7477,explodes,-0.007424282765514399
23136,weird,-0.007444107508959984
5318,cut,-0.007464946724947762
17225,relationship,-0.0075034679772960754
20401,summons,-0.0075266796097601205
4575,concentrates,-0.007531095320383222
11158,investigative,-0.007600447704444784
21416,tired,-0.007642176116755022
22890,wait,-0.0076917485851963
7572,eyes,-0.007705173509170806
240,1998,-0.0077609787409063215
4902,corridors,-0.00789601900682119
9123,gods,-0.00791343289992985
12407,longtime,-0.008088619146210571
16882,ratio,-0.008302533007998101
897,addition,-0.008382964672634042
12662,majority,-0.008384167444946763
21698,trappings,-0.008430094027584082
8368,fortunately,-0.008437954245983047
6925,enchanted,-0.008561073998921798
9053,glide,-0.008768225685097624
7325,evolution,-0.00877967821667016
3865,charter,-0.008929275970388251
16797,raising,-0.00893124597195954
12760,map,-0.009052634650155005
12302,lived,-0.009058842148523085
1203,allegiance,-0.009140080902426915
557,700,-0.00918160619726606
4734,containing,-0.009300190570245462
6029,directions,-0.009326233781126052
796,achieve,-0.00949301527582784
2138,backward,-0.00951978272589498
1166,albion,-0.009593752472461756
7234,established,-0.009651015902379814
10180,homer,-0.009741176862662237
5112,creators,-0.009851189725048502
19654,spells,-0.009857155379462837
15828,plethora,-0.00989284159370031
18989,simulate,-0.009902281434858863
20298,subject,-0.01001788444207366
7284,everchanging,-0.010056028735468578
19041,sit,-0.010162149158637085
17199,reinerissue,-0.01018157876477023
3636,catapult,-0.010239021163835958
20605,swinging,-0.010285019587545186
16647,quarters,-0.010339419022815058
3881,chatter,-0.010468478444284349
4869,core,-0.010556072724317791
8035,fired,-0.010689000117398331
8378,foster,-0.010703130189493525
8223,flyers,-0.010746445699180983
17866,rolls,-0.010900103745272326
2839,bolts,-0.010938156660401977
9884,helicopter,-0.011083608766037386
17228,relatively,-0.011097287211521605
19512,soundthe,-0.011146027236356337
13021,meets,-0.011210440092807274
16171,preparing,-0.011224513419545029
13400,mixture,-0.011315954944284227
16835,ranged,-0.011343713551912162
12754,manufactured,-0.011400006555108073
10184,hometown,-0.011416048787343463
16007,possess,-0.011545227170619012
21690,transportation,-0.01162179678679741
12439,losing,-0.011673464897641523
340,256,-0.011756137286974711
4888,corporations,-0.01184826926962445
17068,recruit,-0.011961946660151273
16438,provided,-0.012066794263168455
5635,defensive,-0.0120818686483773
20441,superior,-0.012148350392016519
18948,signs,-0.012182309917180228
6601,dvdrom,-0.012346830470828291
7273,eve,-0.012427422454339919
2139,backyard,-0.012539333494475632
11127,intuitive,-0.01267175432957184
5990,dimension,-0.012702472164443507
4147,clearly,-0.012730021368871743
12485,loyal,-0.01274242901619622
4832,cooler,-0.012760802712062423
8439,franciscos,-0.012768662749517514
2762,bloody,-0.01282399479054253
16860,rare,-0.01288627063826533
865,activities,-0.012936896854067794
16836,ranger,-0.01306118081273355
12593,macintosh,-0.013112623621209135
18737,shes,-0.013134477899197557
12870,masterpiece,-0.013247284114686732
12215,likely,-0.013284984662463589
13382,mistakes,-0.013289518383587528
12558,lyrics,-0.013330214499478523
20479,supposed,-0.013340556126758272
4297,coinop,-0.01341594498360955
13835,musthave,-0.013550100729074152
22938,war,-0.013623733300811073
9908,helpless,-0.013688813183070851
15554,piece,-0.013691200289197533
20254,stunning,-0.013695811863572863
9954,hesitate,-0.013721213444047822
20882,techno,-0.013722441428278465
3414,camp,-0.013760873077553387
6554,dude,-0.013798974161959614
21618,trade,-0.013809919815699907
20375,suggestions,-0.013836558646129166
20925,tell,-0.013911433560396877
19185,slew,-0.013975526635289084
12530,lure,-0.013983401443456866
1212,alliances,-0.014061851585668566
23184,western,-0.01414243848283011
21583,towering,-0.014162336105199583
4992,cousin,-0.014246297201877796
12938,mayhem,-0.014351404301891888
17448,reserved,-0.014483694857117676
18805,shootout,-0.014596293804727335
13542,moonlight,-0.014646220492832223
6627,dynamics,-0.014661960695991053
7326,evolutionary,-0.014771887685039427
3966,chipset,-0.014810783971107366
23103,weaves,-0.014840303151256468
15948,poorly,-0.014941714286329013
18704,shavings,-0.015025246817009697
18825,shortly,-0.015115928161466521
765,accompanied,-0.015139382675779684
11446,jordan,-0.015148020419096752
1611,aquatic,-0.015151499630636691
19365,soaring,-0.015217311980487407
20901,tedious,-0.015362858581633526
10871,inherent,-0.015403461820341266
16868,rat,-0.015403677232702464
19295,smooth,-0.015406743766100637
17758,rival,-0.015459355837333972
17425,requisite,-0.015529552755740677
3812,chaotic,-0.01555863834086485
14960,overhaul,-0.015690079013715278
15749,playbyplay,-0.015699191628326722
23188,weve,-0.015760379285522347
637,950,-0.015786362165129724
12234,limiting,-0.015790335630660107
1076,aggressively,-0.015813198920088152
13193,middleearth,-0.01582768889778052
10693,increasing,-0.01585698710760298
15191,particularly,-0.015976333338318455
19048,situation,-0.015987330842126606
1633,arcadestyle,-0.016127618886540636
1288,amazing,-0.016254572313858944
22224,united,-0.016322316988433096
12079,lens,-0.016460005141011015
1751,artillery,-0.01646812174067868
17719,ring,-0.016531000100418365
20791,targeting,-0.016555609682591545
754,accessory,-0.016568016292079144
573,7300,-0.01668115050256341
12087,leopard,-0.01668115050256341
19016,singlecelled,-0.01668115050256341
5116,creaturesincluding,-0.01668115050256341
635,945gm,-0.01668115050256341
3703,celebrities,-0.01668115050256341
18556,sentient,-0.01668115050256341
14426,nurture,-0.01668115050256341
23750,youthe,-0.01668115050256341
89,1053,-0.01668115050256341
23597,x3100,-0.01668115050256341
15023,p4,-0.01668115050256341
15292,pcmac,-0.01668115050256341
16811,ram768,-0.01668115050256341
9114,goblins,-0.0166817170084535
15340,peninsula,-0.016789233068603464
18430,season,-0.01682022254881718
5595,dedicate,-0.01682130782323041
5105,creations,-0.016860402316253936
5588,decorations,-0.016953423302439492
17467,resolutions,-0.017160469097371806
22882,wage,-0.017210483009801592
8099,flagship,-0.017308141819688958
7391,exercise,-0.017324877106214928
22138,underwater,-0.017332165415362366
23436,wong,-0.017374291350112012
19944,stateoftheart,-0.017477754910335028
6989,enemys,-0.017519453701464963
6056,disarm,-0.01757901602940552
16274,prisons,-0.01761063414555986
9495,gunplay,-0.017844789217355415
4307,cole,-0.01788326994429675
17352,repetitive,-0.01792736399781788
22835,volcanic,-0.018077724457104094
22745,villain,-0.018106183813286793
20261,stunts,-0.018177099060338736
11009,intense,-0.018193673485786748
11238,isolated,-0.018228191397026996
19330,sniping,-0.018264600692804576
12617,magazine,-0.018322227169615932
17495,rest,-0.018419249489263736
9548,hairpin,-0.018563828633278174
16076,powerslides,-0.018563828633278174
15818,pleasurable,-0.0185854664867955
21451,toes,-0.018665309327448493
2725,blitz,-0.018699291804788187
1573,appears,-0.018818805176555174
18268,scenery,-0.018914825884081225
104,11,-0.018934223546626088
7642,fails,-0.018936425083152093
3996,choreography,-0.018976391882892324
9343,grid,-0.018984527685425186
7630,factorys,-0.018995774973538274
2251,barrel,-0.018999316869910306
21670,transformation,-0.019108986998818953
19635,speed,-0.0191172907363561
22161,uneasy,-0.01928181436657533
23527,wow,-0.01931924019435286
7078,entered,-0.01933468264408206
23710,youd,-0.01946000424013874
4794,controls,-0.019510940756863028
17490,responsibilities,-0.019540376132063723
11152,invest,-0.019604214360272567
22817,vocabulary,-0.019641157119884373
21681,translates,-0.019724555677246052
13058,memorable,-0.019732508047518735
8864,geared,-0.019830302900339186
5820,desperate,-0.019858213671796802
20689,tackling,-0.019940515138292744
8432,franchise,-0.01998874318707114
21932,tvstyle,-0.020104713205155056
17384,representation,-0.020155643041022853
18853,showdown,-0.020173905548174262
20342,subway,-0.0201890911172583
6528,ds,-0.02022591794569508
801,achieving,-0.020256807962504536
14127,newly,-0.020317543378377233
18596,server,-0.020320176147843084
22565,varied,-0.02040987403931229
6258,dogg,-0.02060409067126045
23319,wind,-0.020625200319277726
22725,viewpoints,-0.020651353443067715
5853,detailing,-0.02067894846988276
7085,entertaining,-0.020681936513498714
22519,valid,-0.0206846298198542
7447,expects,-0.02073584441882683
11833,lacking,-0.02076517529692776
21325,ties,-0.020869952181720546
1060,agendas,-0.02089751581675671
6418,dramatically,-0.020899023422004632
13293,mini,-0.020920367508677425
17108,redundant,-0.021001202647369942
4055,cirrus,-0.02104622763844674
8888,generally,-0.02108857243020195
12220,liking,-0.021207367017950535
9932,heritage,-0.02121694344061398
9796,headset,-0.021336671386744575
23095,wearing,-0.02146230844405968
17191,reign,-0.02153653167958035
22925,wandering,-0.021568672077068272
20028,stiff,-0.021580566829280647
8274,footage,-0.02170068101976437
22192,unfortunate,-0.02171497060324017
12166,lifeless,-0.02173094468174478
8678,gadgets,-0.021780058412520915
12071,length,-0.02178432414382113
4141,clear,-0.02180201344901109
3088,bridges,-0.02186202448537904
18156,sandbox,-0.0218767885251612
23067,wealth,-0.021921939476046332
6355,downhill,-0.021936364015068786
23832,zooming,-0.022041257601480898
19111,skips,-0.022168579018370823
11433,joining,-0.022221654681191243
23028,waters,-0.022279085806419446
7373,exciting,-0.022292497762453078
4266,cockpit,-0.022303499101026095
11455,journalist,-0.02231122203136502
15250,patient,-0.022394281450574576
9328,green,-0.022423832063864037
8575,fueling,-0.022555315563480758
4544,comprised,-0.022675994345497243
847,actionrpg,-0.022703692590587212
18981,simplistic,-0.02284708512147942
13444,modes,-0.02286892976547122
4680,consider,-0.02288836074126187
5212,crucial,-0.022909936201529122
5099,created,-0.02297263777475925
8162,flies,-0.02297760207217893
10448,icing,-0.02297760207217893
19536,sp2,-0.02299140691038444
17203,reinforcements,-0.02299216618233034
17374,replicated,-0.022995413943711556
9046,glaring,-0.022997431214209812
20507,surprisingly,-0.023101327139001232
14532,odd,-0.023120284198884008
17820,rockets,-0.023136376118066272
6402,dragoon,-0.023214828221715892
6808,electronic,-0.023280885796026538
14614,oil,-0.023290354207132692
9499,guns,-0.023295631623891786
21950,twist,-0.02331836690581963
17101,redone,-0.023334012816655845
20093,storybased,-0.02336329412543011
10641,inaccurate,-0.02341070960623052
7515,expressions,-0.023440760999023633
11805,kyle,-0.023511116429726458
6108,disjointed,-0.023617811268411726
18695,sharks,-0.023696463473936835
14835,orion,-0.02371309322115508
7860,feeding,-0.023844658966819917
1882,athlon,-0.02388732867404776
703,abruptly,-0.023940385006891402
22566,varies,-0.023940385006891402
16575,pursue,-0.023966953510477704
10962,instead,-0.02404347772064703
14581,offseason,-0.02414002148062286
17239,releasing,-0.02445773025141665
13683,moviemaking,-0.024547390585053716
9823,heartpounding,-0.02455221947378196
6339,doubles,-0.024642645711860974
17139,reflexes,-0.024741756564900172
12668,makers,-0.024759652363412644
20413,sunsets,-0.02485856302060675
14033,needless,-0.0249006789986561
13366,mission,-0.02499550780712862
21604,traces,-0.025008888392407426
8136,flawed,-0.025054959033932095
16514,pulled,-0.02512184268980546
5628,defenders,-0.02516370404966958
13494,monica,-0.02517933160350538
21930,tvperfect,-0.02529735310645262
6812,elegantly,-0.02529735310645262
14149,nhlpa,-0.02529735310645262
9019,girth,-0.02529735310645262
4900,corresponding,-0.02529735310645262
17386,representative,-0.02529735310645262
12240,lindros,-0.02529735310645262
16975,rears,-0.02529735310645262
5865,deterioration,-0.02529735310645262
18623,setups,-0.02529735310645262
14584,offsides,-0.02529735310645262
13256,milling,-0.02529735310645262
4498,competent,-0.02529735310645262
19299,smoothskinned,-0.02529735310645262
17007,recchi,-0.02529735310645262
19996,steers,-0.02529735310645262
2683,blasted,-0.02529735310645262
7000,enforcers,-0.02529735310645262
17729,rink,-0.02529735310645262
7423,exnhl,-0.02529735310645262
13992,neale,-0.02529735310645262
20457,supersmooth,-0.02529735310645262
7038,enjoyable,-0.025384283471166204
17283,remember,-0.02540695080398913
16012,possibilities,-0.02541692134939152
22181,unfinished,-0.025659708431596723
19895,standup,-0.025675197616855223
7649,fairly,-0.02569397135647875
7677,famed,-0.025727971254094296
13020,meeting,-0.025728073723895975
3415,campaign,-0.02578030137234389
23422,women,-0.02581195290849476
7310,evidence,-0.025873381016017605
15754,playenhanced,-0.02597272161594839
7897,ferocious,-0.026131371427567936
7442,expectations,-0.02619419124709388
22773,virtually,-0.026254557061380846
17173,register,-0.02640398211577766
21442,today,-0.026554722602180586
21672,transformed,-0.026620715720919726
23425,won,-0.026622574560687493
21218,thousand,-0.02665772775277731
6265,dolby,-0.026679480981167812
8251,folks,-0.02679282976574612
11823,labyrinth,-0.02693138076756443
23458,worked,-0.02711232327613552
7643,failure,-0.027267596183708016
22972,warner,-0.02740483794798375
21535,toss,-0.027606461186311698
18604,sessions,-0.02773894241151689
12496,lucasarts,-0.027748044862867853
9785,heading,-0.027807838118161475
5385,damaged,-0.027808131687535154
20128,stranded,-0.02793673627056579
10935,insight,-0.027951195002117044
5226,crusade,-0.02804395230714556
3762,chains,-0.028217998243973346
17609,revolt,-0.028243501046177732
17792,robb,-0.02826303408077184
9462,guido,-0.02826303408077184
18890,siamese,-0.028330481972060232
10144,hold,-0.028333164593462377
17048,reconstructed,-0.028350460773763124
16516,pulling,-0.02842679254392487
13692,mowing,-0.028428854056598785
4388,combine,-0.028439245716871706
14769,opposite,-0.02859598428550548
19186,slice,-0.02860203954097134
18310,scifi,-0.028625091995424422
1270,altogether,-0.028638327155576564
15892,pointing,-0.028657988173624655
22150,undoubtedly,-0.02865832733329672
6894,emphasis,-0.02870571433660163
11034,interesting,-0.02879149810221982
14528,octopus,-0.028894596931330816
1667,arenas,-0.028973199397568688
23515,worth,-0.028991236194199226
11600,keen,-0.029063122747591014
14685,ones,-0.029157180332302787
17442,resembles,-0.029211929531349125
23198,whatnot,-0.02923631080034151
15130,panzer,-0.029273487855947293
20551,sustain,-0.029323370236936708
2846,bomber,-0.02941934139233072
21716,treachery,-0.029636663095260744
14537,odds,-0.029692091570226148
14615,ok,-0.02969254987427727
1064,agents,-0.029799168887028965
21007,testimonies,-0.029813664265565788
3446,cannons,-0.02981681379920499
3178,buckendorff,-0.029933074731216813
8156,flexibility,-0.03003819341776612
7495,explosion,-0.03004852930776824
21964,twoman,-0.030100336416041852
16245,primarily,-0.030183127541313585
2266,bartholow,-0.030229361604142205
23278,wields,-0.030326869966778382
8008,finesse,-0.030364357296782923
13906,names,-0.030419307376885234
19456,soon,-0.03048157157117599
12869,masterminds,-0.03054108511949737
16039,potential,-0.03056037407775662
12028,led,-0.030602897515532836
18271,scenic,-0.030629177242640443
15824,plentiful,-0.030629177242640443
21391,timing,-0.030642616284804164
21735,trees,-0.030770474832516485
16180,presence,-0.03079846888738521
4866,copyright,-0.031139194954503378
6158,distinctive,-0.03125714520139144
763,accommodate,-0.03133473846092535
413,36,-0.03141777694913207
16223,prevalent,-0.03145071354546999
8474,freeing,-0.031459628992310966
5564,deciding,-0.03156720277504175
7616,facility,-0.03156861295007885
3698,celebrate,-0.03158789594143081
4588,concerns,-0.031606480931958045
22827,voiceovers,-0.03161651399856725
292,2012,-0.03162488344783778
3733,centers,-0.031669110575551766
6834,eliminates,-0.031687832225283916
10010,highlight,-0.03172363362247655
15700,plant,-0.031732633280082696
1822,assets,-0.03173426509382999
19478,sorely,-0.031912569404091505
4678,consequently,-0.031912569404091505
11814,lab,-0.03192136826767065
15067,paid,-0.031935798151534085
14672,oneliners,-0.03214995065241932
7204,escalate,-0.032317426725472456
21353,time,-0.03234664467950437
6875,emerged,-0.03239082973116499
20353,successfully,-0.03247483335403181
15304,pearl,-0.03248430420896584
12013,learn,-0.0326025136983899
7987,films,-0.032630671010219575
2363,beaches,-0.03268041469627943
13753,multimedia,-0.03270696253307109
21318,tide,-0.032709165008598905
17354,replace,-0.03271050702628843
22471,usually,-0.032802624242407104
1331,amounts,-0.032849755247849916
17914,rough,-0.03293706274681525
5967,differing,-0.033105313991191855
14818,organism,-0.03336230100512682
16071,powermac,-0.03336230100512682
9097,gma,-0.03336230100512682
8666,g3g4g5,-0.03336230100512682
13010,mediocre,-0.03338887047902448
23585,wwiis,-0.0333894368494103
14679,oneonone,-0.03344831024487292
19673,spidersense,-0.03345888085812209
23112,webslinging,-0.03345888085812209
5328,cutscene,-0.03347731312898442
18148,san,-0.03353173957201616
22296,unrelated,-0.03357878781630065
11035,interestingly,-0.03369600310659379
5596,dedicated,-0.03372047234482346
8419,fragmented,-0.033721410354347836
16252,primpedup,-0.033721410354347836
6087,discrepant,-0.033721410354347836
1279,amalgamation,-0.033721410354347836
5286,currentgeneration,-0.033721410354347836
373,2miguel,-0.033721410354347836
13932,narratives,-0.033721410354347836
20764,tangible,-0.033721410354347836
1254,alreadyhuge,-0.033721410354347836
22581,vaticans,-0.033721410354347836
16570,purports,-0.033721410354347836
12097,letdown,-0.033721410354347836
14265,nofrills,-0.033721410354347836
5486,dcs,-0.033721410354347836
22410,upped,-0.033721410354347836
9218,gracious,-0.033721410354347836
11102,intrack,-0.033721410354347836
17182,regulating,-0.033721410354347836
4571,conceivably,-0.033721410354347836
19643,speedthrough,-0.033721410354347836
7385,executes,-0.033721410354347836
5902,devils,-0.033721410354347836
6346,doughnuts,-0.033721410354347836
7379,excruciatingly,-0.033721410354347836
23414,woes,-0.033721410354347836
21010,testosteronecharged,-0.033721410354347836
22123,undermining,-0.033721410354347836
21313,ticket,-0.033721410354347836
10680,inconceivable,-0.033721410354347836
12817,marrying,-0.033721410354347836
20838,td6s,-0.033721410354347836
14408,numans,-0.033721410354347836
4853,copchase,-0.033721410354347836
14587,offtrack,-0.033721410354347836
1584,applies,-0.033721410354347836
11501,jumpinandplay,-0.033721410354347836
16216,pretense,-0.033721410354347836
12158,lieu,-0.033721410354347836
23456,workable,-0.033721410354347836
12417,looped,-0.033721410354347836
733,acceleratedecelerate,-0.033721410354347836
19517,soup,-0.033721410354347836
19485,sortofweak,-0.033721410354347836
14306,nonrealized,-0.033721410354347836
14601,oftenhip,-0.033721410354347836
15849,plowed,-0.033721410354347836
16291,problems,-0.03372206232416954
8085,fix,-0.03374085205618254
13690,mowatt,-0.03375447018351287
8291,foray,-0.03384515588186783
10206,honors,-0.033931723457725944
4304,coldblooded,-0.03428022991699974
18698,sharpen,-0.03435899616975892
4472,commuters,-0.03441901254893634
7175,equipped,-0.03442228465459701
9735,hate,-0.034425176127367674
11717,kitschy,-0.034497252015519425
18706,shed,-0.03454376090515705
10559,immersive,-0.03454531116207954
12908,mature,-0.03456698177482609
606,85,-0.034578686032026094
7369,excited,-0.03459937057762136
18303,science,-0.03460427773877835
15808,playtime,-0.034683212402732685
18436,seasons,-0.03468700873175742
9069,globespanning,-0.03470904063893438
17551,retrieve,-0.03489537921759514
21302,thwart,-0.03498998044243614
17825,rocks,-0.03509109854464318
3069,breeze,-0.035178510379182085
11136,invading,-0.03528813927244749
12511,luftwaffe,-0.03531170757199798
22707,videos,-0.03535973859777438
19938,stat,-0.03540596581279278
6422,drastically,-0.035429268914514145
21232,threatening,-0.035437086745098
10685,incorporated,-0.035529539379318964
964,advancing,-0.035529539379318964
2192,balls,-0.03560014601752875
14786,optional,-0.035641857471308006
17388,representing,-0.035662252678482644
11302,jaded,-0.03569543908676047
6951,endearing,-0.03578510567366745
17494,responsiveness,-0.035940012393603095
7120,entrepreneurs,-0.035948573024207356
7893,fending,-0.036052228749258876
1665,arena,-0.036068849002852316
12092,lessons,-0.036145407455363605
18858,showing,-0.03618820370008719
1059,agenda,-0.03637452555877224
2264,bart,-0.03645969003836471
979,adventures,-0.03652878288078992
174,17th,-0.03655812539724973
22278,unprecedented,-0.036573293089742887
18559,separate,-0.03664621539144046
5858,detection,-0.03675007791810569
17054,records,-0.03690216495165349
3598,carver,-0.03699276773059995
20961,tensionfilled,-0.03699276773059995
13181,micronesia,-0.03699276773059995
8314,foremost,-0.03710465968711969
15843,plots,-0.03713964238487045
7159,episode,-0.037217999087030475
8663,fx,-0.03742519630892092
15405,persephone,-0.03742780167460586
13143,meticulously,-0.037447890908538776
7823,feature,-0.03745939950590319
5498,deadline,-0.03752417007656217
21801,trivia,-0.037548543836084226
309,20th,-0.037559523095233256
1057,agency,-0.03756966570951675
4579,concept,-0.03761450183863692
8227,fmv,-0.037687735672315835
908,adequate,-0.037692347060339144
17394,reproduction,-0.0377526624618462
13578,morning,-0.03777237078665715
13454,modification,-0.03779530631582852
11666,kids,-0.03785945101291168
378,2s,-0.03788754383223052
17438,researching,-0.03789017029018472
20946,tendency,-0.03797046423326673
17032,recognize,-0.0379872855911223
15526,piano,-0.03801594426078764
5494,dead,-0.03811888515825269
7768,fastpaced,-0.038140918042887606
2431,beginning,-0.03824381205069828
16393,property,-0.03826789448819249
7944,fiendish,-0.03828835526388706
5272,cumbersome,-0.03830615341221794
6607,dwarves,-0.03830756478654902
23548,wrestlers,-0.038332313030084324
10639,inability,-0.0383692196337239
21333,tighter,-0.03837711854215187
756,accident,-0.03850586529269625
17923,rounds,-0.03857829972945138
1835,associated,-0.03863115806435004
3244,bunch,-0.038639854788200596
6304,doom,-0.03872468146102692
19685,spills,-0.038728344544030714
1040,afternoon,-0.03876751966248743
11680,killers,-0.03880753439488215
19656,spending,-0.03883397197511706
8117,flares,-0.038933790855145804
5845,destruction,-0.039065505872705984
2816,bodies,-0.03908026629174126
20673,tabby,-0.039084558233018235
723,abyssinian,-0.039084558233018235
12295,litter,-0.039084558233018235
23020,watered,-0.039084558233018235
18823,shorthair,-0.039084558233018235
1597,approach,-0.0391082727640333
6430,drawn,-0.039141628186675076
4163,client,-0.03925298313371997
11603,keeping,-0.03928528998197666
17629,rewarded,-0.03932219212102124
9570,halls,-0.03935036926687836
22202,uniform,-0.03935325822422946
2921,borrows,-0.03960377154166296
9126,godzilla,-0.03993044340343665
391,30s,-0.0400444949406146
18514,selections,-0.040065410817759425
19498,sound,-0.04007481020256781
16343,programs,-0.04017088054281379
17043,reconnaissance,-0.040205475390876745
23825,zones,-0.04023566909331125
6286,domination,-0.04024138124960089
19046,sitting,-0.04033943104138585
11007,intended,-0.04045073902602966
19675,spideys,-0.04048431913055435
9365,grisly,-0.04051823797449421
8023,finishing,-0.040616637032674895
22184,unfold,-0.04063941401658631
4245,coaching,-0.040756450153799924
1440,angry,-0.040796938729691895
16924,reactions,-0.04080650229332102
8816,gardens,-0.040819526563947564
13257,million,-0.04095420800148096
10012,highlighting,-0.04099246185031974
3813,chapter,-0.041089665904809065
22877,vying,-0.04116291759136596
12091,lesson,-0.04121433453895798
10067,hillsides,-0.04135625912535839
5965,differently,-0.04141944416989692
19592,spawned,-0.0414801057684803
17744,riproaring,-0.041528413306084165
960,advancement,-0.0415551306846307
11801,kungfu,-0.04156043518737699
20909,teenagers,-0.04159278847708017
5645,definite,-0.04167388310403228
12539,lush,-0.041675494620607774
5140,crimefighting,-0.04184429917034564
23107,webcrawling,-0.04184429917034564
19520,sour,-0.04190720475222305
12797,marked,-0.04193249684465642
18939,signal,-0.04195423817867087
17119,referee,-0.04202880322751407
12009,leap,-0.04205920245881395
21141,theres,-0.04207741230435386
21761,tribute,-0.04220857762440011
21572,tourists,-0.042248023795435526
18658,shadowy,-0.04225730943411335
14759,opinions,-0.042401385700406885
2649,black,-0.04242083288009524
1790,asphalt,-0.04242301408257939
17879,romp,-0.04273898517634234
14808,order,-0.04274506204422936
10313,hover,-0.04280692263541119
20763,tandem,-0.04281427377165977
16331,profits,-0.04283411830702777
21842,trucking,-0.04283411830702777
15210,passage,-0.04283979920814037
15239,patented,-0.04294125770649182
6593,duties,-0.043035679463177025
6751,effective,-0.04333461200491162
23150,welldefended,-0.043420105849910566
13197,midgard,-0.043422455105090775
14755,operative,-0.04348652042138725
1380,andhis,-0.04358122863963426
16479,psychological,-0.04362407726868635
20888,technological,-0.04362859197866944
12525,lunatic,-0.04365658150488584
1879,athletic,-0.04367568213234164
12763,mapped,-0.04375908142463662
1891,atmosphere,-0.04376609350303679
11963,laundry,-0.04378985196568211
19826,ss,-0.04378985196568211
1974,august,-0.04382479511339276
14725,onthefly,-0.043849617802717906
6463,dribbling,-0.04385969562591179
1651,architecture,-0.043878554514758035
23268,wider,-0.044099091856185386
20008,stepped,-0.044100441393823124
22634,vengeance,-0.04410470538849504
13937,nasa,-0.04413420861859698
21567,tour,-0.044145671102748
5200,crowd,-0.04415169557323072
1909,attacked,-0.044194680767255454
12387,lone,-0.04426047383456467
18215,saw,-0.0442900674644508
21234,threats,-0.044353521021374374
21470,tom,-0.04435966913900175
2646,bizarre,-0.04437468509003791
22399,upgradeable,-0.044433981418997716
260,200,-0.044471410270282646
12960,mcnamarasubscribe,-0.04447310041404977
10630,improves,-0.04447799588827379
15347,pentium,-0.04448837398647626
11687,kills,-0.04457478840379701
20792,targets,-0.04465627917223492
15536,picks,-0.04469859680002989
12586,machine,-0.04470427466557142
9079,glory,-0.04472969896607214
11818,laboratory,-0.044770990949542754
2268,base,-0.04481439816575193
23296,wildly,-0.04489524830093664
6278,dome,-0.044993446716879375
12948,mb,-0.04509228057192299
22789,visitors,-0.045145509579279534
13124,messiah,-0.045313881768609385
21741,tremendous,-0.04531696348799429
7032,enigmas,-0.045319536799121714
19169,slayer,-0.0453309721774657
7440,expect,-0.045351397108944334
4484,compares,-0.045375213862103504
9248,graph,-0.045375213862103504
288,200mb,-0.045375213862103504
17415,requirementspentium,-0.045375213862103504
20126,straining,-0.045375213862103504
1269,alto,-0.045375213862103504
14260,nocat320,-0.045375213862103504
8926,genrereference,-0.045375213862103504
13199,midissystem,-0.045375213862103504
14350,notations,-0.045375213862103504
10606,imports,-0.045375213862103504
13073,ment2000xp,-0.045375213862103504
20954,tenor,-0.045375213862103504
597,800x600format,-0.045375213862103504
22368,upc183561000020,-0.045375213862103504
22969,warmups,-0.045375213862103504
19388,soften,-0.045433465462144496
16191,preset,-0.04544100392383142
9287,grass,-0.04559564430479194
8574,fueled,-0.04563521300725122
2498,bending,-0.04570338796600378
21192,thirteen,-0.04575734231120523
22230,unity,-0.04575869472925076
3155,bruising,-0.04580099923019762
2314,batters,-0.04586730400149653
18864,shred,-0.04595104355779887
10771,infiltration,-0.04598071553854505
13748,multifunctional,-0.04601121060876527
14758,opinion,-0.04624051408466987
14436,nvidia,-0.046244478548701236
11949,laughable,-0.04625527006124649
6082,discovered,-0.046262449512105876
21180,thingslike,-0.04627191223928799
19810,squared,-0.04627191223928799
6221,dlo,-0.04627191223928799
18008,runin,-0.04627191223928799
15587,pin,-0.04627191223928799
15597,pinning,-0.04627191223928799
2438,behalfvaluable,-0.04627191223928799
4598,concurrent,-0.04627191223928799
4567,concealed,-0.04627191223928799
21649,trains,-0.04631991105854358
5615,default,-0.04638599700532025
4117,class,-0.046534681131848936
2391,beating,-0.04655873837182888
18670,shallow,-0.04666345060037786
1191,alike,-0.04681100880144971
5692,deliveries,-0.046816479031327046
3299,butterfly,-0.04685563686794866
4707,conspire,-0.046926477352380216
8261,fond,-0.046941605141984706
19174,sleek,-0.04697502180909643
10884,inject,-0.04699388394290106
23604,xboxs,-0.04699388394290106
19850,stagespecific,-0.04699388394290106
13687,moviestyle,-0.04699388394290106
8740,gamemovie,-0.04699388394290106
1800,assail,-0.04699388394290106
1245,almighty,-0.04699388394290106
15878,poetry,-0.04699388394290106
5998,dimwitted,-0.04699388394290106
23761,yuen,-0.04699388394290106
8611,funconceptjet,-0.04699388394290106
4920,cory,-0.04699388394290106
9212,grabbed,-0.04699388394290106
14582,offset,-0.04699388394290106
8122,flashlights,-0.04699388394290106
20444,superlative,-0.04699388394290106
8984,ghoulies,-0.04699388394290106
7091,entertainmenthighly,-0.04699388394290106
17124,referring,-0.04699388394290106
1847,assuredly,-0.04699388394290106
3453,cantonese,-0.04699388394290106
9271,graphicsother,-0.04699388394290106
17364,replaylow,-0.04699388394290106
7498,explosiveness,-0.04699388394290106
17537,retaliatory,-0.04699388394290106
4751,contextspecific,-0.04699388394290106
14858,ostentatious,-0.04699388394290106
15330,penalty,-0.04699388394290106
22096,uncontested,-0.04699388394290106
10558,immersion,-0.04710642311661808
20162,stream,-0.04718102183586574
17072,recruits,-0.04722422467251213
15399,permission,-0.047301065498458056
16353,prohibited,-0.047301065498458056
11840,lady,-0.04741627347251675
18942,signatures,-0.04742599034747291
23727,young,-0.0475312314842399
9906,helping,-0.04758807140478394
1753,artistic,-0.04775766173981698
1594,apprentices,-0.04781367775415441
8623,funfilled,-0.047817650965539395
4136,clean,-0.04781961001113555
3730,centered,-0.04785809245442352
1877,athletes,-0.047994618220083295
22797,visuals,-0.047998125471130165
12700,management,-0.048054113944676624
22012,ubisoft,-0.04810227825916623
1453,animate,-0.04811044527427346
3747,certain,-0.04818985736595846
9661,happiness,-0.0482563054813724
23486,worldproduct,-0.048378373112571774
5778,deranged,-0.048432382981805994
4350,colonization,-0.04849563694150306
14271,noise,-0.04850364490858856
4936,council,-0.0485789884993107
6085,discovers,-0.04860005311117241
1043,afterward,-0.04863586312610396
3569,carries,-0.04873809919258957
17186,rehash,-0.04873899995329209
15621,pistols,-0.048808280356119074
9439,guard,-0.04888699622695317
1817,assembly,-0.04894284894697012
19092,skies,-0.048972578440447945
9252,graphically,-0.04897664977123019
21609,tracking,-0.04901004934247923
20514,surrounded,-0.04907022914001986
13895,nail,-0.04908717673563277
11662,kidnapped,-0.049094758399309955
17892,rooms,-0.04913338648157174
20250,stumbling,-0.04926791159362768
22733,vii,-0.04939359372949647
15282,payperview,-0.04959411039286128
23582,wwfs,-0.04959411039286128
18018,rushed,-0.04959411039286128
11377,jericho,-0.04959411039286128
6922,enabling,-0.049610760288548016
20422,superbly,-0.0496614407689141
15267,pauses,-0.04968421996288829
798,achievement,-0.04970489809542356
6122,disparate,-0.049758755677563285
21622,trademarks,-0.04980908193966887
10316,hovercraft,-0.049816695404325796
9554,half,-0.04983468181986186
2977,boy,-0.049911024109609445
7143,envision,-0.05000646297124456
779,account,-0.05004281707991423
23831,zoom,-0.0501059405636573
13656,mouse,-0.05019373398307828
23406,wizard,-0.050210456760839156
5830,destined,-0.050369001695958183
2615,biotech,-0.05047283103025526
13362,missed,-0.05047283103025526
8208,flows,-0.05047283103025526
2651,blackbox,-0.05059470621290524
7375,exclusive,-0.05069812620500398
7734,faroff,-0.05094087378034218
6132,display,-0.050969685130049965
12653,maintain,-0.05100160072679361
13451,modethe,-0.0510435468121499
18087,safety,-0.051075239705592676
15517,physically,-0.05113288056891374
3679,caves,-0.05116400015166586
10215,hoops,-0.05117942389880728
8453,freak,-0.05121626586387971
21929,tvlike,-0.051263637576460665
9965,hibernia,-0.051268667615982914
1506,anticipate,-0.05132453206819695
8792,gamings,-0.05146392888554353
13871,mystical,-0.05147179067670089
18850,showcase,-0.051559543863133626
1752,artist,-0.05156677573207194
5795,description,-0.0516905707919353
12156,lie,-0.0516994443334376
16416,protection,-0.051731887561651195
20973,terms,-0.0519103673128704
12151,licenses,-0.05193442154715545
7194,eric,-0.052096126314063934
17596,reviewed,-0.0521320274156298
9108,goals,-0.052232689566313446
16749,radio,-0.052314510595958194
4219,clown,-0.0524001773094921
17336,rent,-0.052405161071047444
4140,cleanerlooking,-0.052405161071047444
350,29,-0.052405161071047444
4138,cleanedup,-0.052405161071047444
21241,threeonone,-0.052405161071047444
14988,overthetoprope,-0.052405161071047444
18744,shies,-0.052405161071047444
11080,interval,-0.052405161071047444
21966,twoonone,-0.052405161071047444
2644,bittersweet,-0.052405161071047444
15283,payperviews,-0.052405161071047444
6556,dudley,-0.052405161071047444
14381,november,-0.052405161071047444
5917,dgeneration,-0.052405161071047444
7964,fightinggamelike,-0.052405161071047444
9280,grapplebased,-0.052405161071047444
106,1115,-0.052405161071047444
1111,aimed,-0.05246337110140637
8344,formations,-0.05265359066231196
5985,dilemmas,-0.05269316945084601
21692,transporting,-0.05269428944903747
23043,waving,-0.052716090247386174
4060,citizen,-0.05274944189156798
5204,crowds,-0.05275865522725457
590,80,-0.052886168990221666
14151,nice,-0.05289174697201564
154,15year,-0.05294702617407577
7456,experience,-0.05295161389379195
13904,named,-0.05303154730842046
10932,inside,-0.05308033828722415
12648,main,-0.053167972661056266
2979,boys,-0.05331759867465399
13516,monsterit,-0.05333368845599066
6755,effectsbut,-0.05333368845599066
17161,regeneration,-0.05333368845599066
20158,strays,-0.05333368845599066
19661,spews,-0.05333368845599066
4514,complaint,-0.05333368845599066
9170,goodwith,-0.05333368845599066
11230,islandor,-0.05333368845599066
13515,monsterinfested,-0.05333368845599066
2960,bower,-0.05333368845599066
17736,ripoff,-0.05333368845599066
19958,stature,-0.05333368845599066
19411,solidenough,-0.05333368845599066
21651,traipsed,-0.05333368845599066
22500,vacationing,-0.05333368845599066
7218,eser,-0.05333368845599066
17309,removes,-0.05333368845599066
12170,lifeordeath,-0.05333368845599066
23760,yucatan,-0.05333368845599066
14067,nephilim,-0.05333368845599066
22887,waggling,-0.05333368845599066
2179,ballade,-0.05333368845599066
17992,rumbling,-0.05333368845599066
11335,japaneseproduced,-0.05333368845599066
14819,organisms,-0.05333368845599066
6129,dispense,-0.05333368845599066
5059,crater,-0.05333368845599066
7354,excellently,-0.05333368845599066
16377,promptly,-0.05333368845599066
18968,simianlike,-0.05333368845599066
18245,scarcity,-0.05333368845599066
3723,censored,-0.05333368845599066
6620,dyedinthewool,-0.05333368845599066
669,aaron,-0.05333368845599066
14982,oversized,-0.05333368845599066
7321,evocative,-0.05333368845599066
4890,corpse,-0.05333368845599066
17310,removing,-0.05333368845599066
12694,mammalian,-0.05333368845599066
6471,drinks,-0.05333368845599066
12916,mauled,-0.05333368845599066
9610,handfed,-0.05333368845599066
11567,karp,-0.05333368845599066
20030,stiffly,-0.05333368845599066
8979,ghostlike,-0.05333368845599066
18305,sciencefictionhorror,-0.05333368845599066
15269,paves,-0.05333368845599066
11482,juggle,-0.05336691287101237
20478,supports,-0.053367461995288724
10736,industrial,-0.05341477680450482
15025,pac,-0.05347597771680743
14603,oftentimes,-0.053487332020486326
19728,spoken,-0.053487332020486326
23466,works,-0.053499860203908005
18722,shells,-0.053525689114851095
6815,elemental,-0.05377141268202049
4386,combination,-0.053810928403604255
20334,subtle,-0.05383300562895693
12312,living,-0.054004192757562845
6982,enemiesthe,-0.05418299811724806
6195,diversely,-0.05418299811724806
7561,exwinner,-0.05418299811724806
2056,awardsdeus,-0.05418299811724806
5343,cycles,-0.05427074608616302
23821,zombies,-0.05431160505508921
22487,utopia,-0.05434831083070708
774,accomplishments,-0.05445152753973253
9654,happen,-0.05446040541013886
3895,checkpoints,-0.054511675531098994
15011,owners,-0.05453167281766274
16673,quickest,-0.05461702469956144
7413,existed,-0.0546493339423137
20651,synonymous,-0.054664797702138536
9104,goal,-0.054671115324742385
1995,authority,-0.054690317795048696
4427,commanding,-0.05470572608941912
3668,causes,-0.0548777053358295
21479,ton,-0.054880398159282466
9942,heroic,-0.054918517168760256
17387,represented,-0.05497402202467276
11160,investigators,-0.05498476677559897
7685,families,-0.05503534801030077
22724,viewpoint,-0.05516303178149969
3765,chair,-0.05531364006227947
1322,amiss,-0.0553783559274032
5420,dare,-0.05548349546628365
16967,realworld,-0.05553380780504
6020,dire,-0.05560094808197915
17422,requiring,-0.05562314036420391
8928,genres,-0.05567297138541902
5780,derby,-0.05570898538654139
10861,ingenuity,-0.05575966242875363
23130,weigh,-0.0560003254030641
16942,realistic,-0.05603870385395009
11200,iron,-0.05604755857373012
15695,planned,-0.056112482986108825
17275,remaining,-0.0562456725709828
6649,earliest,-0.05628566023639196
15630,pitcherbatter,-0.05629404611547832
7228,essence,-0.05645221645547071
6156,distinct,-0.05648474002332795
7612,facilitated,-0.05651905213618993
17181,regulate,-0.05651905213618993
3722,censers,-0.05651905213618993
13220,miguel,-0.05651905213618993
4699,consolerpg,-0.05651905213618993
8963,gesturing,-0.05651905213618993
3034,braziers,-0.05651905213618993
11147,inventively,-0.05651905213618993
17371,replete,-0.05651905213618993
19711,splashing,-0.05651905213618993
16966,realtimeturnbased,-0.05651905213618993
15720,platformgame,-0.05651905213618993
16299,processes,-0.05651905213618993
10718,indirectly,-0.05651905213618993
7972,figuring,-0.05651905213618993
17907,rotatable,-0.05651905213618993
17016,reception,-0.05651905213618993
14038,neerdowell,-0.05651905213618993
22275,unpleasant,-0.05651905213618993
22137,undertaking,-0.05651905213618993
17243,relents,-0.05651905213618993
1661,areaeffect,-0.05651905213618993
10420,hyperbolized,-0.05651905213618993
6107,disjoined,-0.05651905213618993
12515,lukewarm,-0.05651905213618993
18417,seams,-0.05651905213618993
11126,intrusions,-0.05651905213618993
13395,mixed,-0.05655037986615762
12216,likeness,-0.05660963955960183
21785,trinity,-0.05660963955960183
1725,arrival,-0.0566227895528166
17106,reduced,-0.056684338333130566
7003,engaged,-0.05674078162060728
21937,twelker,-0.056859809727888684
11175,inviting,-0.05693670908683879
19849,stages,-0.056949859622301306
10887,injured,-0.05697252583963313
16268,priorities,-0.05698148808601438
1690,arises,-0.05699054738715651
12901,matter,-0.05699972289227953
11502,jumping,-0.05701350988880822
16127,predesigned,-0.05702408244156725
5311,customization,-0.05703043281555654
822,act,-0.05704406140637035
16953,realization,-0.05711207026854836
3029,brawlers,-0.05714243289291783
4507,competitors,-0.05728605657010442
3948,children,-0.057315818278112184
1602,appropriately,-0.05737882214651223
5713,demise,-0.05740510302349412
365,2k2,-0.05743644215178113
15508,photographs,-0.057508916486774524
1921,attempts,-0.057572060767076286
18972,similarly,-0.05762715971899802
2496,benchmark,-0.05764640957473105
12328,loads,-0.05770248237404755
2963,bowl,-0.05771762714964904
5770,depression,-0.05773431571343298
18742,shielding,-0.05784784611357303
4503,competitions,-0.05786033640452444
6295,donkey,-0.057865235040697856
19134,skyscraper,-0.05790103654211539
1906,attack,-0.0579178715523304
10712,indicates,-0.05797204497868084
12940,mayor,-0.05798370383613109
15965,populations,-0.05814566577850527
18512,selecting,-0.05822758825034459
16778,raids,-0.05826073986717192
2842,bombardier,-0.05828146528164192
15096,palette,-0.058299437846097105
13274,mindbending,-0.058307761329898906
19718,splintercell,-0.05834679580797163
2470,believe,-0.05843240911419264
19888,standing,-0.05843717279974348
6389,dragon,-0.05846658339503129
7809,fear,-0.05848035387607772
4665,conquest,-0.058547414883142426
11738,knock,-0.05857875262658487
9850,hedgehog,-0.058699600969759985
7356,exception,-0.058756316560269084
7975,files,-0.0588499709877166
2551,bevy,-0.058889192422396444
8042,fires,-0.05895212455619576
3565,carrieanne,-0.05898164572826668
17116,reeves,-0.05898164572826668
22234,universeits,-0.05898164572826668
10345,hugo,-0.05898164572826668
11829,lachy,-0.05898164572826668
13602,moss,-0.05898164572826668
8061,fishburne,-0.05898164572826668
2481,bellucci,-0.05898164572826668
11977,lawrence,-0.05898164572826668
13583,morpheus,-0.05898164572826668
1499,anthony,-0.05898164572826668
15594,pinkett,-0.05898164572826668
11598,keanu,-0.05898164572826668
10351,hulme,-0.05898164572826668
22878,wachowski,-0.05898164572826668
11299,jada,-0.05898164572826668
2160,baker,-0.05902541503606173
10546,imitators,-0.05908076541740137
3673,cave,-0.05915628380670796
4348,colonies,-0.05927449868740928
7007,engaging,-0.059304671359957976
20585,sweeping,-0.0593157232008687
7746,fashion,-0.05950365078075073
8887,general,-0.05955820603409769
14992,overturned,-0.059586631170215745
20370,sufficient,-0.05961117617389192
14987,overthetop,-0.059649494171487266
23834,zoopedia,-0.05969533828055873
23829,zookeeper,-0.05969533828055873
8076,fit,-0.05971532262195986
1114,aims,-0.05971918309701503
19287,smiling,-0.059765747363455975
2446,behemoth,-0.05979342523910405
8444,frankly,-0.059881690436278
11756,knuckles,-0.0600827071497297
8677,gadgetry,-0.06010591381022407
13496,monitor,-0.06012967953301323
17293,reminiscent,-0.060139567365239885
3166,brute,-0.0601477266796952
4081,civilian,-0.06015924982137286
20395,summon,-0.06016448282961206
19204,slime,-0.060179885878594366
1832,assists,-0.06021897706494643
7850,february,-0.06032514945830213
21906,turned,-0.06032609049275556
11376,jeremy,-0.060419435687511625
5268,culturally,-0.06074866944353979
20438,superhuman,-0.06080128074893395
19080,skeet,-0.06090968138891118
13217,mightiest,-0.06094569126035996
15993,pose,-0.06095769553588758
19200,slight,-0.06097887563430419
4947,countering,-0.06102184961660475
17051,recorded,-0.061058349984719394
11529,justification,-0.06123571608729316
17662,richly,-0.061256028677359964
10224,hoping,-0.061280723094591934
19640,speeds,-0.061312542572711785
2064,awe,-0.06137350529059071
7825,featured,-0.0613895399917675
1638,arch,-0.06143920772178693
16628,quaint,-0.06152784505995504
12217,likenesses,-0.06161911502091916
20279,styles,-0.0616545207118567
8549,frontlines,-0.06165643047514654
11671,kill,-0.06166178301843324
14354,noted,-0.061700485935718793
4089,civilized,-0.061768314105602254
17432,rescuing,-0.06177573253884286
9666,harbor,-0.06188571524772506
18859,shown,-0.0618916265026642
16840,rank,-0.06208843302481652
12090,lesser,-0.062268075855224286
8806,gap,-0.062330677827350564
5288,currents,-0.0626003831006503
8938,genuinely,-0.06261719263944936
22211,uninspired,-0.06267459945355085
3312,buying,-0.0627088137079823
18977,simpler,-0.06272300926494115
17895,rope,-0.0627557676862969
23316,win,-0.062762192095315
4247,coal,-0.06281335400890926
23725,youmust,-0.06282316749555561
16839,ranging,-0.06296854780874779
8895,generation,-0.0630264210016832
20688,tackles,-0.06311898060381606
13410,mmorpg,-0.0631786129866512
10197,hone,-0.06332000362401934
2410,bees,-0.06333385591950576
20116,strafing,-0.06345443868756234
6170,distractions,-0.06351400693021676
15561,pigcops,-0.06359095023436594
9073,glopp,-0.06359095023436594
2040,avoids,-0.06359095023436594
14407,nukem,-0.06359095023436594
6360,downloading,-0.06382028548911607
4738,contend,-0.06389480522514114
20504,surprised,-0.06402598458766463
10091,hires,-0.06408068129678915
3646,catching,-0.0641540330695523
10724,individualized,-0.06416270571095731
748,accessibility,-0.06418620624751926
8891,generate,-0.06424994242704415
4093,claim,-0.06428319806150769
16978,reasonably,-0.0642863552520317
17061,recreated,-0.0643505112502689
16876,ratingm,-0.06442115019634354
16397,prophet,-0.06456128287794231
17137,reflects,-0.06462551762612112
22628,vendor,-0.06463281382070794
2745,blocky,-0.06466774528935032
772,accomplishing,-0.0646752268778337
10066,hills,-0.0647340220817772
8037,firefights,-0.06484294227518467
20848,team,-0.06484879564941894
15513,photos,-0.06494873617072934
23140,welcome,-0.06500722799649236
6872,emerald,-0.06505625949081147
14874,ousted,-0.06505625949081147
9975,hideo,-0.06520327615856858
2272,baseballs,-0.06521084254766439
1490,ant,-0.06521918839411417
17319,rendering,-0.0652532264847936
13026,megalomaniac,-0.06533491503416121
4512,complain,-0.06543639239129531
19714,splendor,-0.06553752276254181
1680,arguments,-0.06556583847468819
6672,easier,-0.06563631746784737
11105,intricacies,-0.06566217742454716
10181,homers,-0.06573357543184871
17060,recreate,-0.06583346494224386
8994,giants,-0.06588859709301312
1726,arrive,-0.06596961631891875
22069,unbalanced,-0.06601515003887021
9977,hiding,-0.06610390238665184
18227,scalable,-0.06631389192116555
14924,output,-0.06638151798441695
12414,looming,-0.06644045883745472
6309,doomsday,-0.06665505200517113
21242,threepoint,-0.06669785819669047
5332,cutting,-0.06672188552572968
19072,skateboard,-0.0669313287142598
4115,clashes,-0.06714168837627435
10238,horrible,-0.06714299676763297
8568,ft,-0.06726507591383861
23106,web,-0.06731810992828513
15625,pitbull,-0.06744282070869567
1489,answers,-0.06759413306215224
22303,unrestricted,-0.06762178565926685
23064,weaknesses,-0.06773216094886908
18241,scar,-0.06782508180890243
15589,pinch,-0.06797988579713257
10853,infuriating,-0.06797988579713257
15634,pitchingbatting,-0.06797988579713257
9450,guess,-0.06819460643108477
9188,gothams,-0.06820504621905853
3465,cape,-0.06820504621905853
5714,demisebatman,-0.06820504621905853
15861,plummets,-0.06820504621905853
10479,ignites,-0.06820504621905853
4448,commissioner,-0.06820504621905853
2306,batmans,-0.06820504621905853
2308,batscope,-0.06820504621905853
2295,batarang,-0.06820504621905853
2296,batcave,-0.06820504621905853
2298,batgrapple,-0.06820504621905853
2304,batlauncher,-0.06820504621905853
11438,joker,-0.06820504621905853
14075,nerverattling,-0.06820504621905853
13857,myriad,-0.06831131184864549
10171,homage,-0.06831851350440006
6584,dunks,-0.06834185600193632
7607,facet,-0.06843931392651176
22233,universe,-0.0685615044130439
14525,octavius,-0.0686064797744045
1662,areas,-0.06864680564882095
8467,freedomtake,-0.06874372472793756
6740,editorshoot,-0.06874372472793756
15783,playingon,-0.06874372472793756
7842,featuresscope,-0.06874372472793756
20309,submerge,-0.06874372472793756
11015,intensityabuse,-0.06874372472793756
21914,turntheir,-0.06874372472793756
1196,alivecreate,-0.06874372472793756
19039,sirocco,-0.06874372472793756
7749,fashioning,-0.06874372472793756
20530,survivein,-0.06874372472793756
7909,fetching,-0.06874372472793756
19528,southpacific,-0.06874372472793756
21039,thankilometer,-0.06874372472793756
13065,memorywashed,-0.06874372472793756
15142,paradisebuild,-0.06874372472793756
12710,mandeer,-0.06874372472793756
11264,itjust,-0.06874372472793756
8131,flaunts,-0.06874372472793756
1385,andlongrange,-0.06874372472793756
11726,km,-0.06874372472793756
8229,fo,-0.06874372472793756
5241,crys,-0.06874372472793756
3528,carefree,-0.06874372472793756
1368,andcrystal,-0.06874372472793756
17047,reconstruct,-0.06874372472793756
11677,killenemies,-0.06874372472793756
1814,assaultvehicles,-0.06874372472793756
3127,brochure,-0.06874372472793756
13090,mercenariesoutwit,-0.06874372472793756
21198,thisis,-0.06874372472793756
3449,canopiesand,-0.06874372472793756
10807,informationexocean,-0.06874372472793756
7215,escorther,-0.06874372472793756
2811,boatthe,-0.06874372472793756
21498,tooutlast,-0.06874372472793756
959,advancedgroup,-0.06874372472793756
3573,carryhim,-0.06874372472793756
9957,hewas,-0.06874372472793756
21825,tropicsfar,-0.06874372472793756
10099,hissundrenched,-0.06874372472793756
21086,theguard,-0.06874372472793756
5553,deceiving,-0.06874372472793756
20701,tad,-0.06878247390572083
322,23,-0.06879223418113878
17561,return,-0.06888364684449476
5755,depicted,-0.06891227789436771
14761,opponents,-0.0690688112326275
21627,trading,-0.06907852822265585
280,20052nd,-0.06921755648129359
11343,javelin,-0.069319433872123
460,400m,-0.069319433872123
1878,athletescharacters,-0.069319433872123
3054,breaststroke,-0.069319433872123
2134,backstroke,-0.069319433872123
287,200m,-0.069319433872123
6091,discus,-0.069319433872123
562,70m,-0.069319433872123
11189,ioc,-0.069319433872123
593,800m,-0.069319433872123
147,1500m,-0.069319433872123
19744,sportsmanship,-0.069319433872123
716,abundance,-0.06937763093374184
18954,silently,-0.06941079402095182
16541,punishing,-0.06957030075371724
13736,multiaward,-0.06957466145214024
1171,alchemy,-0.06958183740424363
21438,toad,-0.06965113546739113
7231,essentials,-0.06974820417525443
11454,journalism,-0.06974820417525443
12516,lumber,-0.06974820417525443
7037,enjoy,-0.06983057563078307
13186,microsofts,-0.06991730178309323
19737,spooky,-0.06992944852837905
6895,emphasizes,-0.07001316998518711
3189,budding,-0.07014641278251466
12442,lot,-0.07017501805390802
18515,self,-0.07023594912509734
1562,apparently,-0.07024837559939803
20789,target,-0.07038586712650079
15003,owe,-0.07043254348096352
20844,teaches,-0.07050086878404045
15353,peopleefficiently,-0.07077016304151483
3912,chemicals,-0.07077016304151483
14825,orhigher,-0.07077016304151483
12753,manufacture,-0.07077016304151483
192,1900,-0.07077016304151483
23669,yearsadvance,-0.07077016304151483
2555,beyondthe,-0.07077016304151483
6897,empirecompete,-0.07077016304151483
14099,networks,-0.07077016304151483
10793,informationanticipate,-0.07077016304151483
21655,trams,-0.07077016304151483
1606,apricethe,-0.07077016304151483
14942,outthink,-0.07077016304151483
22453,userailroads,-0.07077016304151483
21983,tycoonsystem,-0.07077016304151483
1136,airplanes,-0.07077016304151483
1142,airstrip,-0.07077016304151483
13151,metropoliscash,-0.07077016304151483
14880,outbuild,-0.07077016304151483
14036,needsproduct,-0.07077016304151483
16798,rake,-0.07077016304151483
14813,ore,-0.07077016304151483
14919,outnetwork,-0.07077016304151483
19521,source,-0.07085804232691804
23728,younger,-0.07095086402866697
3106,brings,-0.07102326916998805
22198,unholy,-0.07102778391937978
23534,wraps,-0.07104013674832096
4313,collaboratively,-0.07106290552931929
13250,milking,-0.07107664604261608
22318,unspeakable,-0.07111769527349471
4681,considerable,-0.07112583213443363
22656,versions,-0.0712077148008781
15068,pain,-0.07130923038269407
21908,turning,-0.0715345331416782
119,128,-0.07153567653342219
2249,barrage,-0.07158950446564943
3303,button,-0.07169744118716592
6802,elections,-0.07176028702408499
4886,corporate,-0.0717902817249622
20101,storyline,-0.0718073585324431
14282,nomos,-0.07183306121997375
10294,hotzone,-0.07183306121997375
2271,baseballfrom,-0.07183306121997375
18715,sheffields,-0.07183306121997375
7757,fastballs,-0.07183306121997375
18442,seattles,-0.07183306121997375
18082,safeco,-0.07183306121997375
21526,tornadolike,-0.07183306121997375
12727,manically,-0.07183306121997375
21208,thorough,-0.07183306121997375
821,acrossthebody,-0.07183306121997375
20269,stuttering,-0.07183306121997375
10416,hyped,-0.07183306121997375
20985,terrificespecially,-0.07183306121997375
1427,anemic,-0.07183306121997375
5135,cribs,-0.07183306121997375
10122,hitter,-0.07183306121997375
23823,zoneindispensable,-0.07183306121997375
12035,lefthanded,-0.07183306121997375
5237,crying,-0.07183306121997375
11755,knuckleballs,-0.07183306121997375
14492,obstacle,-0.07188686803395346
17828,rockstar,-0.07209850289990788
4960,countless,-0.0721013808998796
9657,happening,-0.07213178980576798
636,95,-0.07213873051678715
17980,rugged,-0.07215440838054078
20014,steve,-0.07224564507765634
5502,deadly,-0.07227737966530094
19049,situational,-0.07254652517965761
17696,rifles,-0.07257482128696258
16957,realizing,-0.07259075884196743
13643,mount,-0.07260110270894395
12452,lounge,-0.07261402723061822
12457,love,-0.07265432604564113
8434,franchisemadden,-0.07279527742862636
20712,tailbackand,-0.07279527742862636
4256,coasttocoast,-0.07279527742862636
13299,minicamps,-0.07279527742862636
11995,leadblocker,-0.07279527742862636
4391,combinetype,-0.07279527742862636
11997,leaderboard,-0.07279527742862636
17185,rehab,-0.07279527742862636
17633,rewardthe,-0.07279527742862636
4908,corruption,-0.07281603965165215
4509,compiled,-0.07295998735525726
3305,buttonmashing,-0.07312575870392614
19288,smith,-0.07326582124257508
17316,render,-0.07330896118299852
1983,australian,-0.07349320938068853
21695,trap,-0.0735002473039984
15817,pleasing,-0.07377229450326289
14917,outmaneuver,-0.07398123928052792
6588,duration,-0.07403852388284222
17366,replaymoderately,-0.07408710331226753
3004,brake,-0.07415602838273257
14383,novices,-0.07420128464165923
5315,customizing,-0.0743007138748066
18085,safely,-0.07431167064534165
8346,formed,-0.07442677941995905
16921,react,-0.07454151378306047
5092,createaplayer,-0.07460265728067213
9321,greatwhite,-0.07467173531052909
8463,freed,-0.07483159470193139
17676,riddled,-0.0749005417108258
10293,hottest,-0.07491876814261579
22204,uniforms,-0.07506386143297543
7670,falls,-0.07509244143172278
21236,threedimensional,-0.07511694226992448
11809,l1,-0.07515338841562152
16708,race,-0.07516250257418942
1524,antiterrorist,-0.07533220270044139
20164,streamlined,-0.0753807716354519
11059,internet,-0.0754130922073759
14048,negotiation,-0.07549657881860768
6650,early,-0.07555481800825874
5230,crush,-0.07563081821725828
11958,launchers,-0.07570307892123843
18845,shouting,-0.07571125688272434
21030,texturing,-0.07588690304453302
4889,corps,-0.07595985175081009
9304,gray,-0.07598632136727224
22997,wash,-0.07604214328393469
12654,maintaining,-0.07615358212690211
17412,requirements,-0.07617523643602804
14431,nuts,-0.07622947469385116
19839,stacks,-0.076390352389981
1514,antihero,-0.07639912461853363
15732,playability,-0.07640715290035711
1894,atmospheric,-0.07643238999082808
11664,kidnapping,-0.07651417206366753
14832,originals,-0.076563783193172
19370,soccers,-0.07672986835978368
279,20052006,-0.07672986835978368
2823,bodytype,-0.07672986835978368
14722,ontheball,-0.07672986835978368
13194,midfield,-0.07672986835978368
7386,executing,-0.07681443077787399
11085,interviews,-0.07685084186824023
16004,positive,-0.07692084475154626
16763,rages,-0.07712018914648146
6297,dont,-0.07718779224812779
2279,basic,-0.0773417578264462
8103,flak,-0.07737780520156486
14357,notes,-0.07745221834618075
3136,brooks,-0.07775617851437502
20722,taken,-0.07778653248780568
17413,requirementsminimum,-0.07781084919429726
22870,vramformat,-0.07781084919429726
16972,reappears,-0.07781084919429726
22371,upc644247001552,-0.07781084919429726
85,103,-0.07781084919429726
14222,no155,-0.07781084919429726
4241,cm9k,-0.07781084919429726
629,919x101,-0.07781084919429726
82,102,-0.07781084919429726
23576,wvirtual,-0.07781084919429726
16344,programsystem,-0.07781084919429726
6702,ebstselling,-0.07781084919429726
16492,public,-0.07802790949825221
6257,dogfights,-0.07812820236879052
9375,grooming,-0.07816911646603647
15013,owning,-0.07816911646603647
7875,felines,-0.07816911646603647
13622,motive,-0.07821557979964046
22977,warrant,-0.0782423352618913
2018,availability,-0.07846555723753743
17774,road,-0.07848696271980714
13861,mysteries,-0.07854504011163987
13843,mutants,-0.07869735333655377
872,actually,-0.07876918958673916
16330,profit,-0.07890074004390933
19251,sluggish,-0.07894612680341964
12979,meant,-0.07897279260689208
18415,seamless,-0.07898552458399911
5618,defeated,-0.0789883185017429
781,accounts,-0.0789908486814786
18756,shine,-0.07905183515199184
17308,removed,-0.07905364584589873
8471,freeforall,-0.07910479514214085
15584,pilots,-0.07932895260299735
4709,constant,-0.07934768785732134
18349,scout,-0.07938757896248776
15518,physicist,-0.07939572927246004
10371,humorous,-0.07953935501358703
8762,games,-0.07954301123481423
19234,slower,-0.07959980388302597
96,10editor,-0.07963679682840255
16308,produce,-0.07969051237339199
3958,chin,-0.07973252295869548
8535,fringes,-0.07973257227929478
17687,ridiculous,-0.07975389381879387
22778,visibility,-0.07980059270469289
7627,factory,-0.07987133722351743
5347,cyclops,-0.07988927980883959
15657,placement,-0.0799623464886656
2635,bishop,-0.08000074700630602
9176,gore,-0.08006491888463986
12368,lofty,-0.08006668490437485
788,accurate,-0.08008441173540001
6789,ejections,-0.08009503604939162
23426,wonder,-0.08011991146273637
9751,havent,-0.08012183857428837
21576,tourney,-0.08014688021042272
16874,rating,-0.08014881683457982
8884,gen,-0.08019349066597403
16829,random,-0.0802495052978817
11177,invoke,-0.08034496662262158
961,advancements,-0.0803874964557733
2229,barbarians,-0.08041337597606969
1937,attitude,-0.0804923454218634
12729,manifests,-0.08051153589521509
11939,latelyand,-0.08051764443279259
6749,eeyore,-0.08051764443279259
15942,poohand,-0.08051764443279259
23022,waterfall,-0.08051764443279259
7393,exercising,-0.08051764443279259
19176,sleeper,-0.08051764443279259
4360,colorfuland,-0.08051764443279259
14373,nourished,-0.08051764443279259
23017,watercan,-0.08051764443279259
15943,poohs,-0.08051764443279259
10200,honey,-0.08051764443279259
17260,relived,-0.08051764443279259
17524,resurgence,-0.08051764443279259
18481,seedling,-0.08051764443279259
15975,portablegameplay,-0.08051764443279259
814,acre,-0.08051764443279259
5422,dares,-0.0806703012692724
833,actionexploration,-0.0807600301067181
15236,patch,-0.08080473758015444
16918,reached,-0.08088975865843774
16158,premise,-0.08099167356508262
22256,unlock,-0.08105613096387236
19165,slavery,-0.08110910127759628
3184,bucks,-0.08114095730521612
17604,revisit,-0.08119047570016434
842,actionoriented,-0.08124625974241023
2506,bent,-0.08129117150903072
20242,study,-0.08130550573920442
2807,boasting,-0.08139267399513238
12687,malicious,-0.08141333020412705
12551,lying,-0.08145832563756471
3893,checking,-0.08147568102316896
11424,joe,-0.08160250862848112
17160,regenerate,-0.08177846678543911
23418,wolverine,-0.08190966859704324
20194,strikes,-0.0819120106283547
15907,pole,-0.08191806559807181
19470,sorcerer,-0.08195783837018684
16786,rails,-0.08205761344378931
9442,guardians,-0.082090719623384
16968,reap,-0.08214018540361365
9086,gloves,-0.08225368731639622
3858,charm,-0.08228168607399836
11011,intensely,-0.08228481406972413
19480,sorrow,-0.08232752891759525
7381,excusable,-0.08236825218915476
1483,annoyed,-0.08236825218915476
328,24000,-0.08238715997031086
18253,scary,-0.08259575722318077
14440,nyc,-0.08260026986052472
1192,alikeandrew,-0.08264892767261409
13576,morgue,-0.08264892767261409
18135,samplesall,-0.08264892767261409
910,adherence,-0.08264892767261409
5339,cybersherlock,-0.08264892767261409
14289,nonfans,-0.08264892767261409
18386,scrutinize,-0.08264892767261409
5057,crass,-0.08264892767261409
19325,sniffer,-0.08264892767261409
12520,luminal,-0.08264892767261409
16266,prints,-0.08264892767261409
20543,suspense,-0.0826508303108949
10952,installments,-0.08271967092708443
23323,windows,-0.08272750154809186
23508,worrying,-0.08277809767385173
317,22,-0.08279497686334875
20223,structure,-0.0828735671801047
15382,peril,-0.08308433606685918
13195,midfight,-0.08308463066689943
10868,inhabiting,-0.0831526998540914
3640,catastrophic,-0.08340416916515307
9363,gripping,-0.08345917235766252
1854,astonishing,-0.08347226041821205
6575,dungeon,-0.08368009209504412
3407,cameras,-0.08368407837261564
13417,mobility,-0.08375992929620896
16325,professor,-0.08406877878383272
20159,streak,-0.0841827444708614
11658,kicks,-0.08423912943948443
984,adversaries,-0.08439014376031728
23440,wood,-0.08446424593224224
6767,eggman,-0.08453601925745982
19337,snow,-0.08456379249358005
16320,professional,-0.08458748362741186
22081,uncertainty,-0.08462433742654087
22629,vendors,-0.08463490996686207
9261,graphicsaudio,-0.08463490996686207
9849,hecklers,-0.08463490996686207
741,acceptdeny,-0.08463490996686207
8461,freeagent,-0.08463490996686207
1534,anxious,-0.08463490996686207
11515,junkie,-0.08463490996686207
13776,multiseason,-0.08463490996686207
15395,perks,-0.08475497814460556
13628,motor,-0.0848230749626159
15864,plunges,-0.0848590233980507
14152,nicely,-0.08492177247849914
22784,visit,-0.08498040311559456
16920,reaching,-0.08498150740953249
5384,damage,-0.08502944504847752
18379,script,-0.08505668489356613
23377,witch,-0.08505976846724776
21678,transitions,-0.0852227884027998
1775,asian,-0.08526746301061595
19884,standard,-0.0852744638331145
5270,cultures,-0.08535845092365925
12427,lopezcopyright,-0.08539990142457783
1259,alter,-0.08547334438710912
16024,poster,-0.08556083075207217
20371,sugar,-0.08573018686468073
21555,touches,-0.08577973340914426
10191,homing,-0.0857856063148384
19374,socialize,-0.08586809363478783
20900,teddy,-0.08606475517234295
1580,apple,-0.08606475517234295
13717,mud,-0.08606475517234295
9538,hacking,-0.08608924439047544
10028,highlydetailed,-0.08610139434571043
22945,ward,-0.08616485170005164
11278,ive,-0.08621203437511417
7762,fasterpaced,-0.08623661328593453
6869,embrace,-0.08636531347898775
18633,severely,-0.0863782251549744
14609,ofwhom,-0.0864673483039413
23722,youllneed,-0.0864673483039413
12759,manyterrorists,-0.0864673483039413
20993,terro,-0.0864673483039413
5019,cozumel,-0.0864673483039413
7740,farwill,-0.0864673483039413
1994,authorities,-0.0864673483039413
6351,dowhatever,-0.0864673483039413
14660,ondual,-0.0864673483039413
8728,gameexperience,-0.0864673483039413
18679,shanghai,-0.0864673483039413
18787,shockingly,-0.0864673483039413
21088,thehighly,-0.0864673483039413
20103,storylinesproduct,-0.0864673483039413
1197,aliveproduct,-0.0864673483039413
21480,tone,-0.08656151629703142
5348,cydonia,-0.08663659205947954
21991,typical,-0.08665085112828648
6907,employed,-0.08668424795138165
11173,invited,-0.08668875283111677
5133,crews,-0.08672760967681879
15964,population,-0.08673221463794048
15364,perch,-0.08674370912603531
15929,polys,-0.08674370912603531
941,adrenalin,-0.08674370912603531
18313,scions,-0.08674370912603531
18534,semitransparent,-0.08674370912603531
21374,timeproduct,-0.08674370912603531
22149,undisturbed,-0.08674370912603531
11846,lain,-0.08674370912603531
21044,thatlaras,-0.08674370912603531
15231,pastproduct,-0.08674370912603531
4727,consummate,-0.08674370912603531
9281,grappleit,-0.08674370912603531
4713,constraints,-0.08674370912603531
18466,secretscelebrate,-0.08674370912603531
16603,puzzlesit,-0.08674370912603531
5966,differentproduct,-0.08674370912603531
2074,awoken,-0.08674370912603531
19879,stan,-0.08676206077987336
2723,blistering,-0.08690881865155148
2953,bounty,-0.08695673351456396
12047,legion,-0.08699635976246486
10374,hundreddollarincrement,-0.08703697551253821
20498,surmising,-0.08703697551253821
13260,milliondollarwinner,-0.08703697551253821
9780,headaches,-0.08703697551253821
12168,lifelines,-0.08703697551253821
15435,personwhos,-0.08703697551253821
3559,carpenterwithout,-0.08703697551253821
22763,violinandheartbeat,-0.08703697551253821
2479,bellows,-0.08703697551253821
15492,philbin,-0.08703697551253821
23801,zerodollar,-0.08703697551253821
17523,resurfacing,-0.08703697551253821
8215,flunk,-0.08703697551253821
15951,popculture,-0.08703697551253821
22162,uneducated,-0.08703697551253821
16664,questionsthere,-0.08703697551253821
6349,dow,-0.08703697551253821
18074,saddled,-0.08703697551253821
3767,chairman,-0.08703697551253821
17925,roundyoure,-0.08703697551253821
10775,inflection,-0.08703697551253821
23170,wellrespected,-0.08703697551253821
3755,chaching,-0.08703697551253821
11364,jeffersons,-0.08703697551253821
21547,totalwas,-0.08703697551253821
7407,exhorting,-0.08703697551253821
17172,regiss,-0.08703697551253821
14416,numeric,-0.08703697551253821
3124,broadly,-0.08703697551253821
6148,dissipate,-0.08703697551253821
8519,friendlyyetsarcastic,-0.08703697551253821
21793,tripping,-0.08703697551253821
11989,lazy,-0.0871364428368773
16614,python,-0.0871542671297966
8029,firearm,-0.08716014241518465
19634,speech,-0.08718873291127535
10686,incorporates,-0.087200209423019
11770,kong,-0.08726460887842398
23427,wondered,-0.08726543139473025
4622,conflicted,-0.08728213765302252
21632,trafficclogged,-0.08728213765302252
5139,crimefighter,-0.08728213765302252
10469,idolized,-0.08728213765302252
18913,sidequests,-0.08728213765302252
21390,timid,-0.08728213765302252
17436,researcher,-0.08728213765302252
5147,criminally,-0.08728213765302252
13782,multitentacled,-0.08728213765302252
23111,webslinger,-0.08728213765302252
10995,intellect,-0.08728213765302252
4706,conspirators,-0.08735352183068962
20928,tells,-0.08751152850324628
11281,ix,-0.08785325684705513
23519,wouldbe,-0.08787896412821929
8933,gentle,-0.0879673486141661
20011,stereo,-0.08798409687673242
5801,deserves,-0.0881432216320128
19934,starts,-0.088201845779187
17458,residential,-0.08837508800732649
935,adopt,-0.08847468528259658
16645,quarterback,-0.08852722247680013
8240,fog,-0.0885367004024981
7527,extensive,-0.08860614915907526
19116,skis,-0.08882286330854704
22170,unexpected,-0.08888156325116103
21756,tribal,-0.08890021913518026
7723,faraway,-0.08891533666365077
10001,highexcitement,-0.08898182309425638
1344,amusements,-0.08898182309425638
19698,spiral,-0.08898182309425638
19922,starring,-0.08909218348333552
12409,looked,-0.08914407905467636
9810,healing,-0.08915980603777343
12272,lions,-0.08924184469403566
20020,stick,-0.08947584655360616
19868,stalking,-0.08959976150973568
12333,local,-0.08962179996335039
18594,served,-0.08964607369092219
21816,troop,-0.08978138956242528
22262,unmask,-0.08979577115384446
770,accomplished,-0.08999395244750565
4197,clones,-0.090065775523874
6086,discovery,-0.09014891004250476
20522,survey,-0.09020411640654655
16405,prospect,-0.09020411640654655
12550,lydia,-0.09063907359824343
7045,enlightenment,-0.09063907359824343
21722,treasured,-0.09063907359824343
18290,scholar,-0.09063907359824343
11606,keepsakes,-0.09063907359824343
3860,charmed,-0.09063907359824343
3061,breathtaking,-0.09066224227539611
6182,disturbances,-0.09073170548652738
4408,comfortably,-0.09075042772420701
10691,increased,-0.09078789008400942
4858,copilots,-0.09094300079227273
17773,roach,-0.09094300079227273
16696,r1,-0.09094300079227273
431,3do,-0.09094300079227273
13892,nabit,-0.09094300079227273
15710,plastro,-0.09094300079227273
2366,bead,-0.09094300079227273
3371,cakewalks,-0.09094300079227273
16945,realisticsounding,-0.09094300079227273
4047,circlestrafe,-0.09094300079227273
13605,motel,-0.09094300079227273
15591,pinecone,-0.09094300079227273
20115,strafe,-0.09094300079227273
12134,liberated,-0.09094300079227273
10927,insect,-0.09094300079227273
3990,chopper,-0.09094300079227273
9294,grating,-0.09094300079227273
9443,guarding,-0.09094300079227273
16633,qualities,-0.09111234825741153
4802,conventions,-0.09115574465327624
2220,banks,-0.0912153508905292
12128,lewis,-0.09124079170579912
8135,flaw,-0.0913323852252848
15376,performances,-0.09133832271426129
860,active,-0.09142073548825445
205,1943,-0.09144452805064547
13811,muscles,-0.0915395222899463
4746,contestants,-0.09154558673721912
17853,roles,-0.09178438408116313
21516,toptier,-0.09181863469847586
20484,supremacy,-0.09185108457240042
4974,couple,-0.09201091547571093
1220,allocate,-0.09206245353051175
4276,code,-0.09217422310411495
1479,announcer,-0.09233393618347041
2983,brace,-0.09248393552528562
9420,grunts,-0.09250297854027557
4929,costume,-0.09253503967756484
2052,award,-0.09255935640128697
9151,golfers,-0.09284942482193073
11357,jedi,-0.09288250917217561
1603,approximately,-0.09295250310330218
20856,teammates,-0.09300539621192763
16534,punches,-0.09304162219084905
8129,flatten,-0.09305414843806394
19123,skulls,-0.09308126372950885
23101,weathered,-0.09308126372950885
4988,courts,-0.09343521446291815
12601,madden,-0.09343921768345313
9616,handicap,-0.09355220652836917
7312,evident,-0.09356786093100601
2539,betray,-0.09358146223403974
19475,sorcery,-0.0936783111814113
8929,genresportsgames,-0.09375962455497208
20816,taught,-0.09376906446878855
1569,appearance,-0.09377614785107523
11480,juggernaut,-0.09389971998366349
9194,gotten,-0.09396807593933242
16488,ptbs,-0.09401066205410279
1908,attackdefend,-0.09401066205410279
23387,withdrawal,-0.09401066205410279
20977,terrainsfeatures,-0.09401066205410279
4078,civic,-0.09401066205410279
4840,cooperating,-0.09401066205410279
9927,hereditary,-0.09401066205410279
23624,xml,-0.09401066205410279
18935,sightvisibility,-0.09401066205410279
17255,religions,-0.09401066205410279
15288,pbem,-0.09401066205410279
15624,pitboss,-0.09401066205410279
13422,modability,-0.09401066205410279
4079,civics,-0.09401066205410279
16399,prophetsgreat,-0.09401066205410279
13527,month,-0.09401533813605686
1461,animatronics,-0.09402541153197971
3285,businessstrategy,-0.09402541153197971
1922,attend,-0.09402541153197971
5972,difficultyfive,-0.09402541153197971
6693,eaten,-0.09402541153197971
18311,scifiamazing,-0.09402541153197971
1923,attendance18,-0.09402541153197971
4712,constitutes,-0.09402541153197971
8600,fullyanimated,-0.09402541153197971
415,360degree,-0.09402541153197971
15178,parkwide,-0.09402541153197971
10531,imaginablebuild,-0.09402541153197971
17123,referred,-0.09402541153197971
16023,posted,-0.09402541153197971
22767,vips,-0.09402541153197971
20376,suggests,-0.09402541153197971
20431,superfluous,-0.09402541153197971
15319,peeps,-0.09402541153197971
15318,peep,-0.09402541153197971
12529,lurching,-0.09402541153197971
8246,folder,-0.09402541153197971
14156,nicetouch,-0.09402541153197971
968,advantages,-0.09414538666555973
15637,pits,-0.09421997484215551
10909,innovations,-0.09422578185035764
20520,surroundsound,-0.09423433522993288
12084,leonard,-0.09469103421749964
6248,dodging,-0.09472678388531391
9067,globe,-0.09487597207828027
15459,petty,-0.09488267201864328
9285,grasp,-0.09496838198332606
13282,mindstopping,-0.0949806936026398
14274,nolf,-0.0949806936026398
3632,cataclysmic,-0.0949806936026398
16131,predicaments,-0.0949806936026398
12109,levelbuilding,-0.0949806936026398
15287,pazzo,-0.0949806936026398
10498,il,-0.0949806936026398
22843,volkovs,-0.0949806936026398
13376,missionwhether,-0.0949806936026398
2107,bacalov,-0.0949806936026398
11288,jackdeadly,-0.0949806936026398
4897,corrector,-0.0949806936026398
18218,say,-0.09500046209876721
9721,harvest,-0.09501435863693904
8573,fuel,-0.0950471078566166
18249,scarier,-0.09510746561831432
2263,bars,-0.0951139980864338
22141,underworld,-0.09512801838945423
8901,generic,-0.09513530934924994
19927,start,-0.0952110153883008
5532,debated,-0.09531698320164365
17441,resemblea,-0.09531698320164365
15707,plas,-0.09531698320164365
15346,pentapyramid,-0.09531698320164365
1860,astronauts,-0.09531698320164365
10843,informationyour,-0.09531698320164365
1861,astruggle,-0.09531698320164365
12737,manned,-0.09531698320164365
12735,mankindproduct,-0.09531698320164365
6962,endingsthe,-0.09531698320164365
22521,validity,-0.09531698320164365
18767,shipcrippled,-0.09531698320164365
13234,milelong,-0.09531698320164365
23744,yourspaceship,-0.09531698320164365
12824,marsthe,-0.09531698320164365
5349,cydoniamensae,-0.09531698320164365
20527,survivalprepare,-0.09531698320164365
5531,debate,-0.09531698320164365
8422,fram,-0.09531698320164365
12823,marsproduct,-0.09531698320164365
10363,humanoid,-0.09531698320164365
13798,munity,-0.09531698320164365
514,55000,-0.09531698320164365
5670,degreenavigation,-0.09531698320164365
1843,assumethe,-0.09531698320164365
4083,civilization,-0.09542807426027088
2639,bites,-0.09546138798903632
2443,behaviors,-0.09553776368295602
3910,chefs,-0.09566994490270617
17211,reinvention,-0.09568014860610093
5102,creates,-0.0957728273202186
17507,restored,-0.09580412110872683
8851,gave,-0.09590044326135214
2429,beginner,-0.09604423860278491
11511,jungles,-0.09617263209861272
18796,shoot,-0.09622102052890134
21653,traits,-0.09623193485949906
7926,fianc,-0.09635379738461461
22128,undersea,-0.09648068123678692
5533,debris,-0.0965297179811885
12985,meat,-0.09655549457390275
13689,moving,-0.09667964729480336
5075,crazy,-0.09677315464582126
7560,exude,-0.0968249314408854
22661,vertical,-0.0968422057986284
12242,lineage,-0.09697376239096597
12632,magneto,-0.096975387203374
2026,avatars,-0.09718273038999466
16693,quite,-0.09722890819701029
13287,mines,-0.09730329404251138
8125,flashy,-0.09737868012191168
3889,cheats,-0.09739222522369516
4597,concrete,-0.097484671892411
16391,properly,-0.09753999066253605
10219,hoped,-0.0976505527790755
385,30000,-0.09782184178364813
4806,converse,-0.09782184178364813
5400,dancer,-0.09782321632896919
22851,von,-0.09791416547675091
4723,consume,-0.09794241179777324
1285,amateurish,-0.09797987595600838
12373,logged,-0.09807640519505277
1384,andlara,-0.09835721469307239
1056,aged,-0.09835721469307239
6893,emperors,-0.09835721469307239
17646,rhysdavies,-0.09835721469307239
4330,collective,-0.09835721469307239
12584,machete,-0.09835721469307239
5528,deathtraps,-0.09835721469307239
1747,artifactheart,-0.09835721469307239
5546,decapitating,-0.09835721469307239
5173,crocodiles,-0.09835721469307239
17291,reminding,-0.09835721469307239
3861,charming,-0.09835721469307239
18754,shimmy,-0.09835721469307239
15692,plank,-0.09835721469307239
15871,poacher,-0.09835721469307239
9250,graphicadventure,-0.09835721469307239
16003,positionyou,-0.09835721469307239
14372,notwithstandingindiana,-0.09835721469307239
8190,floppy,-0.09835721469307239
9712,harrison,-0.09835721469307239
199,1935,-0.09835721469307239
6395,dragonfrom,-0.09835721469307239
13721,mug,-0.09835721469307239
362,2k,-0.0983925524127441
11253,itchy,-0.09841139580632899
10218,hope,-0.0984150291576354
144,150,-0.09841846884997156
2743,blocks,-0.09842320417323748
2153,baggage,-0.09845850575103764
6473,dripping,-0.09873907592969437
3323,byrl,-0.09881157957011862
2316,batting,-0.09883675145956959
21924,tutorial,-0.09905185926431136
18580,sergeant,-0.09918429742447527
634,94,-0.09927337534536333
17462,resist,-0.09933563080864921
20863,teamspecific,-0.09945646619359821
18605,set,-0.0994725375163575
16219,pretty,-0.0995588331736462
15159,paratrooper,-0.09973450048257446
14998,overwhelmed,-0.09976501516789134
7514,expression,-0.09987467220558227
8830,gary,-0.09989245520122397
163,16bit,-0.09992222939495342
11131,invade,-0.09994088510325247
21412,tips,-0.10020331373925002
13584,morphing,-0.10028361284397337
15448,peter,-0.10039389755203501
19648,spell,-0.10039449371328665
2141,bad,-0.10045699463880284
1172,alert,-0.10057334402657578
5941,did,-0.1006008503627221
13076,mentally,-0.1006125206583462
4213,clothing,-0.10066235944751452
19657,spent,-0.10067090943172333
10346,hulk,-0.10068839052347633
10625,improved,-0.10072556779242552
8898,generator,-0.10078660586055453
22884,wager,-0.10080305405819971
70,1000,-0.10088263074699122
242,1999,-0.10090693224526374
13131,meteor,-0.10094566206051052
16930,readily,-0.10094566206051052
7878,fellow,-0.10099575643465096
8307,foreboding,-0.10100326135959314
5496,deadlier,-0.10103424917040076
20262,stupid,-0.10103516884596064
20086,stormand,-0.10103875221323952
14169,nightcrawler,-0.10103875221323952
16034,pot,-0.10108301212202901
19154,slash,-0.10117466010830656
11448,josh,-0.1012037410478267
6046,disappearance,-0.10132407009674696
17784,roam,-0.10132500522811293
4071,citys,-0.10151403121915197
13104,merges,-0.10159649044535159
12778,march,-0.1017330834792194
9999,highest,-0.1018545819276614
11700,king,-0.10191257920575178
8308,forecasting,-0.10194931280903297
20978,terran,-0.10198534642725089
16217,prettier,-0.10203733048941907
541,64,-0.10213256556083843
10550,immediately,-0.10215679294078643
10888,injuries,-0.10216476677588714
900,additions,-0.10222956221747449
8233,focus,-0.1022912619464374
20842,teacher,-0.10236576837741215
20626,swords,-0.10236595063820103
10,console_PlayStation 2,-0.10239998546948405
10398,hurry,-0.1024859958948246
14820,organization,-0.10274161211663242
8205,flowing,-0.10275783553188447
16047,pounding,-0.10278931423460264
8183,floatplane,-0.10296737589075988
3589,cartoonish,-0.10311233034261313
16301,processor,-0.10319631022536487
18077,sadly,-0.10319641800884574
8998,gifts,-0.10323193544487494
3959,china,-0.10327244197823614
10149,hole,-0.10332252418036653
352,29475,-0.10336648863854299
17969,rubika,-0.10336648863854299
20639,sympathize,-0.10336648863854299
15007,ownare,-0.10336648863854299
14642,omnitek,-0.10336648863854299
4349,colonist,-0.10336648863854299
16385,propelled,-0.10336648863854299
9631,handsanarchy,-0.10336648863854299
15765,playersin,-0.10336648863854299
1066,ageold,-0.1033770728839692
10477,ignite,-0.10340126439839238
4439,commentary,-0.10343947508755547
5221,crumble,-0.10352531738945485
5291,curry,-0.10354322262733777
20891,technology,-0.10356110735884048
13804,murders,-0.10362961568102261
18884,shut,-0.10366907386704013
21744,trenches,-0.10377236721171718
862,activision,-0.1039601630507416
12136,liberating,-0.1039601630507416
22167,uneven,-0.10402870031745397
8046,fireworks,-0.1041530774102017
10203,honing,-0.10428429281469141
15188,participating,-0.10434483794938325
7548,extras,-0.10443933381542767
5648,definition,-0.10444811622247256
10210,hooked,-0.10448405289008397
8746,gamepad,-0.10457082681200014
15743,playable,-0.10457257656833331
10697,incredibly,-0.10467475772252167
21699,traps,-0.10469270034048894
4340,collision,-0.10481113542063246
7904,fest,-0.10486743830992161
1343,amusement,-0.10492815291584427
10994,intel,-0.10497122974744691
15135,paperthin,-0.10498528912383366
9489,gunner,-0.1051187778233173
7880,fellowship,-0.10517095832333158
2425,befriends,-0.10524005180336331
6153,distant,-0.10529243760822647
16562,purely,-0.10532924033192588
13312,mining,-0.105353769430918
17236,release,-0.10570991120768898
16178,prerendered,-0.10575362338735968
19040,sister,-0.10587971944073842
2049,awakening,-0.10590874835424119
17012,receives,-0.10602752788727761
1419,andvehicles,-0.10610690958637436
11837,ladder,-0.10635261389718446
13038,melds,-0.10637490897984142
9182,gory,-0.1064915741065851
13472,molds,-0.10656655946040627
15804,playstyle,-0.10656655946040627
18157,sandboxshooter,-0.10656655946040627
13242,militant,-0.10656655946040627
16736,radar,-0.10656655946040627
17454,reshaping,-0.10656655946040627
9109,goanywheredoanything,-0.10656655946040627
20043,stingers,-0.10666737691198132
13132,meteorite,-0.10666737691198132
22627,vending,-0.10666737691198132
2178,ballad,-0.10666737691198132
18904,sidebyside,-0.10676573662217856
21058,theatricalquality,-0.10676573662217856
7140,environmentsfrom,-0.10676573662217856
2858,bonded,-0.10676573662217856
5718,demolish,-0.10676573662217856
3838,charactersmany,-0.10676573662217856
3836,charactersincluding,-0.10676573662217856
7290,everintroduces,-0.10676573662217856
13844,mutantssuch,-0.10676573662217856
1554,apocalypsesequel,-0.10676573662217856
5527,deathstrike,-0.10676573662217856
14280,nominee,-0.10676573662217856
12614,madri,-0.10676573662217856
17177,regroup,-0.10676573662217856
6912,empower,-0.10676573662217856
10256,horsemen,-0.10676573662217856
5233,crushing,-0.10710910867596658
13303,minigames,-0.10712708858086972
8766,gameshow,-0.10715529928813874
3753,cg,-0.10726133591592871
4756,continents,-0.10726408966040324
6377,drab,-0.10729615187456833
18995,simulations,-0.10731962369546186
8488,freeway,-0.1074258155241608
10308,households,-0.10755745142918983
21552,touch,-0.10759088935741001
17340,repair,-0.1077524213249542
5839,destroyers,-0.10792039233121101
12157,lies,-0.10796251747250021
11477,judging,-0.10806908590426688
4895,correct,-0.10808255877991833
18940,signals,-0.10818031088622772
13397,mixes,-0.1082881975439395
102,10th,-0.10837928980403211
6855,embark,-0.1084131140031428
17807,robotic,-0.10856804941200303
4371,columns,-0.10856904436043616
7797,favorites,-0.10858352496248223
11465,joystick,-0.1085866179284799
12661,major,-0.10876636089905065
8409,fps,-0.10882604952166984
7332,evolving,-0.10904824150164277
15468,pga,-0.10906400698660598
5931,diamond,-0.10915569391914923
6272,dolls,-0.10922226550151143
16271,prisoner,-0.10922226550151143
13834,muster,-0.10922226550151143
10957,instances,-0.10923535699219478
23144,wellanimated,-0.1092890883732442
12703,manages,-0.10944845104505872
22528,valuable,-0.10947907786367408
4812,converted,-0.10949523001137293
7760,faster,-0.10960897740038425
15559,pies,-0.10961071972369556
16355,project,-0.10964378712039811
4008,chronicle,-0.10979987955690224
16690,quirks,-0.10999428563409469
1566,appealing,-0.1100244961095316
19126,sky,-0.11004536555706561
1645,archery,-0.11006412793310842
8477,freely,-0.11019481200168575
759,acclaim,-0.11019861405358448
5729,demonstrate,-0.11036264256022768
21705,travel,-0.11055627748599481
4679,conservative,-0.11059425475564037
23584,wwii,-0.11064660627709183
10774,infinity,-0.11068288279079086
9563,halfpipes,-0.11069943097907751
16837,rangers,-0.11088160351376075
14689,onetime,-0.11097909295620569
20681,tablets,-0.11105465891482788
16557,purchase,-0.11110372446679945
15030,pacific,-0.11116137871560985
732,accelerated,-0.11117838246786851
20373,suggest,-0.11119701458031757
18308,scientist,-0.11124628284298498
12813,marooned,-0.11133460210691626
20817,taunt,-0.11135062338406507
15189,particle,-0.11141531510079858
14922,outpost,-0.11147282026537521
9189,gothe,-0.11156118424508958
16392,properties,-0.11158492083367086
19055,sixchannel,-0.11160459003270719
6814,element,-0.11185731895887999
16282,prize,-0.1120223071896624
22129,understand,-0.11207304963490407
165,16mb,-0.1122081480934915
877,adam,-0.11225940857564926
3991,choppers,-0.11226917091986531
2234,bare,-0.11262755259979863
17741,ripple,-0.11282321714968271
11745,know,-0.1128247895575737
20089,storms,-0.11292158554289312
22624,velocity,-0.11302997501737418
21667,transfers,-0.11303647589586868
21663,transcend,-0.11303810427237986
23174,wellthoughtout,-0.11303810427237986
9653,haphazard,-0.11303810427237986
13144,metoo,-0.11303810427237986
7344,examined,-0.11303810427237986
18508,seldom,-0.11303810427237986
740,acceptance,-0.11303810427237986
20491,surfaced,-0.11303810427237986
21796,trite,-0.11303810427237986
23533,wrapping,-0.11303810427237986
19476,sorcerys,-0.11303810427237986
17389,represents,-0.11346044041631345
18692,shared,-0.11356717519232974
17799,robert,-0.11379879534370496
11174,invites,-0.11386503788166849
9116,goddess,-0.11399447688728705
7570,eyepopping,-0.1142196669180712
16199,press,-0.11423549744621377
16692,quit,-0.1142886129575844
8470,freeflight,-0.11430774282839992
17219,rejecting,-0.11432871148169406
7200,erupt,-0.11432871148169406
19294,smoldering,-0.11432871148169406
14954,overcoming,-0.11432871148169406
22669,vesuvius,-0.11432871148169406
5038,crammed,-0.11434156525343439
6296,donovan,-0.1144397894672688
16088,practicing,-0.1144397894672688
9208,gps,-0.11447144956483907
21967,twoontwo,-0.1144733518742136
15866,plus,-0.11452177734454097
7575,eyewitness,-0.1145229924305726
22419,upside,-0.11456480024218953
14878,outback,-0.1146393680184119
13270,mimics,-0.11480855247826788
4564,comrades,-0.11487349852782171
22532,values,-0.11492079785450425
12456,lovable,-0.11493853414681948
6239,doctor,-0.11495969098313294
17669,rid,-0.11498116424826493
22301,unresponsive,-0.11500944485939271
8270,fool,-0.11501208461271056
11619,kenny,-0.11501208461271056
21543,totally,-0.11523630646906594
9242,grant,-0.11526016994094274
6568,duke,-0.11528627649339858
10504,ill,-0.11532242088961527
11835,lacks,-0.11532284881255106
18611,settings,-0.11537280291947583
20224,structured,-0.11554096822068004
22854,vote,-0.11554981167789552
18006,runes,-0.11556445366747958
22223,unite,-0.11557028725797386
20879,technicians,-0.11557544546412833
9992,higher,-0.11559695095064011
11434,joins,-0.11566161600011537
23153,welldesigned,-0.11579489068454586
13841,mutant,-0.11579824314547849
2569,biessenersubscribe,-0.11603050815754701
6546,dubbed,-0.11612062773155644
22660,vertex,-0.11614809465205246
12814,marquee,-0.11641387103345348
12867,mastering,-0.11654810230863746
13461,mods,-0.11671970514121628
12070,lends,-0.11688513282351914
3388,calling,-0.11694189817675163
4820,convincing,-0.1170216487364003
16872,rated,-0.11703408910945348
8853,gb,-0.11704453899184247
21978,tycoon,-0.11705091860025212
14476,obscura,-0.11709985272760835
17641,reynolds,-0.11724921006092914
18992,simulating,-0.11733311722829862
4877,cornered,-0.11733311722829862
5392,damning,-0.11733311722829862
15072,pains,-0.11733311722829862
926,admirals,-0.11733311722829862
10755,infantrymen,-0.11733311722829862
4490,compatible,-0.1173375109048506
7901,ferry,-0.1174468299698813
11987,lays,-0.11749913354741866
14518,ocean,-0.1180004716304176
9804,headtohead,-0.11800367038133303
10873,inheritance,-0.11805971762300765
20579,sweaty,-0.11806574302891554
2318,battle,-0.11817790899835773
21629,traditional,-0.11819687164542504
22217,unique,-0.11827498063242943
90,108,-0.11828015845828244
13008,medicine,-0.11828015845828244
23171,wells,-0.11828015845828244
11091,intheres,-0.11828015845828244
3936,chicagos,-0.11828015845828244
15488,phifer,-0.11828015845828244
14624,olds,-0.11828015845828244
17513,restthen,-0.11828015845828244
14279,nominations,-0.11828015845828244
18736,sherry,-0.11828015845828244
13285,minefield,-0.11828015845828244
183,1849,-0.11828015845828244
13034,mekhi,-0.11828015845828244
10302,hoursyou,-0.11828015845828244
6876,emergencies,-0.11828015845828244
13989,nbc,-0.11828015845828244
11053,intern,-0.11828015845828244
23152,welldeserved,-0.11828015845828244
20198,stringfield,-0.11828015845828244
21437,tnt,-0.11828015845828244
6120,disorders,-0.11828015845828244
14249,noah,-0.11828015845828244
1306,ambulance,-0.11828015845828244
21729,treating,-0.11828015845828244
20962,tenth,-0.11828015845828244
14161,nielsen,-0.11828015845828244
15571,pileup,-0.11828015845828244
4971,county,-0.11828015845828244
263,20000000,-0.11828015845828244
23592,wyle,-0.11828015845828244
5136,crichton,-0.11828015845828244
12114,levels,-0.1184717291508681
3595,carts,-0.11852640601770335
2808,boasts,-0.11860683891141116
14579,offroad,-0.11861416399019321
14950,overall,-0.11874235571916619
22228,units,-0.11888837204533172
16878,ratings,-0.11889520606451696
10074,hint,-0.11893122238458612
18960,silver,-0.1190633007719056
13988,nbas,-0.11921144768344169
12021,leave,-0.11924134055144436
1401,andrews,-0.11935163768330956
16443,provinces,-0.11949968229630653
22982,warriorand,-0.11949968229630653
20227,struggles,-0.11949968229630653
8542,fromwizard,-0.11949968229630653
3275,buses,-0.11951203789383244
20599,swim,-0.11977594549449509
3795,chances,-0.11977835663537774
5331,cutthroat,-0.11993129014588344
15408,persia,-0.11993285706514681
22122,undermine,-0.1200438970594038
2310,batter,-0.12022973811828902
3309,buxom,-0.12024903573911598
2776,blowup,-0.12024903573911598
15098,pali,-0.12024903573911598
8390,fourarmed,-0.12024903573911598
4618,confinement,-0.12024903573911598
23258,whothrough,-0.12024903573911598
20963,tenuously,-0.12024903573911598
4413,comicbook,-0.12024903573911598
19484,sorties,-0.12024903573911598
12819,marshal,-0.12024903573911598
13205,midriffs,-0.12024903573911598
18824,shortlived,-0.12024903573911598
23413,woefully,-0.12024903573911598
12502,luckwas,-0.12024903573911598
7151,epics,-0.12024903573911598
21431,titlesalthough,-0.12024903573911598
22127,underrated,-0.12024903573911598
18421,searchanddestroy,-0.12024903573911598
13308,minimalist,-0.12024903573911598
12900,matt,-0.1202549659202557
13551,morale,-0.1203270460539133
2849,bombers,-0.12038829447643244
8821,garner,-0.12063720303481432
8956,gerstmann,-0.12066920881264093
6670,ease,-0.12089731787379293
17709,rigors,-0.12092636257491368
22016,uclas,-0.12092636257491368
17941,roy,-0.12092636257491368
11558,kansass,-0.12092636257491368
11966,lavin,-0.12092636257491368
21245,threes,-0.12092636257491368
8195,floridas,-0.12092636257491368
547,64team,-0.12092636257491368
2595,billy,-0.12092636257491368
15499,phoenix,-0.12095155227097146
7117,entrenched,-0.12099400269390928
9621,handled,-0.12109519088617747
13541,moon,-0.1211455737328236
8428,framework,-0.12119553778825262
2374,bear,-0.12127449095084039
14930,outs,-0.12131692826023631
1115,aint,-0.12132258015260199
17434,research,-0.12132743714602565
5555,decent,-0.12135963753282149
4735,contains,-0.12138620827229946
8097,flag,-0.12148428072195812
12907,mattress,-0.12153109918473783
11428,johnnys,-0.12153109918473783
3587,cartmans,-0.12153109918473783
9893,hello,-0.12153109918473783
11772,kongstyle,-0.12153109918473783
20805,tastelessly,-0.12153109918473783
22057,unabashed,-0.12153109918473783
11216,isaac,-0.12153109918473783
20583,sweeeet,-0.12153109918473783
21750,trey,-0.12153109918473783
4780,contributed,-0.12153109918473783
9609,handeye,-0.12153109918473783
12693,mambo,-0.12153109918473783
15177,parkthemed,-0.12153109918473783
17836,rodeo,-0.12153109918473783
15176,parkstyle,-0.12153109918473783
9768,hayes,-0.12153109918473783
16678,quickstart,-0.12155950911895459
2939,bottomless,-0.12164825381842959
4389,combined,-0.12172371910570588
21912,turnovers,-0.1218860799908984
12941,mayors,-0.12188731816349553
20437,superhigh,-0.12191579448764799
15814,pleased,-0.12194960457097216
4370,columbia,-0.12204762914537037
19268,smallest,-0.12205690853273368
3737,century,-0.12211427896656836
2439,behave,-0.12217663135047228
8578,fugitive,-0.12218953594280865
7952,fiery,-0.12219828291788304
18842,shouldnt,-0.12235098987485887
19923,stars,-0.12237899265241164
19844,staff,-0.12241139246898608
22290,unravelsonic,-0.12264556569739991
19408,soleanna,-0.12264556569739991
3377,calculating,-0.12264556569739991
9851,hedgehogformat,-0.12264556569739991
18578,serenity,-0.12264556569739991
21873,tude,-0.12264556569739991
13624,motivesto,-0.12264556569739991
3041,breakable,-0.1228905909659005
20234,student,-0.122891145656842
735,accelerator,-0.12306693367877715
6284,dominates,-0.12308685826087346
23840,zossissue,-0.12311507126226508
22022,uhh,-0.12311507126226508
20369,suffers,-0.12320509327868041
15215,passengers,-0.12326668088000939
649,98me2000xp,-0.12334062067362515
6905,emplacements,-0.12349667282014813
20220,struck,-0.12352879904696024
5470,days,-0.12363251692719494
23546,wrestlemania,-0.12371927308375102
20976,terrains,-0.1237232589914014
963,advances,-0.12380062465154196
2280,basically,-0.12402053214366436
18141,samurai,-0.12416176433483242
16201,pressed,-0.12420652140610326
6574,duncan,-0.12420652140610326
8316,foreseeable,-0.12420652140610326
853,actionthe,-0.12435245134050824
8157,flexibilitynow,-0.12435245134050824
12152,licensing,-0.12435245134050824
21283,throwins,-0.12435245134050824
12453,loungepick,-0.12435245134050824
17304,remotely,-0.12437638685301877
12977,means,-0.12437934317318285
2900,boots,-0.12440450475111779
7010,engineering,-0.12448864769845101
22762,violently,-0.124790635406496
8026,firaxis,-0.1248241597623722
10810,informationfrom,-0.1249056200238991
1766,asecret,-0.1249056200238991
4375,combatenabled,-0.1249056200238991
13632,motorcyclesproduct,-0.1249056200238991
15855,plugging,-0.1249056200238991
1720,aroutine,-0.1249056200238991
1063,agentperfect,-0.1249056200238991
8397,fourplay,-0.1249056200238991
22609,vehiclesinclude,-0.1249056200238991
11416,joannasdestiny,-0.1249056200238991
21077,theexcitement,-0.1249056200238991
11389,jetpacks,-0.1249056200238991
5811,designonline,-0.1249056200238991
11414,joannadark,-0.1249056200238991
10317,hovercrafts,-0.1249056200238991
5643,definesnextgeneration,-0.1249056200238991
8680,gadgetsfrom,-0.1249056200238991
15766,playersinto,-0.1249056200238991
1709,arms,-0.12494060905112589
2128,backs,-0.1250151278354848
21253,thriller,-0.1252705550357567
15785,playmaker,-0.12531796109665905
2267,barts,-0.1256642349409247
20048,stinkyfish,-0.1256642349409247
18983,simpson,-0.1256642349409247
21223,thrash,-0.1256642349409247
23255,whopping,-0.1256642349409247
9177,gorge,-0.1256642349409247
8486,freeskate,-0.1256642349409247
11794,krustylu,-0.1256642349409247
18366,scratchy,-0.1256642349409247
8024,fink,-0.1256642349409247
14058,nelson,-0.1256642349409247
11804,kwikemart,-0.1256642349409247
19101,skillz,-0.1256642349409247
1656,arctic,-0.12583144661166637
18564,separatist,-0.12602306530458843
2564,bidder,-0.12603594901628878
11345,jawdropping,-0.12629780303840574
16561,pure,-0.12655530160067863
5174,croft,-0.12657775672630847
13949,national,-0.12662019196757632
1091,ahead,-0.12664533899544006
868,actors,-0.1268606824326689
8437,francisco,-0.12699292825965214
13585,morphix,-0.12718190046873187
12410,looking,-0.12722931015973266
7405,exhilarating,-0.1272337286121779
22793,vistas,-0.12730529077708805
2276,bases,-0.12731721509990215
7408,exile,-0.12736090597254954
12049,legions,-0.12760348954809325
1821,asset,-0.12762848876741364
15422,personality,-0.12773170361135858
17928,route,-0.12774460027752818
20312,submission,-0.12778953479964875
12652,mainstream,-0.1279212342866216
19655,spend,-0.12812421652962525
5690,deliver,-0.12818982180251318
455,400,-0.12821962941564316
12799,marker,-0.12822742241875026
8445,frantic,-0.1283173947424563
19393,softwares,-0.12836714900661486
2312,batteries,-0.12841125421867144
8084,fivetime,-0.1284496350606985
16481,psychology,-0.1284496350606985
11051,intermediate,-0.1284496350606985
22894,waitzkin,-0.1284496350606985
10657,incarnations,-0.12846168066695995
16520,pulsepounding,-0.12846297435177434
1574,appease,-0.12855154010083106
2394,beautifully,-0.1287539274587689
21117,themost,-0.12882425418718918
17763,rivals,-0.12901747040527606
4829,cooking,-0.12906180453680233
2994,brainiac,-0.12909415413469968
22847,volume,-0.12909705311753414
10866,inhabitants,-0.12917608231532512
128,130,-0.12920728241826818
9481,gunfire,-0.12959769977809818
21798,triumph,-0.1296408114606309
22643,venues,-0.1296421342034141
13052,member,-0.12967399456328674
1967,audition,-0.12970200380255686
19582,sparks,-0.1297089926115734
5209,croy,-0.12996846491851602
23180,werner,-0.12996846491851602
13100,merely,-0.13000537375411622
3909,chef,-0.1300878820562445
14671,onelegged,-0.13009337420891268
14511,occupying,-0.13009337420891268
20207,stroke,-0.13009337420891268
17046,recons,-0.13009337420891268
708,absolutelynothing,-0.13009337420891268
1833,asskicking,-0.13009337420891268
3888,cheatingest,-0.13009337420891268
8550,frontsconceptsimplify,-0.13009337420891268
8564,frustrations,-0.13009337420891268
1116,aintrated,-0.13009337420891268
2545,betterlooking,-0.13009337420891268
20064,stonewall,-0.13009337420891268
8572,fubar,-0.13009337420891268
18240,scant,-0.13009337420891268
5042,cranking,-0.13009337420891268
9210,gr,-0.13009337420891268
9262,graphicscharacter,-0.13009337420891268
22668,vestigial,-0.13009337420891268
14784,opting,-0.13009337420891268
7097,entertainmentwar,-0.13009337420891268
668,aapplaud,-0.13009337420891268
13162,mhz,-0.13012355947485385
11257,items,-0.13016458461772548
3729,center,-0.13030915969330784
23175,welltrained,-0.13032929189857556
14721,onthe,-0.13039170864513305
21170,theyre,-0.13044466946913805
4687,considering,-0.13048956236599032
21625,tradeskills,-0.13053055570953043
22389,upc814582411327,-0.13053055570953043
1649,archipelago,-0.13053055570953043
14234,no41132,-0.13053055570953043
20929,telon,-0.13053055570953043
18405,seabased,-0.13053055570953043
21877,tumultuous,-0.13053055570953043
6016,diplomat,-0.13053055570953043
8639,furnishing,-0.13053055570953043
22958,warhorse,-0.13053055570953043
2232,bard,-0.13053055570953043
7949,fiercely,-0.13053055570953043
19861,staking,-0.13053055570953043
265,2000xp,-0.13053055570953043
7947,fiendsgame,-0.13053055570953043
14737,openers,-0.13053055570953043
2658,blacksmithing,-0.13053055570953043
21155,thestra,-0.13053055570953043
16616,qalia,-0.13053055570953043
11763,kojan,-0.13053055570953043
11258,itemsformat,-0.13053055570953043
16458,psionicist,-0.13053055570953043
6944,encroaching,-0.13053055570953043
17337,rental,-0.13053785558639286
4189,clobber,-0.13058330770291268
975,adventurer,-0.13066903244225106
20921,teleportation,-0.1306883082082055
17930,routes,-0.13070917594196407
12892,materials,-0.13086772097162952
16694,quiz,-0.1309161589888701
7171,equestrian,-0.13099747719741525
11232,isle,-0.13110450300405185
3100,brilliantlooking,-0.13124668599844158
22295,unrecognizable,-0.13124668599844158
11630,kevin,-0.13124668599844158
20201,stripped,-0.13124668599844158
14661,oneals,-0.13124668599844158
17439,resemblance,-0.13124668599844158
16288,probasketball,-0.13124668599844158
18689,shaquille,-0.13124668599844158
18688,shaqs,-0.13124668599844158
10080,hiphopfunk,-0.13124668599844158
10727,individualplayer,-0.13124668599844158
8825,garnett,-0.13124668599844158
18843,shouldve,-0.13124668599844158
19880,stance,-0.13133573881689312
14140,nextgen,-0.13155689079765295
22392,upcoming,-0.13168667742152843
17484,respects,-0.13170291182012678
16386,propeller,-0.13180924731211308
21664,transfer,-0.13185432553352272
4573,concentrate,-0.13186306057455233
5487,dday,-0.13198208400005657
2277,bash,-0.13211451842656974
22856,voters,-0.1321622875303209
20536,survivors,-0.13232884080397492
22231,universal,-0.13261431298939336
14862,otherworldly,-0.13274075482551118
17370,replenish,-0.13283371390383053
1593,apprentice,-0.1330024965456872
10525,im,-0.13302128267221064
19596,speaking,-0.13306881814936422
1146,airtraffic,-0.13307370793898401
520,582sl,-0.13307370793898401
8665,g21a,-0.13307370793898401
7902,ferrying,-0.13307370793898401
9417,grumman,-0.13307370793898401
5672,dehavilland,-0.13307370793898401
21506,topoint,-0.13307370793898401
22038,ultralight,-0.13307370793898401
2035,aviators,-0.13307370793898401
1129,aircreation,-0.13307370793898401
2396,beaver,-0.13307370793898401
12915,maule,-0.13307370793898401
9174,goose,-0.13307370793898401
11394,jetways,-0.13307370793898401
12574,m7260c,-0.13307370793898401
13702,mscd25786wi,-0.13307370793898401
5918,dhc2,-0.13307370793898401
8670,g5,-0.13309888032526054
4772,contracts,-0.13319600902072096
19591,spawn,-0.13339252046890124
16528,pumped,-0.13339252046890124
22743,villages,-0.13353451464272825
17816,rocket,-0.13373209134770866
22883,waged,-0.13380528815984333
18120,salute,-0.13385418673285426
17877,romes,-0.13385418673285426
7779,fateand,-0.13385418673285426
12225,limb,-0.1339632554184915
15092,pale,-0.1339632554184915
3194,budgets,-0.13401663262956157
15670,plan,-0.13402298819506128
18096,sage,-0.1341459927565333
1170,alchemists,-0.13415116339787655
16571,purpose,-0.13431760599432876
16289,problem,-0.1344210153573749
9456,guide,-0.13460015732236805
6825,elevates,-0.13477084737247794
19893,standpoint,-0.13478780066726065
4519,completely,-0.13483322785630256
6325,dose,-0.13487835270315768
7033,enigmatic,-0.1349461109962898
6623,dynamic,-0.13507928474364994
10640,inaccessible,-0.13524427896537033
18422,searches,-0.1353130724480604
10836,informationthe,-0.1353389221641595
14201,niobe,-0.13540965548483688
8418,fragile,-0.13541828269755385
13253,millennium,-0.1356112110344494
16487,pt,-0.13574562740428922
20445,superman,-0.13586236070071495
9095,glyphs,-0.1359586139101829
23775,zak,-0.1359586139101829
3848,charges,-0.1361111996808892
4246,coachs,-0.13612564708081798
13966,nature,-0.1361995468549861
15995,poses,-0.13647384481107028
10110,historys,-0.1364761898008883
3007,branch,-0.13666876712167614
6133,displayed,-0.13677252177704585
17360,replayability,-0.13693958318445462
12796,mark,-0.1370989606874571
19107,skip,-0.1372412713697467
9692,hardy,-0.13743961485881745
23568,wrongproduct,-0.13748744945587513
12714,maneuver,-0.1375805021362389
17823,rocking,-0.13774037767244554
5469,daynight,-0.13803004382115103
18618,settlement,-0.13833838523058134
21879,tundra,-0.13854579366327655
6887,emotion,-0.13856749487247216
19962,stay,-0.1385896396309133
10390,hurdles,-0.138638867744246
9918,hepthlon,-0.138638867744246
5547,decathlon,-0.138638867744246
5922,diabolical,-0.13873559795406062
4410,comic,-0.13888231559284575
22748,villains,-0.13904472481670285
4849,coordination,-0.13937276449984354
11631,key,-0.1394122798629478
3784,champ,-0.13947536653808315
4926,costas,-0.13949640835050886
23791,zeile,-0.13949640835050886
9708,harold,-0.13949640835050886
1715,arod,-0.13949640835050886
8304,ford,-0.13961980263729595
4691,consistent,-0.1396498499995228
12840,marvin,-0.1396533867095299
7687,familyfavorite,-0.1396533867095299
3314,buys,-0.1396533867095299
16939,realestate,-0.1396533867095299
19799,squadbased,-0.13979917100287506
191,19,-0.1398902392332454
23210,whereabouts,-0.13991850329251382
8102,flair,-0.1401959512072806
5428,darkest,-0.14028849273856137
9521,guys,-0.14036553077126673
10182,homerun,-0.14039531493832696
17699,rig,-0.1404152303253025
15920,politics,-0.14055161634584018
20700,tactile,-0.14067694743680179
14754,operations,-0.1408107740037446
1502,antiaircraft,-0.14095335992582028
2680,blankets,-0.14095335992582028
946,adrenalineliving,-0.14095335992582028
19265,smallarms,-0.14095335992582028
10395,hurls,-0.14095335992582028
19845,staffel,-0.14095335992582028
15104,palms,-0.14095335992582028
18701,shatter,-0.14095335992582028
15406,perseverance,-0.14095335992582028
9385,groundattack,-0.14095335992582028
4217,cloudgunner,-0.14095335992582028
13187,mid1943,-0.14095335992582028
12280,lis,-0.14098166217486968
4716,constructing,-0.14101495124522728
18034,ruthlesscompetitors,-0.14154032608302966
621,90b,-0.14154032608302966
650,98me2000xpcompatible,-0.14154032608302966
10983,intact,-0.14159488654894783
22901,walk,-0.14173626125528987
16173,preplayed,-0.14173635668696807
6437,dreamcast,-0.1417909884551679
8032,fireballs,-0.14200789111595213
20617,switzerland,-0.1420284584061334
15350,people,-0.14219329569367886
18021,rushing,-0.14231279038751624
3539,caring,-0.14241733345787227
10124,hitting,-0.14250238377384772
6164,distorted,-0.1425771933516152
13985,nazis,-0.14266188400143054
20874,tech,-0.1427635522404276
16335,program,-0.14279926977795326
6750,effect,-0.14285771588940224
23006,wastelands,-0.14295509136508164
17858,roller,-0.14307057333572806
8614,functionality,-0.14311629960179187
9185,goth,-0.1432301559470887
6011,dinosaur,-0.14339173222066984
1788,aspect,-0.14367243165881888
20452,superpowers,-0.1443725873738155
20468,suplexes,-0.1443751146289732
13127,metallic,-0.14447459728288067
13523,monstrous,-0.14472713472641208
2422,beforethrough,-0.14495856424072906
21237,threeletter,-0.14495928129485502
23341,wining,-0.14495928129485502
1348,anagrams,-0.14495928129485502
13867,mysterydesign,-0.14522984745725498
9617,handicrafts,-0.14522984745725498
14018,necklaces,-0.14522984745725498
22838,volcanoschoose,-0.14522984745725498
3185,buckssnorkel,-0.14522984745725498
8067,fishingprogram,-0.14522984745725498
5706,demanding,-0.14534564779012546
7378,exclusives,-0.1455338193539528
1104,aid,-0.14556796839613875
5634,defenses,-0.14557125133737644
2071,awkward,-0.1457201832786389
3200,buffy,-0.14595704441368887
12428,lord,-0.1459820986066644
21598,toys,-0.14604476585301893
2678,blanket,-0.14606029042255703
15383,perilous,-0.14608492898258946
17192,reigning,-0.1461360941514668
5322,cutbacks,-0.14627078037420835
15315,pedestrians,-0.14628621927331054
21502,topics,-0.14636228557970557
2672,blake,-0.14650926496998604
18619,settlements,-0.14656945900165805
8969,gettysburg,-0.14665964550638164
7475,explanation,-0.14669970403663096
15740,playabilitythe,-0.14688355691886848
8386,foundations,-0.1470061125691023
5741,dense,-0.14708555863542397
16766,raging,-0.1471148503596316
16287,probably,-0.14718481998239855
5495,deadites,-0.14721277189122606
11731,knew,-0.14722399910940517
11172,invite,-0.1472733225612409
6730,edgy,-0.1472896953323071
10961,instantly,-0.14730798834003545
19647,speedy,-0.1478356181877522
7877,fell,-0.14812129306227925
18945,significant,-0.1482309463064917
11686,killproduct,-0.14830936164881492
11604,keeps,-0.1484493214022538
15240,path,-0.14849700706168958
809,acorns,-0.1486686660099233
10624,improve,-0.14867040733947126
2576,biggest,-0.14881213747602076
12291,literal,-0.14893827942500973
511,5200,-0.14898477274463054
6616,dy,-0.14898477274463054
5851,detachment,-0.14898477274463054
5522,deathmatchbased,-0.14898477274463054
424,384,-0.14898477274463054
6482,driveformat,-0.14898477274463054
13907,namic,-0.14898477274463054
14217,no10920,-0.14898477274463054
22369,upc618870109206,-0.14898477274463054
320,22gb,-0.14898477274463054
13449,modessystem,-0.14898477274463054
151,15ghz,-0.14898477274463054
18041,ry,-0.14898477274463054
17414,requirementsoperating,-0.14898477274463054
18656,shadowsrealworld,-0.14898477274463054
1101,aibattle,-0.14898477274463054
442,3id,-0.14898477274463054
23470,worldaltering,-0.14898477274463054
5101,createdfeaturesnever,-0.14898477274463054
17612,revolutiona,-0.14898477274463054
23690,ynamic,-0.14898477274463054
16847,raphic,-0.14898477274463054
6431,draws,-0.14908437781101497
14508,occupied,-0.1493109384452363
14748,operated,-0.1493109384452363
19482,sort,-0.14940897758757557
21931,tvs,-0.1494861559248363
21927,tv,-0.14967397066111907
15537,pickup,-0.14999400851186848
5744,dents,-0.15023241672544813
20271,style,-0.15040202326918722
4109,clans,-0.15053014214553503
16841,ranked,-0.1505451399757304
21469,toll,-0.1506208276195439
21844,trucks,-0.15067296214743608
17512,rests,-0.1507755511535148
20603,swing,-0.15081645413238606
8966,gets,-0.15106303452601774
15910,policeon,-0.151138611381332
8402,fourteenth,-0.151138611381332
142,14thcentury,-0.151138611381332
6844,elseand,-0.151138611381332
22068,unaware,-0.15114094799747504
17515,result,-0.1512007299068805
12974,meaningful,-0.15122621072976475
19628,spectator,-0.15124802601431067
17519,results,-0.15136768713670457
14744,openworld,-0.15179964821429892
3086,bridge,-0.1520900083060794
7302,everybody,-0.15211922000884
3022,bravery,-0.1521710596051933
18646,shading,-0.15231575233944536
8922,genreentertainment,-0.1523686851006338
6752,effectively,-0.15274242918299372
1896,atomic,-0.1530350772156532
19609,specializations,-0.15320848538090717
3024,braving,-0.15320848538090717
7774,fatalist,-0.15369445689223035
19817,squashed,-0.15369445689223035
12112,levelheaded,-0.15369445689223035
10284,hothead,-0.15369445689223035
7792,faults,-0.15369445689223035
23575,wulong,-0.15369445689223035
16097,praying,-0.15369445689223035
22121,underlying,-0.15369445689223035
14319,norm,-0.15369445689223035
8875,geist,-0.15369445689223035
4852,copbyday,-0.15369445689223035
13499,monk,-0.15369445689223035
627,90yearold,-0.15369445689223035
6209,divinity,-0.15369445689223035
18770,shippedwhen,-0.15369445689223035
3658,catlike,-0.15369445689223035
17235,relearn,-0.15369445689223035
20199,stringing,-0.15369445689223035
21523,torn,-0.1538608085565365
4456,common,-0.15414397459038257
19527,southern,-0.15415044257982047
8107,flamethrowers,-0.15430672237549203
5148,criminals,-0.1545262201650011
4547,compromise,-0.15463251164424588
13258,millionaire,-0.15471389248990092
17033,recognized,-0.15475270717718081
22131,understanding,-0.1547912255195045
11336,japans,-0.15482626884919123
15251,patients,-0.15485440285963098
5006,covertoperative,-0.155129521379669
13245,militarygrade,-0.155129521379669
12740,manning,-0.155129521379669
2616,bioterrorist,-0.155129521379669
7103,enthusiast,-0.155129521379669
1881,athletics,-0.15542188394702164
10435,ice,-0.15549418174912769
3141,brotherhood,-0.15553131318783794
19607,specialists,-0.15568197934443068
23345,winnertakeall,-0.15583142157884022
7118,entrepreneur,-0.15585679922120754
7278,event,-0.15587756889929943
3064,breed,-0.15605012758700526
1568,appear,-0.15613200406838595
13724,muhammad,-0.15631913777200773
18832,shot,-0.15636030796348024
8772,gamespy,-0.1564235031796192
4102,clancy,-0.15642355843430272
14849,os,-0.15651231144130362
17317,rendered,-0.1566995915780984
7623,factions,-0.15691245292452285
9251,graphical,-0.15692250416324044
12987,mech,-0.15723787420483717
13960,natives,-0.15724348382212938
9243,granted,-0.15745663990509617
5674,deity,-0.15748284853153174
3338,cabin,-0.15755248421167
14503,occasionally,-0.1575825285459166
20221,structural,-0.157774052487859
20034,stilllive,-0.157774052487859
19523,sourcessuch,-0.157774052487859
20176,strengthening,-0.157774052487859
13318,minirover,-0.157774052487859
22266,unnatural,-0.157774052487859
15212,passageways,-0.157774052487859
22350,upas,-0.157774052487859
10918,inquiry,-0.157774052487859
19310,snakelike,-0.157774052487859
13452,modeyou,-0.157774052487859
22347,upa,-0.157774052487859
19105,skinning,-0.157774052487859
6826,elevations,-0.157774052487859
12685,malfunction,-0.157774052487859
22729,vigilance,-0.157774052487859
8900,generatorsbelow,-0.157774052487859
5265,cultists,-0.157774052487859
16058,powercell,-0.157774052487859
23552,wretched,-0.157774052487859
7223,espionage,-0.15777726087697672
12130,li,-0.15778151450363337
4290,cohesive,-0.15791002079957397
18777,shire,-0.15794673282334037
21757,tribe,-0.1581752452612725
19610,specialized,-0.15823214710817116
19639,speeding,-0.15830871615441783
3986,choosing,-0.15846765805830074
2980,bpt,-0.1587514547605708
648,989sportsonlinecom,-0.1587514547605708
9434,guadalcanal,-0.15875433989383558
1946,attractive,-0.15891844001926334
8342,format,-0.1589740116468632
20057,stolen,-0.15926883436801798
19909,stare,-0.15940357481458545
4874,corner,-0.15941572983110971
4414,comics,-0.15956405487726458
13577,moria,-0.1596469233163747
7181,era,-0.15971753037672026
14892,outdoors,-0.15982971524636544
270,2001s,-0.15998477860508634
10202,hong,-0.1599953804496703
16395,prophecy,-0.1601313598494303
21854,truplay,-0.16019007209878325
10922,ins,-0.16059147477128594
6251,doesnt,-0.1607081539463728
815,acres,-0.16103528886558519
15563,piglet,-0.16103528886558519
15897,poised,-0.16104496827739578
11918,larry,-0.16116350851087927
9319,greats,-0.16126079541988028
20117,straight,-0.16136546699718493
6516,drug,-0.1614494748676132
5608,deeper,-0.1615538546379926
22705,video,-0.16159519838209419
20999,terrorize,-0.16202193346413565
8497,french,-0.16210764890058857
9441,guardian,-0.1621554856903882
10140,hogan,-0.1622156922170056
3458,capabilities,-0.16241324362555348
3238,bump,-0.16282470107081892
13062,memory,-0.16310336799815137
21329,tigers,-0.16313771240803218
6956,ended,-0.16316318653117448
7632,facts,-0.16339906685388128
113,12,-0.16351768610649312
19260,smack,-0.16361841394678625
7229,essential,-0.16367521737606566
12227,limbs,-0.16371057963739
12335,locales,-0.16428715763464657
19392,software,-0.16436803213851628
15782,playing,-0.1644919831461323
2861,bone,-0.16473088270010075
22136,undertaker,-0.16473088270010075
11314,jake,-0.16473088270010075
9515,guts,-0.16473088270010075
9771,hazards,-0.16473382133532172
9914,henchmen,-0.16479800587296234
15367,perfect,-0.16535702523500362
19707,spite,-0.16542285451510796
15276,payload,-0.16546992783360068
10507,illicit,-0.16582291181551725
14039,nefarious,-0.16590439607583235
13091,mercenary,-0.1659505903458809
10796,informationcommand,-0.16609353558136244
7270,evans,-0.1662294061443059
23386,withdraw,-0.1664091434610473
7122,entrust,-0.1664091434610473
9153,gon,-0.1664091434610473
3259,burial,-0.1664091434610473
2084,aziraals,-0.1664091434610473
19144,slain,-0.1664091434610473
22265,unnamed,-0.1664091434610473
2086,azriaals,-0.1664091434610473
4027,churns,-0.1664091434610473
13593,mortals,-0.1664091434610473
6606,dwarven,-0.1664091434610473
3655,cathalon,-0.1664091434610473
16740,radeon,-0.16646486265549662
19740,spore,-0.16681150636735123
9919,heralded,-0.16704611744946699
7341,exaggeration,-0.1672861273641915
556,70,-0.16735612546856668
19286,smile,-0.1673612570640141
11803,kursk,-0.16749682357623186
4235,clunky,-0.16758817167631476
8243,foil,-0.16775561319409452
15723,platformsmajor,-0.1678631991995349
14226,no27937,-0.1678631991995349
22379,upc710425279379,-0.1678631991995349
10858,ingameformat,-0.1678631991995349
12904,mattersthe,-0.1678631991995349
23454,words,-0.16786942148285772
15170,parker,-0.1682333886731134
14934,outside,-0.16834319400664646
6936,encounter,-0.16835667243889696
8075,fists,-0.16839263735527613
9130,goes,-0.16844295908977872
22171,unexpectedly,-0.1685498675857099
13039,melee,-0.16865685160783525
10632,improving,-0.168658001448034
20449,supernatural,-0.16879159820408088
11138,invasion,-0.168911178201469
13135,meter,-0.1689426757985699
13013,medium,-0.16904168905355163
5605,deepen,-0.16918721548847418
13283,mindto,-0.16918721548847418
9737,hatred,-0.16918721548847418
4425,commanderof,-0.16918721548847418
422,37th,-0.16918721548847418
14655,oncepeaceful,-0.16918721548847418
10782,influenced,-0.16925838228786366
1284,amateur,-0.1693396115606136
14418,numerous,-0.16943349310936684
20751,tall,-0.16943428161250076
22994,wartorn,-0.16947601802561799
20004,step,-0.16953394467511965
14845,orphens,-0.16955715833750004
14573,official,-0.16969394669167898
2738,blocker,-0.16974980744121732
12634,magnificent,-0.17003627100647642
15746,playbook,-0.1702272683439769
20211,stronger,-0.17029038220500609
13004,media,-0.1703991232917014
20523,survival,-0.17091269970037268
16517,pulls,-0.17107630023858159
1356,anarchy,-0.1710962178908161
2475,bell,-0.1711287598140606
7279,events,-0.1713623083621598
1771,ashes,-0.17155943178440927
23060,weak,-0.1716655013621641
5867,determine,-0.1719450813853781
18219,saying,-0.17243060071430089
19617,specialty,-0.17261063571183696
23312,willie,-0.17265874854268287
6331,doubleagent,-0.1729346966078826
16081,powerup,-0.1729598567951389
284,2007,-0.17330123923525986
16581,pursuit,-0.17336709065494627
4431,commemorate,-0.17348741825207062
2871,bonuses,-0.17366727144952393
19865,stalk,-0.17369480054558611
14628,ole,-0.17372077470014613
19965,staying,-0.17378911370465802
9527,gyms,-0.17390424619949327
15168,park,-0.1739081630030541
17725,ringside,-0.17406800168058637
16075,powerslams,-0.17406800168058637
4212,clotheslines,-0.17406800168058637
17802,roberts,-0.17406800168058637
13216,mightier,-0.17406800168058637
13670,movesbut,-0.17406800168058637
17625,revolving,-0.17407395102507642
11056,international,-0.1741839335107399
2225,bar,-0.17425458848683076
23015,water,-0.1742859291315705
5937,dictate,-0.17436345382731444
14302,nonplayer,-0.17443365217735698
12395,longer,-0.17451837903209438
10602,important,-0.17455298935139993
20451,superpowered,-0.17461138330434048
19164,slave,-0.17471419117974737
14731,oops,-0.17471419117974737
16408,prospects,-0.17497647965575525
18420,search,-0.17505992868127812
21781,trilogy,-0.1753688526790234
14973,overpower,-0.17548425198201725
20308,submarinesimulations,-0.1755079044341776
3418,campaignpatrols,-0.1755079044341776
7291,evernew,-0.1755079044341776
1532,anunscripted,-0.1755079044341776
11047,interiors,-0.1755079044341776
21159,thetensionfilled,-0.1755079044341776
13567,moreproduct,-0.1755079044341776
1567,appeals,-0.1755079044341776
5773,depthcharges,-0.1755079044341776
5131,crewcommand,-0.1755079044341776
7839,featuresnew,-0.1755079044341776
7829,featuresand,-0.1755079044341776
23736,yourmilitary,-0.1755079044341776
19626,spectaculargraphics,-0.1755079044341776
20318,subs,-0.1755079044341776
23636,xxi,-0.1755079044341776
2528,bestow,-0.1755079044341776
1391,andmultiplayer,-0.1755079044341776
7788,fatigue,-0.1755079044341776
2011,automotive,-0.17553387924289243
1132,airfields,-0.17589253093602705
21327,tiga,-0.17599238412296742
3278,bush,-0.17599238412296742
18828,shortseason,-0.17599238412296742
18519,selfpreservation,-0.17599238412296742
10567,immunity,-0.17599238412296742
4937,councillearn,-0.17599238412296742
20535,survivordetermine,-0.17599238412296742
16512,pulau,-0.17599238412296742
6959,endgame,-0.17600816733700703
17700,right,-0.17604913034852313
16074,powers,-0.17616561039025205
11491,jukes,-0.17625786377645666
875,ad,-0.17651198925990044
2946,bouncing,-0.17657977332630645
20123,straightup,-0.17660240286329906
19860,stakes,-0.1766102828256955
7537,extinction,-0.17669871685597227
16324,professions,-0.17677197145370216
9062,glitches,-0.17678721137465264
8323,forever,-0.17692596500116098
17264,reloaded,-0.17694492437752823
4335,collegiate,-0.17696954278900837
7435,expansionpack,-0.1769907236314307
23525,woundedto,-0.1769907236314307
10802,informationdeveloped,-0.1769907236314307
1989,authenticwwii,-0.1769907236314307
14610,ofworld,-0.1769907236314307
19807,squadthrough,-0.1769907236314307
19018,singlehandedly,-0.1769907236314307
14686,onesoldier,-0.1769907236314307
693,abomber,-0.1769907236314307
14665,onefights,-0.1769907236314307
22959,wariis,-0.1769907236314307
10497,iisepic,-0.1769907236314307
7965,fightingon,-0.1769907236314307
21090,theindividuals,-0.1769907236314307
10667,includedcall,-0.1769907236314307
1809,assaultcall,-0.1769907236314307
1371,anddeployable,-0.1769907236314307
1787,aspart,-0.1769907236314307
419,37,-0.1769907236314307
12771,mapsand,-0.1769907236314307
19514,soundtrackproduct,-0.1769907236314307
6596,dutycall,-0.1769907236314307
13001,medalof,-0.1769907236314307
1404,andrussian,-0.1769907236314307
10495,iiproduct,-0.1769907236314307
19402,soldiersdistinct,-0.1769907236314307
6919,enable,-0.1770587469016799
12106,letting,-0.177262684967533
10104,historically,-0.17728204224740488
1789,aspects,-0.17795519225527506
8701,galaxys,-0.178011283553814
1223,allotted,-0.17835948023758685
18635,sewers,-0.17837178191115974
15429,personalized,-0.17839291534522184
12828,martian,-0.1784117935777392
17276,remains,-0.17842319258538714
12887,matchup,-0.1784287958046877
6849,elusive,-0.1785100445601098
4160,click,-0.1785227494645556
769,accomplish,-0.17862865668772138
9929,heres,-0.17862971005160985
18980,simplified,-0.1786539026482908
21999,tyrant,-0.17888239771499567
9398,groups,-0.1791116252653692
15813,pleasantly,-0.17914601890185194
20687,tacklers,-0.17924053097959586
19662,sphere,-0.1792786507889893
19399,soldier,-0.17928122307574154
4804,conversation,-0.17945368379047652
9635,handsproduct,-0.17945368379047652
16452,ps,-0.17972831044518134
8127,flat,-0.17974589873494803
489,4x,-0.17977643436585403
1215,allimportant,-0.17996060743722153
23222,whip,-0.18007266164544244
1350,analog,-0.18024743384035147
16604,puzzlesolving,-0.1802614199701934
20784,tapping,-0.1804190580822714
21862,try,-0.18048678014344646
16205,pressure,-0.18048765064267785
10881,initially,-0.18049416070080293
1552,apocalypse,-0.18052559064749352
19094,skillbased,-0.18065433108524406
7848,featuring,-0.18073018186225004
22700,victories,-0.18080855715774616
12476,lowest,-0.18090435190187099
9435,guarantee,-0.18092272803353374
3707,celeste,-0.18127814719648686
11605,keepsake,-0.18127814719648686
1236,alltime,-0.1813018074089074
4952,counterparts,-0.18143704645285116
3572,carryatunes,-0.18150085544841402
18180,sarges,-0.18188600158454546
5877,detract,-0.18200315417049256
17565,returning,-0.18209541169324722
6072,discipline,-0.1825822461668697
11387,jetpack,-0.1828337702346491
20225,structures,-0.18355630420911362
6374,dozens,-0.1836538333278002
6027,directional,-0.18395292306923686
3664,caught,-0.18399424351943688
21712,traverse,-0.18403460831371204
20600,swimming,-0.18410908647481564
1655,arcs,-0.18456518407690056
6234,doc,-0.18473405623044115
19135,skyscrapers,-0.18503334836649624
11283,jab,-0.18505348395876475
5472,daytime,-0.18520769475855722
18835,shotguntoting,-0.18529473225928503
19263,smacktalking,-0.18529473225928503
3421,campbell,-0.18529473225928503
19811,squarejawed,-0.18529473225928503
5264,cultclassic,-0.18529473225928503
11550,kandarian,-0.18529473225928503
19659,spew,-0.18529473225928503
14891,outdoor,-0.18533125530497885
5483,dc,-0.18548525389251116
2449,behindthefielder,-0.18555682966857287
18032,ruth,-0.18555682966857287
20327,substitutions,-0.18555682966857287
1679,argues,-0.18555682966857287
8082,fives,-0.18555682966857287
2100,babe,-0.18555682966857287
14896,outfielders,-0.18555682966857287
12942,mays,-0.18555682966857287
20899,ted,-0.18555682966857287
12883,matching,-0.18569991554390006
16899,ray,-0.18570347611257287
5775,depths,-0.18578829976395486
18982,simply,-0.185797579701687
13606,mother,-0.18593266488574955
13469,moh,-0.18616879677787396
9779,head,-0.1862623400555743
13757,multiobjective,-0.18637773456917422
22632,venezuela,-0.18637773456917422
13092,mercenarys,-0.18637773456917422
13123,messes,-0.18637773456917422
1537,anyones,-0.18637773456917422
5046,crap,-0.18637773456917422
14677,oneoff,-0.18637773456917422
22633,venezuelas,-0.18637773456917422
5244,crystals,-0.18640264918203064
17070,recruiting,-0.18672940253750187
11360,jeeps,-0.18727078739115277
492,500,-0.18727609916487847
16067,powerhungry,-0.1874919647991192
16061,powered,-0.18789909421143478
18221,says,-0.1879512525278473
517,56k,-0.18795425810101932
15598,pinpoint,-0.1880066101041186
20896,techs,-0.18802132410820557
4090,civs,-0.18802132410820557
14728,onward,-0.18810961434511558
19924,starship,-0.18823258553873254
17619,revolve,-0.18841018422614692
16576,pursued,-0.18868482231244207
17226,relationships,-0.18884857834386268
4020,chunks,-0.1892565751903975
12973,meaning,-0.18934339679484777
22188,unforgettable,-0.18938943118028517
19651,spellcasters,-0.18962533202681975
23217,whilenew,-0.18962533202681975
20832,taylor,-0.18962533202681975
8360,forthe,-0.18962533202681975
3899,chedianyour,-0.18962533202681975
3897,chedian,-0.18962533202681975
3898,chedianagainst,-0.18962533202681975
433,3dproduct,-0.18962533202681975
18775,shipwrecked,-0.18962533202681975
21063,thebloodthirsty,-0.18962533202681975
687,abilitieswindows,-0.18962533202681975
22649,verhoffin,-0.18962533202681975
972,adventurecompletely,-0.18962533202681975
21352,tim,-0.1901011946488247
20711,tailback,-0.19056893370380762
4798,controversy,-0.1906339664032873
23274,wield,-0.1907910418926536
4837,coop,-0.1909114206768835
4958,counterterrorist,-0.19097237859583158
8066,fishing,-0.191314038762865
1103,aicontrolled,-0.19134236265644966
9186,gotham,-0.19148031215971742
6839,elise,-0.1916147158206888
4647,connected,-0.19170897351935112
7936,fidelity,-0.19175179648737709
3486,captivating,-0.19194277409169816
9532,habitats,-0.19197684047523975
17383,represent,-0.1920275353423146
19752,spots,-0.19207848754798026
5082,create,-0.19211776576450498
6742,edo,-0.1923531075936849
21525,tornadoes,-0.1923531075936849
21817,troopbattle,-0.1923531075936849
12931,maxing,-0.1923531075936849
869,actorsamurai,-0.1923531075936849
16525,pummeling,-0.1923531075936849
16776,raiders,-0.19241034315448452
17989,ruling,-0.19268303105488127
17938,row,-0.1927394269907282
13150,metropolis,-0.1927642767422535
8072,fist,-0.1927859870822503
17638,rewritten,-0.19313000407374822
7345,example,-0.19314106549703855
12764,mapping,-0.19314106990803703
23455,work,-0.1933466827043449
19858,stake,-0.19375547466440862
13394,mix,-0.19393405117067672
23698,york,-0.19398476964240335
22658,versus,-0.1940033187600805
4121,classic,-0.19483647894123768
6817,elementary,-0.19512213930159855
9235,grandmaster,-0.19519653147228122
4822,convoy,-0.1952836136667948
7334,ex,-0.19534288898434532
4166,cliffhanger,-0.19549329232890453
14565,offers,-0.19556377003953776
11469,jrr,-0.19558115684433142
1783,asks,-0.19558306231293965
17998,runabout,-0.19570549184741315
18727,shenanigans,-0.19570549184741315
992,advisable,-0.19570549184741315
12969,meander,-0.19570549184741315
18071,sacrosanctyou,-0.19570549184741315
19434,somber,-0.19570549184741315
12385,londonand,-0.19570549184741315
13346,misadventures,-0.19570549184741315
11290,jackedup,-0.19570549184741315
4073,cityscapes,-0.19570549184741315
10041,highres,-0.19570549184741315
18923,sidewalks,-0.19570549184741315
6128,dispel,-0.19570549184741315
1717,aroundnew,-0.19570549184741315
15322,pegging,-0.19570549184741315
15713,plateglass,-0.19570549184741315
15880,pogo,-0.19570549184741315
13317,miniroutes,-0.19570549184741315
10320,howeverthere,-0.19570549184741315
8,console_PC & Mac,-0.1957640433927609
11876,lands,-0.19577360409058778
16790,rainbows,-0.19588002089418155
18815,short,-0.19600086780548823
2812,bob,-0.1961356242175516
15413,persistent,-0.1961413476170178
7474,explains,-0.19653739818034177
22823,voice,-0.1967069562214662
16843,rankings,-0.1967771706150835
8106,flamethrower,-0.19688508148124845
3521,cards,-0.19699356779808802
1987,authenticity,-0.19767815096419664
12174,lifesimulation,-0.19774615575470794
6805,electricity,-0.19774738346708498
1560,apparel,-0.19797230916067707
21776,trigger,-0.19902041496693634
15752,played,-0.19928066491401958
22354,upc010086690019,-0.19932150888223213
14240,no69001,-0.19932150888223213
18838,shoulder,-0.1994746683490266
22043,ultrarealistic,-0.19959864409974473
22291,unreal,-0.19983546429983592
5969,difficult,-0.19985935852247227
15229,pastime,-0.19999360949170786
15419,personal,-0.20039832313198527
3426,campus,-0.20043600736411993
3226,bulletproof,-0.20055321785649086
15063,pageantry,-0.20113234507571792
11942,later,-0.20120740506726026
23516,worthless,-0.20143681165905256
14866,otto,-0.20152378798569973
4500,competing,-0.2017934519625
23236,white,-0.2018860238758996
8720,gamebreaking,-0.20189733916115876
7392,exercises,-0.2019102492435607
16309,produced,-0.20229082666042192
16375,promotions,-0.20266989437915925
20039,stimulating,-0.20313375473843884
8452,frazier,-0.20352473356656597
7876,felix,-0.20352473356656597
12078,lennox,-0.20352473356656597
4744,contest,-0.20364140773484984
1708,armory,-0.20410824734222932
11873,landmarks,-0.20413805895717335
5443,dastardly,-0.20418922570770875
17983,ruins,-0.20429724375931582
7409,exiled,-0.20446453934990336
5358,da,-0.20492846311060864
13002,medals,-0.2050535796267746
22574,vast,-0.20508502820653815
10597,implications,-0.2055705329324036
23657,yard,-0.20566015745458524
12560,m1,-0.2058751501903985
21369,timeline,-0.20601055256093095
2255,barren,-0.20606305036939246
20740,talents,-0.20630093188706516
17057,recover,-0.2063668210869588
3877,chataccessory,-0.20675625962666977
2383,beat,-0.20706537985206003
14621,older,-0.20732029533706256
11169,invisible,-0.20758256218869675
1612,aquatics,-0.2079583119370243
23135,weightlifting,-0.2079583119370243
3682,cb,-0.20796875890154218
8641,furniture,-0.20798351611299276
7793,favor,-0.20809657596720038
6832,eliminate,-0.20822760662523856
17839,rods,-0.20838858130011043
811,acquired,-0.20847275953642225
5621,defeats,-0.20864270736209103
6382,draft,-0.2086978016213544
16139,prefer,-0.20888590594641732
9012,giraffes,-0.2089546296736388
21982,tycoonstyle,-0.2089546296736388
13762,multiplatinum,-0.2089546296736388
13070,menagerie,-0.2089546296736388
5430,darkness,-0.20905256755369908
1081,ago,-0.20943416557888225
22719,view,-0.20970020883554244
17468,resolve,-0.21017692602455454
15052,pad,-0.21044599310842477
22701,victorious,-0.2105959027346176
19073,skateboarding,-0.21088389134949545
15204,party,-0.2109051422329829
11378,jerk,-0.2110512712970465
15682,planet,-0.21108484506098477
11431,join,-0.21131591471296526
11276,iv,-0.21134576753268908
13455,modifications,-0.21143213947592646
9184,got,-0.2117354405234244
8918,genreactionadventure,-0.21190299788873057
12705,managing,-0.21218999674771868
6947,end,-0.2122020871016651
1110,aim,-0.212532013897168
4334,college,-0.2128089768459005
22005,uac,-0.21293799821543563
16906,raze,-0.21312380266859118
2610,biomods,-0.21313311892081255
2682,blast,-0.21326313274594755
9736,hated,-0.21353147324435712
1474,anniversary,-0.21357364669983606
20192,strike,-0.2138160940099598
15503,photo,-0.21382508593202826
7448,expedition,-0.21387759076695634
12863,master,-0.2140240389856579
10387,hunting,-0.21414164062952384
17343,repeat,-0.21427867439149786
8580,fulfill,-0.21435406315678313
13631,motorcycles,-0.21479569314300745
20304,submachine,-0.21489579757792446
22412,uppercut,-0.21506074261088168
21784,trinidad,-0.21506074261088168
17117,ref,-0.21506074261088168
6003,dingy,-0.21506074261088168
20044,stinging,-0.21506074261088168
15255,patrol,-0.21521202976088624
6416,drama,-0.21535882292759753
23700,yorks,-0.21573189129808426
22344,unwittingly,-0.2158420564120013
1341,amuro,-0.2158420564120013
2461,beleaguered,-0.2158420564120013
20,0079,-0.2158420564120013
20196,striking,-0.21594886843751065
19959,status,-0.21615084764175507
12377,logo,-0.21637440571313177
19460,sophia,-0.21709616148697514
15244,paths,-0.21736210705216608
4962,countries,-0.21765557369337296
17851,roleplaying,-0.21767132786782717
7605,faces,-0.21768776495340925
17488,response,-0.21798086402023123
14352,note,-0.21800399283736321
14884,outcome,-0.2181972300701241
3913,chemistry,-0.21855688479881252
9566,hall,-0.21871782224348618
10986,integral,-0.21887985765958445
10496,iis,-0.2189954632854663
18033,ruthless,-0.21907812281088032
11652,kick,-0.21929669539603158
1885,ati,-0.21953950478723405
4748,contests,-0.2196954630888316
20768,tanks,-0.21985311838323235
11719,kitten,-0.2199716206815019
17897,rose,-0.2201089228036074
20329,subtasks,-0.22027628334524707
16772,raidanddestroy,-0.22027628334524707
17390,reprisal,-0.22027628334524707
8543,frontal,-0.22027628334524707
18506,seizeanddestroy,-0.22027628334524707
3459,capability,-0.2207175331655342
13528,monthly,-0.22079774154921636
14893,outer,-0.22088475047940023
13970,naval,-0.22116011653222656
1315,american,-0.22145349662584515
12243,linear,-0.22147366703009375
21819,troops,-0.22150298559567616
18499,sees,-0.22176611249546072
7621,faction,-0.22216152405884523
12610,madmen,-0.22216753650275126
14821,organizations,-0.22216753650275126
359,2gb,-0.22216753650275126
19255,slums,-0.22216753650275126
21107,theme,-0.2223489297525249
20524,survivalhorror,-0.22341312714757292
8333,forgive,-0.2236657552765434
14560,offer,-0.2237574886072111
23105,weaving,-0.2237709993429095
4022,church,-0.22377774343601292
20981,terribly,-0.22389732211881266
3493,captures,-0.22395803845048565
10690,increase,-0.22398899997004892
21251,thrill,-0.22410777109839378
20728,takes,-0.22498833060102216
19062,sixth,-0.22558312865688032
20349,success,-0.22588838168910352
23443,woods,-0.22632734184716316
8729,gameface,-0.2263503512438061
6270,dollars,-0.22653464294750975
4533,compose,-0.22687607574603405
17987,rules,-0.2269791611275063
18565,separatists,-0.2276029857870061
23692,yoda,-0.2276029857870061
8365,fortresses,-0.2276169505231062
13136,meters,-0.2276169505231062
18873,shrouded,-0.22765102720500627
2541,betrayed,-0.22772926953813427
11861,lan,-0.22783656253162507
8771,gamespot,-0.22831385514166175
587,79,-0.22865742296338812
3678,caverns,-0.22934776910094223
21110,themes,-0.22944734871953962
22252,unlikeliest,-0.22967639223529618
6334,doublecrosses,-0.22967639223529618
18660,shady,-0.22967639223529618
4066,citybuilding,-0.23002139224695886
6081,discover,-0.23006131447256678
2104,baby,-0.23025638723671923
6207,divine,-0.23031843857321127
6025,directing,-0.2304782911076647
341,256mb,-0.2309369945517885
21047,thats,-0.2310380872175729
19009,sing,-0.23118506299914166
850,actionshooter,-0.23118696451426618
23119,week,-0.23123086441416327
23318,winch,-0.23170350085697486
5943,didnt,-0.23172095736320975
3585,carthage,-0.23208176104293754
3143,brothers,-0.23213313537155536
1062,agent,-0.23258508087068996
6255,dogfight,-0.23261399548068445
17253,religion,-0.23301132854293294
19995,steeringwheel,-0.23331403442788676
20578,sweats,-0.23331403442788676
221,1975,-0.23331403442788676
21841,truckers,-0.23331403442788676
188,18wheel,-0.23331403442788676
2697,bleat,-0.23331403442788676
16976,reason,-0.23358428646181725
786,accuracy,-0.23376023576124386
19044,sith,-0.23398098404419282
23349,wins,-0.23400024985418516
20485,supreme,-0.23400335401825909
9915,henderson,-0.23418197946577188
12570,m4,-0.23418197946577188
3502,carbines,-0.23418197946577188
20788,tarawa,-0.23418197946577188
1687,arisaka,-0.23418197946577188
4645,conlin,-0.23418197946577188
1802,assassin,-0.23428528329612044
11720,kittens,-0.23450737324341256
2727,blitzkrieg,-0.23466623445659723
15213,passed,-0.2349621541353832
17882,roof,-0.23530915712013867
19398,sold,-0.2353242615797559
7463,experiment,-0.23559525024387204
20837,td6,-0.23604985554330857
14360,notice,-0.2360712008363765
8466,freedoms,-0.23655224495857852
18521,selfsacrifice,-0.23655224495857852
6886,emmy,-0.23656031691656487
17435,researched,-0.23684947709236084
21855,trust,-0.23714849727488585
22830,void,-0.23761766798974587
3099,brilliant,-0.23771042903892328
12628,magics,-0.2378179762427822
21219,thousands,-0.23812451773293694
5001,covering,-0.23877159078604973
17991,rumble,-0.23884860151366655
4226,clue,-0.23889338604224655
12701,manager,-0.23929567107609245
21669,transform,-0.2399502177586397
6030,directive,-0.24050379379409892
3037,breached,-0.24051854805307704
12715,maneuverable,-0.24051854805307704
18398,scuttling,-0.24051854805307704
10217,hop,-0.24091107112117136
16193,president,-0.2409297546511058
22102,uncovering,-0.2413858818863905
4771,contract,-0.24145987943618247
21330,tigger,-0.24155292166088355
8896,generations,-0.24160899380529696
19556,spaceships,-0.24198798930332927
12412,looks,-0.24204044725019178
13380,mistake,-0.24219087374219125
3586,cartman,-0.24306219836947565
5958,differ,-0.2437240012514277
5130,crew,-0.24419114274830123
9023,gives,-0.24419942898213368
16073,powerpc,-0.2447835323552507
8718,gamebased,-0.2449178607578856
22785,visited,-0.24495175842695038
19794,spyros,-0.2451304239625149
3173,bubble,-0.2451304239625149
6390,dragonbreath,-0.2451304239625149
13512,monsoons,-0.2451304239625149
22055,umpire,-0.245415326606159
13079,mentor,-0.24542627512294646
7108,entire,-0.24544706247300066
6026,direction,-0.24585246059005322
1138,airports,-0.24628084243170478
16587,pushing,-0.24630598226102648
12719,manhattan,-0.24700190684650133
18561,separately,-0.2470279632452428
23835,zoos,-0.24708825382273347
13099,mere,-0.24713054712436344
14775,ops,-0.2481818369294172
7675,fame,-0.24840052141202987
16916,reach,-0.24840255367870023
19317,sneak,-0.24850021275939896
12308,lives,-0.2490175587317675
6804,electric,-0.24919829532873153
11522,just,-0.24962609921205123
23691,yo,-0.24993455813783702
2637,bit,-0.25005420604419487
2689,blaze,-0.250435851014533
12001,leadership,-0.25044061195998174
657,99,-0.2513284698818494
11793,krusty,-0.2513284698818494
2803,boards,-0.25144660443034317
3627,casual,-0.2515865087392054
23335,winged,-0.252313962907807
4728,contact,-0.2523924924034515
16276,private,-0.2524451681277687
6970,ends,-0.252600709863859
12351,locked,-0.25289704869963187
15038,packaging,-0.2529123527735228
146,15000,-0.2529123527735228
11954,launch,-0.2530055696095657
607,8500,-0.25311035948678506
10665,include,-0.25365774120878565
14521,ock,-0.2541978674589737
5560,decide,-0.25437967172888615
22537,vampires,-0.25438236109490325
2810,boats,-0.2545107534618906
2436,begun,-0.2551455871629195
283,2006,-0.2552382271499438
14111,neverending,-0.25592932465993634
2965,bows,-0.25592932465993634
2524,bestiary,-0.25592932465993634
19847,staffs,-0.25592932465993634
22983,warriormage,-0.25592932465993634
18179,sareth,-0.25592932465993634
14544,ofactionrpg,-0.25592932465993634
22235,universes,-0.25592932465993634
21645,trainedin,-0.25592932465993634
7833,featurescuttingedge,-0.25592932465993634
14949,over30,-0.25592932465993634
2818,bodyawareness,-0.25592932465993634
11270,itsheartpounding,-0.25592932465993634
5367,daggers,-0.25592932465993634
16806,ram,-0.25646016320542114
13326,minor,-0.2564893463781319
19071,skate,-0.2565814373549961
14807,orcs,-0.25679776944953103
16208,prestige,-0.25695183344303946
7657,faithful,-0.2569893243499099
18792,shoes,-0.25703098280782233
5062,crave,-0.2573581276004007
18712,sheet,-0.25764754770688714
7,console_Nintendo Wii,-0.2580303192776161
17564,returnedthe,-0.2581121709305343
17610,revolted,-0.2581121709305343
19166,slaves,-0.2581121709305343
2345,battlestar,-0.2581121709305343
3479,caprica,-0.2581121709305343
8693,galactica,-0.2581121709305343
1402,android,-0.2581121709305343
1181,ali,-0.2587823316847681
10348,hulking,-0.25924897082060816
12547,luxurious,-0.25943891758504134
5881,deus,-0.2601731253581287
8379,fought,-0.26019005681911833
245,19thcentury,-0.2603705774470908
21059,thebattle,-0.2603705774470908
181,1815,-0.2603705774470908
5756,depicting,-0.2603705774470908
15805,playthe,-0.2603705774470908
7399,exhaustively,-0.2603705774470908
9342,greys,-0.2603705774470908
1256,alsoallows,-0.2603705774470908
18101,sainte,-0.2603705774470908
18341,scots,-0.2603705774470908
15930,pomp,-0.2603705774470908
9767,haye,-0.2603705774470908
1411,andspeculative,-0.2603705774470908
2338,battleobjectives,-0.2603705774470908
3878,chateau,-0.2603705774470908
15671,plancenoit,-0.2603705774470908
11864,lancers,-0.2603705774470908
10295,hougoumont,-0.2603705774470908
23162,wellingtons,-0.2603705774470908
13923,napoleonic,-0.2603705774470908
22244,unleashed,-0.2608013779865242
11633,keyboard,-0.26097540302121114
15108,pals,-0.2610454018463334
12747,mantis,-0.2610718874577335
22248,unleashing,-0.2613197476333612
21278,throw,-0.26133778328104335
17942,royal,-0.2614689244316393
15478,phases,-0.2621904846493077
14927,outrageously,-0.26244704316675455
2105,babylon,-0.2625963098790642
9,console_PlayStation,-0.2631976477051385
7867,feels,-0.2632597265161979
2543,better,-0.26354832093520403
18312,scion,-0.2639568412950087
12380,lois,-0.26410113780569916
12544,luthors,-0.26410113780569916
11796,kryptonite,-0.26410113780569916
12543,luthor,-0.26410113780569916
9846,heavyweight,-0.2648026998796606
23357,wipe,-0.2649621484778591
6439,dreamcasts,-0.26526000387026144
13191,middle,-0.2652898527133031
18533,semilinear,-0.26543761615383715
8538,frodos,-0.26543761615383715
5796,descriptions,-0.26543761615383715
17027,reclaiming,-0.26543761615383715
12446,lotus,-0.2664805990890577
14337,northwest,-0.2676287914258088
19882,stand,-0.2684829689671188
5091,createaplay,-0.2687065892519551
21637,trail,-0.2687795008668867
9323,greece,-0.26881188845811577
1239,alluring,-0.26893878032950763
22322,unsung,-0.2690210620619978
11880,lane,-0.26902685180782915
10772,infinite,-0.26907442651685626
22222,unit,-0.26913927699148527
14035,needs,-0.26914473639624437
3207,bugs,-0.2697091417033809
11996,leader,-0.26995051170545314
3306,buttons,-0.2704376196584473
17042,recon,-0.2705324981514777
4077,civ,-0.2706897996819347
8612,function,-0.2714249579119288
12004,league,-0.27165913535237024
3708,celestes,-0.2719172278203658
6401,dragonvale,-0.2719172278203658
790,accused,-0.2720690733043362
5021,cpu,-0.27242502392702117
17272,remain,-0.27249362611434524
11981,layer,-0.2726557995758704
20762,tan,-0.2728290240866543
20462,superstar,-0.2728435241079077
9178,gorgeous,-0.27386258433269306
15079,paintings,-0.2743686378297156
454,40,-0.27455945730314585
19448,sonics,-0.274895716431123
6773,egypt,-0.27502595368250377
2779,blue,-0.2750277444853863
311,21,-0.27512177730060194
591,800,-0.2751511658380257
10106,history,-0.2753883004587598
3597,carve,-0.2758490499139544
13032,meiers,-0.2768060656426712
1875,athens,-0.277277735488492
22535,vampire,-0.2775920565228617
8158,flexible,-0.27772924956938577
5466,day,-0.27811520401063483
21184,thinking,-0.2783303363938751
9518,gutwrenching,-0.278937603055602
18238,scanned,-0.2789928167010177
17278,remarkable,-0.2789983585921997
14114,new,-0.27928142969689795
20935,temple,-0.27946306610560206
23734,youre,-0.27983663038226503
12856,mass,-0.2798388540314138
20141,strategically,-0.280850706416732
12006,leagues,-0.28102343507794136
12430,lords,-0.2813912035380999
5787,descend,-0.282125306030607
16796,raises,-0.28240230907839037
3535,cargo,-0.2826202140399371
15895,points,-0.2828094769254954
13067,menace,-0.28283314161014744
23472,worldclass,-0.28293882185019387
15629,pitcher,-0.2834664133966037
13407,mlb,-0.2836687177958498
1954,atvs,-0.28537020545654046
12176,lifestyle,-0.28618297345381094
9041,glamorous,-0.28640335157745006
1214,allies,-0.28656905305075014
14351,notch,-0.28672187007106914
16834,range,-0.28776229286253835
19014,single,-0.2878426894133002
4061,citizens,-0.2878740849192487
5424,dark,-0.2879039872335991
5512,deals,-0.2879169650026026
5551,deceit,-0.2879964492325071
16313,production,-0.28823882864888106
10735,indulge,-0.2884221063789106
10175,homeland,-0.2898245205725951
12631,maginary,-0.2904771005252627
23226,whirl,-0.2904771005252627
23250,wholl,-0.2904771005252627
10513,illumina,-0.2904771005252627
7796,favorite,-0.2910968002045464
18463,secretly,-0.2912284916776857
22756,vindication,-0.2913497852763929
6289,dominion,-0.29182034334282597
7522,extend,-0.29244948095348267
16662,questions,-0.2928151889307831
23547,wrestler,-0.29316245150355996
9526,gymnastics,-0.2934537120902286
16685,quintessential,-0.2939988757697143
13651,mounts,-0.2941230412878265
871,actual,-0.29422028438978437
6435,dreadful,-0.29567246643172396
12698,manage,-0.29602022569836456
15297,peaceful,-0.2962303563100584
19029,sinister,-0.29659947386628793
14697,ongoing,-0.2966785547127977
1457,animation,-0.29672658176006533
11848,lairs,-0.2968733605910044
20577,sweat,-0.2975806571710646
10470,ids,-0.2979695454892611
87,1036,-0.2979695454892611
4857,copilot,-0.2980650515294245
20042,stinger,-0.29820800979394396
14467,obliterate,-0.29855161284520926
3529,careful,-0.29907109563424117
334,25,-0.2995181771767545
10728,individuals,-0.30194126490127016
21426,title,-0.30221311845214227
17382,repossess,-0.302277222762664
5451,dates,-0.3025232247953948
12674,making,-0.30303942150345414
22051,umbrellas,-0.3031576202629922
11413,joanna,-0.30351650263572405
19053,sixaxis,-0.30425053903007965
5217,cruise,-0.3043497211141053
11706,kings,-0.3053932053145173
16312,product,-0.30552275834753195
9731,hat,-0.3055230928717965
20387,suits,-0.3057638113763282
5485,dcor,-0.30612228777958517
13053,members,-0.3061481774161521
22866,voyager,-0.3064734588259464
13887,n64,-0.3065762408950295
14144,nfl,-0.307147681148219
8520,friends,-0.3078798414023919
2488,belt,-0.3080302567445759
8871,geforce,-0.3084567283961474
9403,growing,-0.3090403950382276
1736,art,-0.31006590576654586
8983,ghoul,-0.310259042759338
21531,torr,-0.310259042759338
5629,defending,-0.3108374558947051
579,76,-0.31133304708867743
10229,horde,-0.3122363598477515
15747,playbooks,-0.313879978943722
6811,elegant,-0.31416036963715466
15913,polish,-0.3143246776748689
18261,scenario,-0.31435347717355794
10781,influence,-0.3153512769376898
17086,redesign,-0.31584929779873433
5959,difference,-0.31657820485720944
2784,blunder,-0.3167560411747239
3977,choices,-0.3168820903103229
1029,aficionado,-0.3172458085730827
3571,carryatune,-0.31762649507737833
6423,draw,-0.3181723549144799
15882,point,-0.3187982147995102
7708,fans,-0.31897013854010836
7857,fee,-0.3193551449677707
18784,shock,-0.31949942537348974
22869,vram,-0.31956927344471253
6250,does,-0.32011805615060834
7329,evolve,-0.321026366921409
1430,angel,-0.3210630015515555
17294,remix,-0.32147093459866566
548,65,-0.32160851915443184
9038,gladly,-0.3219719348396278
23346,winnie,-0.32207057773117037
19969,steal,-0.32290353957602125
4705,conspiracy,-0.3242201158349208
6636,e3,-0.3244463368459778
8609,fun,-0.32469762461042584
20463,superstars,-0.32628105240723193
8407,fox,-0.326356278712171
15295,pda,-0.32652501317631394
2741,blocking,-0.3276473165557249
19670,spiderman,-0.32795749292910364
2401,bedroom,-0.3282807334906859
491,50,-0.3283219220567196
16788,rain,-0.32870249106807437
8951,german,-0.328704391341517
19005,simultaneously,-0.3288066724899692
18902,sid,-0.3293759087936347
7812,fearless,-0.3300256846828574
2037,avoid,-0.33062207365477936
19601,spears,-0.3306847861929289
2137,backup,-0.3306847861929289
17150,regain,-0.33080994131274244
19757,sprawling,-0.3313972157671462
3055,breath,-0.3324114143918477
2083,aziraal,-0.3328182869220946
16317,products,-0.33353546706306325
18702,shattered,-0.333982215619663
23257,whos,-0.33404821780616956
15174,parks,-0.33405427533317944
1018,affect,-0.33433987070488985
21987,type,-0.3344744784806561
2219,bankruptcy,-0.33457698936008157
7609,facetwisting,-0.33457698936008157
18438,seated,-0.33457698936008157
21386,timesyoure,-0.33457698936008157
18917,sideshows,-0.33457698936008157
18649,shadowbane,-0.3346835465710568
10236,horoscopes,-0.3350338627779738
22665,vessel,-0.33533021883992464
19925,starships,-0.33585088011656666
11426,john,-0.33594348217726405
4419,command,-0.335980075517988
20132,stranger,-0.3364527891457819
12545,luv,-0.3369403056575778
3932,chi,-0.33817796049258475
5568,decision,-0.3384497135475843
16674,quickly,-0.33879811778300234
18354,scrabble,-0.3392523054694976
9630,hands,-0.3394259680329716
7262,european,-0.33976418155342114
5,console_Nintendo 64,-0.3406707807617373
10223,hopes,-0.34184452806703347
7747,fashionable,-0.3424451270689065
20290,suave,-0.3424451270689065
15931,pompeii,-0.34298612551788843
11225,ishtar,-0.34298612551788843
20503,surprise,-0.3432833073177062
8144,fleet,-0.3447064158893801
12149,license,-0.3447616082737164
21905,turnbased,-0.345133485339626
177,18,-0.34557770708299784
12862,massively,-0.34603265404916483
4651,connectivity,-0.3461450207738349
17171,regis,-0.34814790205015284
20812,tattoo,-0.3490552050406096
9477,gundam,-0.34918193428447675
19763,spreads,-0.3494540037691444
7025,enhanced,-0.34976323579934737
19202,slightly,-0.349873428774259
21562,tougher,-0.3498786583959259
12298,little,-0.3499213206017342
12818,mars,-0.3499566548626676
7942,fielding,-0.3500611688108351
11808,kyoto,-0.35014123429983146
8105,flames,-0.35091668939044396
17401,republic,-0.3524211635996795
21328,tiger,-0.3530769627568017
2800,board,-0.3533288011940475
3401,camelot,-0.3534924818964636
4062,citizensoldiers,-0.3539814472628614
9903,helpedshape,-0.3539814472628614
1813,assaults,-0.35438178296896367
9160,good,-0.35448534595855374
2973,boxing,-0.35473128547037647
10264,hospital,-0.35484046950363646
1454,animated,-0.3563347698377218
16045,pound,-0.35643862645095353
8018,fingertips,-0.3575574349212097
14788,options,-0.3576232559129301
4346,colonial,-0.3580656339835131
17734,rip,-0.35846994619448075
13513,monster,-0.35909192969120973
22446,use,-0.35955088121406825
17008,receive,-0.3605883675520756
5480,dazzling,-0.361043931978804
6004,dining,-0.36185528535015876
8341,formalwear,-0.36185528535015876
9206,gowns,-0.36185528535015876
2612,biorhythms,-0.36197065167607345
369,2k6,-0.36197531614977846
13685,movies,-0.36227710208245806
12770,maps,-0.3623263339410886
13066,men,-0.36281207610494165
14451,obiwan,-0.36605303964474556
22242,unlease,-0.36606241962219105
4327,collection,-0.3661822587630674
11620,kenobi,-0.36785133897066574
21486,tons,-0.36813187764583116
3008,branching,-0.3689663369384273
11743,knockout,-0.3699014209920753
12755,manufacturer,-0.37001555028989797
3711,cellar,-0.37058946451857006
14026,necronomicon,-0.37058946451857006
8237,foe,-0.37082429797853483
9311,greatest,-0.371660652322445
19136,skywalker,-0.37179772288934426
43,06,-0.3719005587918918
8406,fowl,-0.3724771548314698
23336,winging,-0.3724771548314698
15574,piling,-0.3724771548314698
4225,cluckers,-0.3724771548314698
3649,catchy,-0.3724771548314698
6172,distressed,-0.3724771548314698
7729,farmer,-0.3724771548314698
22533,valve,-0.37262936980128686
9542,hail,-0.3730797889749591
11038,interface,-0.3747756004828432
2864,bonejarring,-0.3749867840082291
23800,zero,-0.3752454853369498
7362,exchange,-0.3756304679447234
268,2001,-0.37594149190492565
7596,face,-0.3764480783718103
15284,pays,-0.3770099613410059
15633,pitching,-0.37787648076802455
15709,plastic,-0.3783864650886205
23820,zombieinfested,-0.3790037713184984
17997,run,-0.3792044573833126
14184,nightwalkers,-0.3794071006079534
21138,therebecause,-0.3794071006079534
6723,eden,-0.38365720797273767
20823,tax,-0.3850981616614087
3621,castles,-0.3855388196970147
5828,destination,-0.3856661234230777
9309,great,-0.3858420979638203
6598,dvd,-0.3874638840452113
8977,ghost,-0.3879026734432937
22259,unlocked,-0.388505290862371
23796,zeon,-0.38863152551320745
19401,soldiers,-0.3888494494122824
74,100m,-0.3889151569159071
15173,parking,-0.39148606151496396
18011,running,-0.39340026615228285
16925,reactive,-0.3935302325038817
12212,like,-0.39428368928974455
22691,vicious,-0.39472569311809086
1349,anakin,-0.39541717853237374
4589,concert,-0.39544802119221767
14844,orphen,-0.39563336656853687
19444,songs,-0.39786316528261795
15755,player,-0.39797772226255285
4114,clash,-0.39824981469422077
6691,easytouse,-0.39871599200590707
1472,annihilation,-0.3988514082590283
1125,aircraft,-0.39983535976518886
889,add,-0.4024906116579756
12580,mace,-0.40307788618239815
23330,windu,-0.40307788618239815
15270,pawn,-0.40494589330910036
10933,insidious,-0.4050015955503172
16982,reassembling,-0.4059239435126632
1915,attacks,-0.406773568641823
18812,shops,-0.4083723317913398
12578,mac,-0.4095793131411559
5799,deserts,-0.4095818493263371
12582,macgavin,-0.41017414908400535
1525,antiumbrella,-0.41017414908400535
18410,seajacked,-0.41017414908400535
17889,room,-0.41050876355890753
18204,sauron,-0.4114154411312941
21468,tolkiens,-0.41333389956241673
11723,kitty,-0.413355593496739
8687,gain,-0.4145189480416446
21697,trapped,-0.41461520468548235
13298,minicamp,-0.41531708171543724
20352,successful,-0.41545172243259454
7179,er,-0.4155004858208473
5719,demolishing,-0.41554172109046245
14218,no12050,-0.41554172109046245
6918,emup,-0.41554172109046245
7080,enterprise,-0.41554172109046245
22365,upc093155120501,-0.41554172109046245
18350,scouting,-0.41696171446110153
21840,trucker,-0.4174578877333306
12041,legend,-0.4186331397431813
23362,wireless,-0.418670728249119
23280,wifi,-0.4188850501990193
7956,fight,-0.41890141458735847
11026,interactive,-0.4192220272154936
19013,singing,-0.42086565445447605
23526,woven,-0.42105960611555704
2767,blow,-0.4212165537363806
11457,journey,-0.4216121886893259
6445,dreams,-0.42179899885874333
4517,complete,-0.42368418494182764
3602,case,-0.4241181119198306
1360,ancient,-0.4258047428644178
1553,apocalypses,-0.42706294648871423
17886,rook,-0.42789870836377847
20306,submarine,-0.42817291508826383
2305,batman,-0.4294904037605409
10710,indiana,-0.42983159069674776
5617,defeat,-0.43087760388934393
8238,foes,-0.43162996952724164
11285,jaburo,-0.4316841128240026
12872,masters,-0.43176287820746767
10790,information,-0.43250085941810257
23310,williams,-0.43315346773532154
4405,comes,-0.4342779619056992
727,academy,-0.4347368429964237
13457,modified,-0.4364507364293167
10087,hire,-0.4366435055113923
12875,mat,-0.4367115966747494
5840,destroying,-0.44235646324994166
6823,elevate,-0.44392858254172823
595,800mhz,-0.4443350730055025
15145,paragon,-0.4443350730055025
3770,challenge,-0.4453679266374616
5467,daylight,-0.44699950265261995
5832,destiny,-0.4478273559134275
4399,come,-0.44915997530585194
19112,skirmish,-0.45040646328731865
6818,elements,-0.4514892970772682
10230,hordes,-0.4537295461024153
4649,connection,-0.45390954132453565
4791,controllers,-0.4559785477806524
9368,gritty,-0.45700983823099384
11831,lack,-0.4571421116669491
19565,span,-0.4575991328332354
14897,outfight,-0.45776690195276487
19525,south,-0.45856751809553375
19768,springfield,-0.45869405913496764
3724,cent,-0.45935278447059236
15958,popularity,-0.45971615206746963
20381,suit,-0.4597428114079133
21738,trek,-0.4608980251709079
20776,tao,-0.46108338076673316
7894,feng,-0.46108338076673316
21753,trials,-0.4610913446785264
19001,simulator,-0.4625365950447962
10526,image,-0.462728666029933
619,9000,-0.464030083751034
3923,chessmaster,-0.464030083751034
11384,jet,-0.46881593448800607
4621,conflict,-0.4706158899706092
4426,commanders,-0.47174386894734227
5242,crystal,-0.4747068702733231
9698,harm,-0.4749034883282692
8369,fortune,-0.4749265405992036
16453,ps2,-0.47537303801193903
13424,mode,-0.47586726897466186
13368,missionbased,-0.4762708118872217
7954,fifa,-0.477246195346566
6838,eliot,-0.4800031900658618
1888,atlantic,-0.4829970670942739
11892,lara,-0.48652062278372105
23598,x360,-0.48657572429379525
14760,opponent,-0.4871563186076889
7728,farm,-0.4873782098971484
18766,ship,-0.48812595911023354
6393,dragonfly,-0.4902608479250298
8218,fly,-0.49309249800917454
4253,coasters,-0.4951883473727352
11444,jones,-0.49704842581979114
16877,ratingrp,-0.49789830006799085
3151,bruce,-0.4987343161984671
20067,stop,-0.5002160671104984
13667,movements,-0.5003964160742493
8715,game,-0.5013751455851876
16345,progress,-0.5017451704740221
6109,disk,-0.5018560106790604
14898,outfightgangsters,-0.5019986977269302
3474,capos,-0.5019986977269302
13990,ncaa,-0.5023138841298724
22818,vocal,-0.5037343702556445
13429,modeling,-0.5049012519052184
6754,effects,-0.5056610395819517
7862,feel,-0.5061836113928482
9619,handle,-0.5065340753577414
17683,rides,-0.5082613126164875
3114,british,-0.5083176013822341
7008,engine,-0.5088498505982945
14633,olympic,-0.5107345222890771
18975,simple,-0.5128115122476874
19446,sonic,-0.5128840528304226
2433,begins,-0.5132422055938749
21055,theatre,-0.5147855997494413
4347,colonials,-0.5162243418610686
5352,cylons,-0.5162243418610686
5351,cylon,-0.5162243418610686
878,adama,-0.5162243418610686
9155,gone,-0.5165756056422541
3785,champion,-0.5192116166554245
15797,playstation,-0.5193509869526457
20054,stock,-0.5201605056828466
23027,waterloo,-0.5207411548941816
14593,ofnapoleons,-0.5207411548941816
18002,runaway,-0.5239965060697012
13088,mercenaries,-0.5253709705439452
3509,card,-0.5254504463604787
22015,uboats,-0.5265236805239645
12129,lex,-0.5282022756113983
3,console_Game Boy Color,-0.5294519759186586
7066,enslaved,-0.5299744409712938
19369,soccer,-0.5341999702629328
16940,realism,-0.5344423823613933
8484,freeroaming,-0.5348770763317403
8515,friend,-0.53490393446024
8322,forests,-0.5354099813903396
23282,wii,-0.535888066373029
12937,maybe,-0.5471125571449119
4173,climb,-0.5472509309376199
6545,dub,-0.5565077604419683
13507,monopoly,-0.5586135468381196
16774,raider,-0.558972398856113
16727,racing,-0.5612432570407522
528,60,-0.5613818954507552
15941,pooh,-0.5636234716550819
9901,help,-0.564104387566008
23668,years,-0.5673520259776461
2460,beldonian,-0.5688759824145175
23428,wonderful,-0.5695513200088624
9614,handheld,-0.5733917518073857
11534,kabuki,-0.577059364268674
16111,precioustones,-0.5809542010505254
1767,ash,-0.5817439530865461
15793,plays,-0.5832273684478069
7489,explorer,-0.5908484291472402
7174,equipment,-0.5909510099742465
15730,play,-0.5961258630780918
11286,jack,-0.5965250306355773
20534,survivor,-0.5981659108362293
1449,animals,-0.599843485246437
2520,besieged,-0.5999370628003738
20742,tales,-0.6076742444689993
15973,portable,-0.6094876304520086
1211,alliance,-0.6122991747208271
18494,seen,-0.6133855711277006
12384,london,-0.614455045125458
12897,matrix,-0.61617174709504
13765,multiplayer,-0.625120291568356
18024,russian,-0.6252032873244858
23752,youve,-0.6265535188448649
11994,lead,-0.6312208297604811
18091,saga,-0.6327544033584906
20494,surfing,-0.6385788685569037
1710,army,-0.6388332647940781
6330,double,-0.6420755796056148
12161,life,-0.6426676865777008
23052,ways,-0.6432001131669692
1723,array,-0.6439068364017602
10340,huge,-0.6469240751640417
3525,career,-0.6517860319902831
21788,triple,-0.6541025539739179
20140,strategic,-0.66894575355656
18966,simcoaster,-0.6691539787201631
16569,purple,-0.6783141288465198
7938,field,-0.6820452253533653
12441,lost,-0.6832008396728162
10974,instructions,-0.6832782216941341
6781,eighteen,-0.6837988675756881
12989,mechanical,-0.6852556390508716
951,adrian,-0.6859722510357769
23044,way,-0.6922523413857159
3115,britney,-0.6988567647189895
3116,britneys,-0.6988567647189895
5401,dancers,-0.6988567647189895
23205,wheeler,-0.6999420462296075
1169,alchemist,-0.7016704512902385
2269,baseball,-0.7024855526657562
20340,suburbia,-0.7041290842523475
19093,skill,-0.7054598320411479
9528,h30,-0.7076223703129157
20083,storiesnla,-0.7107041413796243
6939,encounters,-0.7116012905323735
20172,streets,-0.7150682409026964
21846,true,-0.71975472916636
6392,dragonflies,-0.7353912496803934
17746,ripto,-0.7353912496803934
15581,pilot,-0.7379245645072657
19625,spectacular,-0.7421591605076538
5246,csi,-0.7438403427295119
10103,historical,-0.7454625893419918
6318,dora,-0.7489882529566274
17947,rpg,-0.7597956738204912
12681,malefor,-0.76008330653365
5353,cynder,-0.76008330653365
22033,ultimate,-0.7714106330361497
20754,tamagotchi,-0.7750578077846337
9887,helix,-0.7756476370147076
15087,pal,-0.7771998842650009
13440,modern,-0.7810471771674853
4196,clone,-0.7849220664820429
1889,atlantis,-0.7901589087235033
21875,tugofwar,-0.8015231075269468
12667,maker,-0.8039784718986547
9662,happy,-0.8251557081330951
21472,tomb,-0.8264424921234813
1218,allnew,-0.8268286609927495
13973,navigate,-0.8405655745706604
12612,madnessbattle,-0.8441901101256593
14,console_Sega Dreamcast,-0.8452637104859789
13939,nascar,-0.8577693836678358
22254,unlimited,-0.8633025377155953
13416,mobile,-0.8689211422889934
23622,xmen,-0.8727784701258414
23581,wwf,-0.9194317520352003
8468,freefall,-0.9336975632826324
10742,indy,-0.9385252566920176
4221,club,-0.9647747031103174
13202,midnight,-0.9670836474644489
15,console_Super Nintendo,-0.9766414527052121
19108,skipbo,-0.9874021024673649
15626,pitch,-1.00018597009534
5884,devastating,-1.0128109162038694
15592,ping,-1.0337813507032416
5725,demonhaunted,-1.0364724262583618
427,3d,-1.1582872138004177
23827,zoo,-1.2092062181639847
21673,transformers,-1.2243857057965661
12044,legendia,-1.248906002390522
65,08,-1.5862273580613497
3922,chess,-1.6463334026815053
19793,spyro,-1.7711226528514046
22269,uno,-1.9748042049347299
